cle_triptyque_temps,chapter,Num_paragr,Num_phrase,Phrase,Sujet,Verbe,Objet,time_texte_coref,time_code_coref,time_debut_coref,time_fin_coref,time_source_coref,time_ud_governor_coref,time_texte_auto,time_code_auto,time_debut_auto,time_fin_auto,time_source_auto,time_ud_governor_auto,temps_coref,temps_auto,statut_temps
767 || 772 || 765,1,9,26,"Ce qui était certain toutefois, c' est que, depuis de longues années, Phileas Fogg n' avait pas quitté Londres.",Phileas Fogg,quitté,depuis de longues années,depuis de longues années,1862-00-00-00-00,,,objet,quitté,depuis de longues années,,,,objet,quitté,1862-00-00-00,,seulement_coref
767 || 772 || 773,1,9,26,"Ce qui était certain toutefois, c' est que, depuis de longues années, Phileas Fogg n' avait pas quitté Londres.",Phileas Fogg,quitté,Londres,depuis de longues années,1862-00-00-00-00,,,ud_direct,quitté,depuis de longues années,,,,ud_direct,quitté,1862-00-00-00,,seulement_coref
801 || 802 || 800,1,9,27,Ceux qui avaient l' honneur de le connaître un peu plus que les autres attestaient que- si ce n' est sur ce chemin direct qu' il parcourait chaque jour pour venir de sa maison au club- personne ne pouvait prétendre l' avoir jamais vu ailleurs.,il,parcourait,qu',chaque jour,1872-00-00-00-00,,,ud_direct,parcourait,chaque jour,,,,ud_direct,parcourait,1872-00-00-00,,seulement_coref
801 || 802 || 804,1,9,27,Ceux qui avaient l' honneur de le connaître un peu plus que les autres attestaient que- si ce n' est sur ce chemin direct qu' il parcourait chaque jour pour venir de sa maison au club- personne ne pouvait prétendre l' avoir jamais vu ailleurs.,il,parcourait,chaque jour,chaque jour,1872-00-00-00-00,,,objet,parcourait,chaque jour,,,,objet,parcourait,1872-00-00-00,,seulement_coref
_ || 1001 || 1003,1,10,36,"Déjeunant, dînant au club à des heures chronométriquement déterminées, dans la même salle, à la même table, ne traitant point ses collègues, n' invitant aucun étranger, il ne rentrait chez lui que pour se coucher, à minuit précis, sans jamais user de ces chambres confortables que le Reform - Club tient à la disposition des membres du cercle.",,dînant,au club,à des heures chronométriquement déterminées,1872-00-00-00-00,,,ud_direct,dînant,à des heures chronométriquement déterminées,,,,ud_direct,dînant,1872-00-00-00,,seulement_coref
_ || 1001 || 1006,1,10,36,"Déjeunant, dînant au club à des heures chronométriquement déterminées, dans la même salle, à la même table, ne traitant point ses collègues, n' invitant aucun étranger, il ne rentrait chez lui que pour se coucher, à minuit précis, sans jamais user de ces chambres confortables que le Reform - Club tient à la disposition des membres du cercle.",,dînant,à des heures,à des heures chronométriquement déterminées,1872-00-00-00-00,,,objet,dînant,à des heures chronométriquement déterminées,,,,objet,dînant,1872-00-00-00,,seulement_coref
_ || 1001 || 1013,1,10,36,"Déjeunant, dînant au club à des heures chronométriquement déterminées, dans la même salle, à la même table, ne traitant point ses collègues, n' invitant aucun étranger, il ne rentrait chez lui que pour se coucher, à minuit précis, sans jamais user de ces chambres confortables que le Reform - Club tient à la disposition des membres du cercle.",,dînant,dans la même salle,à des heures chronométriquement déterminées,1872-00-00-00-00,,,ud_direct,dînant,à des heures chronométriquement déterminées,,,,ud_direct,dînant,1872-00-00-00,,seulement_coref
_ || 1001 || 1018,1,10,36,"Déjeunant, dînant au club à des heures chronométriquement déterminées, dans la même salle, à la même table, ne traitant point ses collègues, n' invitant aucun étranger, il ne rentrait chez lui que pour se coucher, à minuit précis, sans jamais user de ces chambres confortables que le Reform - Club tient à la disposition des membres du cercle.",,dînant,à la même table,à des heures chronométriquement déterminées,1872-00-00-00-00,,,ud_direct,dînant,à des heures chronométriquement déterminées,,,,ud_direct,dînant,1872-00-00-00,,seulement_coref
1456 || 1457 || 1459,1,13,45,"Phileas Fogg, carrément assis dans son fauteuil, les deux pieds rapprochés comme ceux d' un soldat à la parade, les mains appuyées sur les genoux, le corps droit, la tête haute, regardait marcher l' aiguille de la pendule,- appareil compliqué qui indiquait les heures, les minutes, les secondes, les jours, les quantièmes et l' année.",qui,indiquait,les heures les minutes les secondes les jours les quantièmes et l'année,2 octobre,1872-10-02-00-00,,,precedent_context,donné,l' année,1872-00-00-00-00,,,objet,heures,1872-10-02-00,1872-00-00-00,temps_different
_ || 1481 || _,1,13,46,"À onze heures et demie sonnant, Mr. Fogg devait, suivant sa quotidienne habitude, quitter la maison et se rendre au Reform - Club.",,sonnant,,à onze heures et demie sonnant,1872-10-02-11-00,,,ud_scope_anchor,devait,à onze heures et demie sonnant,1872-10-02-11-30,,,ud_scope_anchor,devait,1872-10-02-11,1872-10-02-11-30,temps_different
1483 || 1485 || 1478,1,13,46,"À onze heures et demie sonnant, Mr. Fogg devait, suivant sa quotidienne habitude, quitter la maison et se rendre au Reform - Club.",Mr. Fogg,devait,À onze heures et demie,à onze heures et demie sonnant,1872-10-02-11-00,,,objet,devait,à onze heures et demie sonnant,1872-10-02-11-30,,,objet,devait,1872-10-02-11,1872-10-02-11-30,temps_different
1483 || 1485 || 1490,1,13,46,"À onze heures et demie sonnant, Mr. Fogg devait, suivant sa quotidienne habitude, quitter la maison et se rendre au Reform - Club.",Mr. Fogg,devait,sa quotidienne habitude,à onze heures et demie sonnant,1872-10-02-11-00,,,ud_direct,devait,à onze heures et demie sonnant,1872-10-02-11-30,,,ud_direct,devait,1872-10-02-11,1872-10-02-11-30,temps_different
_ || 1487 || _,1,13,46,"À onze heures et demie sonnant, Mr. Fogg devait, suivant sa quotidienne habitude, quitter la maison et se rendre au Reform - Club.",,suivant,,à onze heures et demie sonnant,1872-10-02-11-00,,,ud_scope_anchor,devait,à onze heures et demie sonnant,1872-10-02-11-30,,,ud_scope_anchor,devait,1872-10-02-11,1872-10-02-11-30,temps_different
1483 || 1492 || 1494,1,13,46,"À onze heures et demie sonnant, Mr. Fogg devait, suivant sa quotidienne habitude, quitter la maison et se rendre au Reform - Club.",Mr. Fogg,quitter,la maison,à onze heures et demie sonnant,1872-10-02-11-00,,,ud_scope_anchor,devait,à onze heures et demie sonnant,1872-10-02-11-30,,,ud_scope_anchor,devait,1872-10-02-11,1872-10-02-11-30,temps_different
1483 || 1497 || 1496,1,13,46,"À onze heures et demie sonnant, Mr. Fogg devait, suivant sa quotidienne habitude, quitter la maison et se rendre au Reform - Club.",Mr. Fogg,rendre,se,à onze heures et demie sonnant,1872-10-02-11-00,,,ud_scope_anchor,devait,à onze heures et demie sonnant,1872-10-02-11-30,,,ud_scope_anchor,devait,1872-10-02-11,1872-10-02-11-30,temps_different
1483 || 1497 || 1499,1,13,46,"À onze heures et demie sonnant, Mr. Fogg devait, suivant sa quotidienne habitude, quitter la maison et se rendre au Reform - Club.",Mr. Fogg,rendre,au Reform-Club,à onze heures et demie sonnant,1872-10-02-11-00,,,ud_scope_anchor,devait,à onze heures et demie sonnant,1872-10-02-11-30,,,ud_scope_anchor,devait,1872-10-02-11,1872-10-02-11-30,temps_different
1483 || 1497 || 1500,1,13,46,"À onze heures et demie sonnant, Mr. Fogg devait, suivant sa quotidienne habitude, quitter la maison et se rendre au Reform - Club.",Mr. Fogg,rendre,Reform-Club,à onze heures et demie sonnant,1872-10-02-11-00,,,ud_scope_anchor,devait,à onze heures et demie sonnant,1872-10-02-11-30,,,ud_scope_anchor,devait,1872-10-02-11,1872-10-02-11-30,temps_different
1483 || 1497 || 1501,1,13,46,"À onze heures et demie sonnant, Mr. Fogg devait, suivant sa quotidienne habitude, quitter la maison et se rendre au Reform - Club.",Mr. Fogg,rendre,Reform-Club,à onze heures et demie sonnant,1872-10-02-11-00,,,ud_scope_anchor,devait,à onze heures et demie sonnant,1872-10-02-11-30,,,ud_scope_anchor,devait,1872-10-02-11,1872-10-02-11-30,temps_different
1507 || 1508 || 1505,1,14,47,"En ce moment, on frappa à la porte du petit salon Dans lequel se tenait Phileas Fogg.",on,frappa,En ce moment,en ce moment,1872-10-02-11-00,,,objet,frappa,en ce moment,1872-10-02-11-30,,,objet,frappa,1872-10-02-11,1872-10-02-11-30,temps_different
1507 || 1508 || 1511,1,14,47,"En ce moment, on frappa à la porte du petit salon Dans lequel se tenait Phileas Fogg.",on,frappa,à la porte du petit salon,en ce moment,1872-10-02-11-00,,,ud_direct,frappa,en ce moment,1872-10-02-11-30,,,ud_direct,frappa,1872-10-02-11,1872-10-02-11-30,temps_different
1519 || 1518 || 1516,1,14,47,"En ce moment, on frappa à la porte du petit salon Dans lequel se tenait Phileas Fogg.",Phileas Fogg,tenait,Dans lequel,à onze heures et demie sonnant,1872-10-02-11-00,,,precedent_context,devait,à onze heures et demie sonnant,1872-10-02-11-30,,,precedent_context,devait,1872-10-02-11,1872-10-02-11-30,temps_different
1519 || 1518 || 1517,1,14,47,"En ce moment, on frappa à la porte du petit salon Dans lequel se tenait Phileas Fogg.",Phileas Fogg,tenait,se,à onze heures et demie sonnant,1872-10-02-11-00,,,precedent_context,devait,à onze heures et demie sonnant,1872-10-02-11-30,,,precedent_context,devait,1872-10-02-11,1872-10-02-11-30,temps_different
1522 || 1528 || _,1,15,48,"James Forster, le congédié, apparut.",James Forster le congédié,apparut,,à onze heures et demie sonnant,1872-10-02-11-00,,,precedent_context,devait,à onze heures et demie sonnant,1872-10-02-11-30,,,precedent_context,devait,1872-10-02-11,1872-10-02-11-30,temps_different
1537 || 1536 || _,1,16,49,"«Le nouveau domestique», dit -il.",-il,dit,,à onze heures et demie sonnant,1872-10-02-11-00,,,precedent_context,devait,à onze heures et demie sonnant,1872-10-02-11-30,,,precedent_context,devait,1872-10-02-11,1872-10-02-11-30,temps_different
1540 || 1548 || 1547,1,17,50,Un garçon âgé d' une trentaine d' années se montra et salua.,Un garçon âgé d'une trentaine d'années,montra,se,à onze heures et demie sonnant,1872-10-02-11-00,,,precedent_context,devait,à onze heures et demie sonnant,1872-10-02-11-30,,,precedent_context,devait,1872-10-02-11,1872-10-02-11-30,temps_different
1540 || 1550 || _,1,17,50,Un garçon âgé d' une trentaine d' années se montra et salua.,Un garçon âgé d'une trentaine d'années,salua,,à onze heures et demie sonnant,1872-10-02-11-00,,,precedent_context,devait,à onze heures et demie sonnant,1872-10-02-11-30,,,precedent_context,devait,1872-10-02-11,1872-10-02-11-30,temps_different
1557 || 1559 || 1558,1,18,51,«Vous êtes Français et vous vous nommez John? lui demanda Phileas Fogg.,vous,nommez,vous,à onze heures et demie sonnant,1872-10-02-11-00,,,precedent_context,devait,à onze heures et demie sonnant,1872-10-02-11-30,,,precedent_context,devait,1872-10-02-11,1872-10-02-11-30,temps_different
1564 || 1563 || 1562,1,18,51,«Vous êtes Français et vous vous nommez John? lui demanda Phileas Fogg.,Phileas Fogg,demanda,lui,à onze heures et demie sonnant,1872-10-02-11-00,,,precedent_context,devait,à onze heures et demie sonnant,1872-10-02-11-30,,,precedent_context,devait,1872-10-02-11,1872-10-02-11-30,temps_different
_ || 1572 || 1571,1,19,52,"- Jean, n' en déplaise à monsieur, répondit le nouveau venu, Jean Passepartout, un surnom qui m' est resté, et que justifiait mon aptitude naturelle à me tirer d' affaire.",,déplaise,en,à onze heures et demie sonnant,1872-10-02-11-00,,,precedent_context,devait,à onze heures et demie sonnant,1872-10-02-11-30,,,precedent_context,devait,1872-10-02-11,1872-10-02-11-30,temps_different
_ || 1572 || 1574,1,19,52,"- Jean, n' en déplaise à monsieur, répondit le nouveau venu, Jean Passepartout, un surnom qui m' est resté, et que justifiait mon aptitude naturelle à me tirer d' affaire.",,déplaise,à monsieur,à onze heures et demie sonnant,1872-10-02-11-00,,,precedent_context,devait,à onze heures et demie sonnant,1872-10-02-11-30,,,precedent_context,devait,1872-10-02-11,1872-10-02-11-30,temps_different
1579 || 1576 || _,1,19,52,"- Jean, n' en déplaise à monsieur, répondit le nouveau venu, Jean Passepartout, un surnom qui m' est resté, et que justifiait mon aptitude naturelle à me tirer d' affaire.",le nouveau venu Jean Passepartout un surnom,répondit,,à onze heures et demie sonnant,1872-10-02-11-00,,,precedent_context,devait,à onze heures et demie sonnant,1872-10-02-11-30,,,precedent_context,devait,1872-10-02-11,1872-10-02-11-30,temps_different
1586 || 1589 || 1587,1,19,52,"- Jean, n' en déplaise à monsieur, répondit le nouveau venu, Jean Passepartout, un surnom qui m' est resté, et que justifiait mon aptitude naturelle à me tirer d' affaire.",qui,resté,m',à onze heures et demie sonnant,1872-10-02-11-00,,,precedent_context,devait,à onze heures et demie sonnant,1872-10-02-11-30,,,precedent_context,devait,1872-10-02-11,1872-10-02-11-30,temps_different
1586 || 1593 || 1595,1,19,52,"- Jean, n' en déplaise à monsieur, répondit le nouveau venu, Jean Passepartout, un surnom qui m' est resté, et que justifiait mon aptitude naturelle à me tirer d' affaire.",qui,justifiait,mon aptitude naturelle,à onze heures et demie sonnant,1872-10-02-11-00,,,precedent_context,devait,à onze heures et demie sonnant,1872-10-02-11-30,,,precedent_context,devait,1872-10-02-11,1872-10-02-11-30,temps_different
_ || 1599 || 1598,1,19,52,"- Jean, n' en déplaise à monsieur, répondit le nouveau venu, Jean Passepartout, un surnom qui m' est resté, et que justifiait mon aptitude naturelle à me tirer d' affaire.",,tirer,me,à onze heures et demie sonnant,1872-10-02-11-00,,,precedent_context,devait,à onze heures et demie sonnant,1872-10-02-11-30,,,precedent_context,devait,1872-10-02-11,1872-10-02-11-30,temps_different
_ || 1599 || 1601,1,19,52,"- Jean, n' en déplaise à monsieur, répondit le nouveau venu, Jean Passepartout, un surnom qui m' est resté, et que justifiait mon aptitude naturelle à me tirer d' affaire.",,tirer,d'affaire,à onze heures et demie sonnant,1872-10-02-11-00,,,precedent_context,devait,à onze heures et demie sonnant,1872-10-02-11-30,,,precedent_context,devait,1872-10-02-11,1872-10-02-11-30,temps_different
1603 || 1604 || _,1,19,53,"Je crois être un honnête garçon, monsieur, mais, pour être franc, j' ai fait plusieurs métiers.",Je,crois,,à onze heures et demie sonnant,1872-10-02-11-00,,,precedent_context,devait,à onze heures et demie sonnant,1872-10-02-11-30,,,precedent_context,devait,1872-10-02-11,1872-10-02-11-30,temps_different
1618 || 1620 || 1622,1,19,53,"Je crois être un honnête garçon, monsieur, mais, pour être franc, j' ai fait plusieurs métiers.",j',fait,plusieurs métiers,à onze heures et demie sonnant,1872-10-02-11-00,,,precedent_context,devait,à onze heures et demie sonnant,1872-10-02-11-30,,,precedent_context,devait,1872-10-02-11,1872-10-02-11-30,temps_different
_ || 1635 || 1638,1,19,54,"J' ai été chanteur ambulant, écuyer dans un cirque, faisant de la voltige comme Léotard, et dansant sur la corde comme Blondin; puis je suis devenu professeur de gymnastique, afin de rendre mes talents plus utiles, et, en dernier lieu, j' étais sergent de pompiers, à Paris.",,faisant,de la voltige,à onze heures et demie sonnant,1872-10-02-11-00,,,precedent_context,devait,à onze heures et demie sonnant,1872-10-02-11-30,,,precedent_context,devait,1872-10-02-11,1872-10-02-11-30,temps_different
_ || 1635 || 1640,1,19,54,"J' ai été chanteur ambulant, écuyer dans un cirque, faisant de la voltige comme Léotard, et dansant sur la corde comme Blondin; puis je suis devenu professeur de gymnastique, afin de rendre mes talents plus utiles, et, en dernier lieu, j' étais sergent de pompiers, à Paris.",,faisant,comme Léotard,à onze heures et demie sonnant,1872-10-02-11-00,,,precedent_context,devait,à onze heures et demie sonnant,1872-10-02-11-30,,,precedent_context,devait,1872-10-02-11,1872-10-02-11-30,temps_different
1624 || 1643 || 1646,1,19,54,"J' ai été chanteur ambulant, écuyer dans un cirque, faisant de la voltige comme Léotard, et dansant sur la corde comme Blondin; puis je suis devenu professeur de gymnastique, afin de rendre mes talents plus utiles, et, en dernier lieu, j' étais sergent de pompiers, à Paris.",J',dansant,sur la corde,à onze heures et demie sonnant,1872-10-02-11-00,,,precedent_context,devait,à onze heures et demie sonnant,1872-10-02-11-30,,,precedent_context,devait,1872-10-02-11,1872-10-02-11-30,temps_different
1624 || 1643 || 1648,1,19,54,"J' ai été chanteur ambulant, écuyer dans un cirque, faisant de la voltige comme Léotard, et dansant sur la corde comme Blondin; puis je suis devenu professeur de gymnastique, afin de rendre mes talents plus utiles, et, en dernier lieu, j' étais sergent de pompiers, à Paris.",J',dansant,comme Blondin,à onze heures et demie sonnant,1872-10-02-11-00,,,precedent_context,devait,à onze heures et demie sonnant,1872-10-02-11-30,,,precedent_context,devait,1872-10-02-11,1872-10-02-11-30,temps_different
1651 || 1653 || 1670,1,19,54,"J' ai été chanteur ambulant, écuyer dans un cirque, faisant de la voltige comme Léotard, et dansant sur la corde comme Blondin; puis je suis devenu professeur de gymnastique, afin de rendre mes talents plus utiles, et, en dernier lieu, j' étais sergent de pompiers, à Paris.",je,devenu,en dernier lieu,à onze heures et demie sonnant,1872-10-02-11-00,,,precedent_context,devait,à onze heures et demie sonnant,1872-10-02-11-30,,,precedent_context,devait,1872-10-02-11,1872-10-02-11-30,temps_different
1651 || 1653 || 1679,1,19,54,"J' ai été chanteur ambulant, écuyer dans un cirque, faisant de la voltige comme Léotard, et dansant sur la corde comme Blondin; puis je suis devenu professeur de gymnastique, afin de rendre mes talents plus utiles, et, en dernier lieu, j' étais sergent de pompiers, à Paris.",je,devenu,à Paris,à onze heures et demie sonnant,1872-10-02-11-00,,,precedent_context,devait,à onze heures et demie sonnant,1872-10-02-11-30,,,precedent_context,devait,1872-10-02-11,1872-10-02-11-30,temps_different
_ || 1660 || 1662,1,19,54,"J' ai été chanteur ambulant, écuyer dans un cirque, faisant de la voltige comme Léotard, et dansant sur la corde comme Blondin; puis je suis devenu professeur de gymnastique, afin de rendre mes talents plus utiles, et, en dernier lieu, j' étais sergent de pompiers, à Paris.",,rendre,mes talents plus utiles,à onze heures et demie sonnant,1872-10-02-11-00,,,precedent_context,devait,à onze heures et demie sonnant,1872-10-02-11-30,,,precedent_context,devait,1872-10-02-11,1872-10-02-11-30,temps_different
1681 || 1682 || 1686,1,19,55,J' ai même dans mon dossier des incendies remarquables.,J',ai,dans mon dossier,à onze heures et demie sonnant,1872-10-02-11-00,,,precedent_context,devait,à onze heures et demie sonnant,1872-10-02-11-30,,,precedent_context,devait,1872-10-02-11,1872-10-02-11-30,temps_different
1681 || 1682 || 1688,1,19,55,J' ai même dans mon dossier des incendies remarquables.,J',ai,des incendies remarquables,à onze heures et demie sonnant,1872-10-02-11-00,,,precedent_context,devait,à onze heures et demie sonnant,1872-10-02-11-30,,,precedent_context,devait,1872-10-02-11,1872-10-02-11-30,temps_different
1712 || 1692 || 1694,1,19,56,"Mais voilà cinq ans que j' ai quitté la France et que, voulant goûter de la vie de famille, je suis valet de chambre en Angleterre.",je,voilà,cinq ans,voilà cinq ans,1867-00-00-00-00,,,objet,voilà,voilà cinq ans,1872-10-02-11-30,1867-10-02 11:30,1872-10-02 11:30,objet,voilà,1867-00-00-00,1872-10-02-11-30,temps_different
1696 || 1698 || 1700,1,19,56,"Mais voilà cinq ans que j' ai quitté la France et que, voulant goûter de la vie de famille, je suis valet de chambre en Angleterre.",j',quitté,la France,à onze heures et demie sonnant,1872-10-02-11-00,,,precedent_context,devait,à onze heures et demie sonnant,1872-10-02-11-30,,,precedent_context,devait,1872-10-02-11,1872-10-02-11-30,temps_different
_ || 1704 || _,1,19,56,"Mais voilà cinq ans que j' ai quitté la France et que, voulant goûter de la vie de famille, je suis valet de chambre en Angleterre.",,voulant,,à onze heures et demie sonnant,1872-10-02-11-00,,,precedent_context,devait,à onze heures et demie sonnant,1872-10-02-11-30,,,precedent_context,devait,1872-10-02-11,1872-10-02-11-30,temps_different
1696 || 1705 || 1704,1,19,56,"Mais voilà cinq ans que j' ai quitté la France et que, voulant goûter de la vie de famille, je suis valet de chambre en Angleterre.",j',goûter,,à onze heures et demie sonnant,1872-10-02-11-00,,,precedent_context,devait,à onze heures et demie sonnant,1872-10-02-11-30,,,precedent_context,devait,1872-10-02-11,1872-10-02-11-30,temps_different
1696 || 1705 || 1708,1,19,56,"Mais voilà cinq ans que j' ai quitté la France et que, voulant goûter de la vie de famille, je suis valet de chambre en Angleterre.",j',goûter,de la vie de famille,à onze heures et demie sonnant,1872-10-02-11-00,,,precedent_context,devait,à onze heures et demie sonnant,1872-10-02-11-30,,,precedent_context,devait,1872-10-02-11,1872-10-02-11-30,temps_different
1748 || 1723 || 1722,1,19,57,"Or, me trouvant sans place et ayant appris que M. Phileas Fogg était l' homme le plus exact et le plus sédentaire du Royaume - Uni, je me suis présenté chez monsieur avec l' espérance d' y vivre tranquille et d' oublier jusqu' à ce nom de Passepartout…",je,trouvant,me,à onze heures et demie sonnant,1872-10-02-11-00,,,precedent_context,devait,à onze heures et demie sonnant,1872-10-02-11-30,,,precedent_context,devait,1872-10-02-11,1872-10-02-11-30,temps_different
1748 || 1723 || 1725,1,19,57,"Or, me trouvant sans place et ayant appris que M. Phileas Fogg était l' homme le plus exact et le plus sédentaire du Royaume - Uni, je me suis présenté chez monsieur avec l' espérance d' y vivre tranquille et d' oublier jusqu' à ce nom de Passepartout…",je,trouvant,sans place,à onze heures et demie sonnant,1872-10-02-11-00,,,precedent_context,devait,à onze heures et demie sonnant,1872-10-02-11-30,,,precedent_context,devait,1872-10-02-11,1872-10-02-11-30,temps_different
1748 || 1728 || _,1,19,57,"Or, me trouvant sans place et ayant appris que M. Phileas Fogg était l' homme le plus exact et le plus sédentaire du Royaume - Uni, je me suis présenté chez monsieur avec l' espérance d' y vivre tranquille et d' oublier jusqu' à ce nom de Passepartout…",je,appris,,à onze heures et demie sonnant,1872-10-02-11-00,,,precedent_context,devait,à onze heures et demie sonnant,1872-10-02-11-30,,,precedent_context,devait,1872-10-02-11,1872-10-02-11-30,temps_different
1748 || 1751 || 1749,1,19,57,"Or, me trouvant sans place et ayant appris que M. Phileas Fogg était l' homme le plus exact et le plus sédentaire du Royaume - Uni, je me suis présenté chez monsieur avec l' espérance d' y vivre tranquille et d' oublier jusqu' à ce nom de Passepartout…",je,présenté,me,à onze heures et demie sonnant,1872-10-02-11-00,,,precedent_context,devait,à onze heures et demie sonnant,1872-10-02-11-30,,,precedent_context,devait,1872-10-02-11,1872-10-02-11-30,temps_different
1748 || 1751 || 1753,1,19,57,"Or, me trouvant sans place et ayant appris que M. Phileas Fogg était l' homme le plus exact et le plus sédentaire du Royaume - Uni, je me suis présenté chez monsieur avec l' espérance d' y vivre tranquille et d' oublier jusqu' à ce nom de Passepartout…",je,présenté,chez monsieur,à onze heures et demie sonnant,1872-10-02-11-00,,,precedent_context,devait,à onze heures et demie sonnant,1872-10-02-11-30,,,precedent_context,devait,1872-10-02-11,1872-10-02-11-30,temps_different
1748 || 1751 || 1756,1,19,57,"Or, me trouvant sans place et ayant appris que M. Phileas Fogg était l' homme le plus exact et le plus sédentaire du Royaume - Uni, je me suis présenté chez monsieur avec l' espérance d' y vivre tranquille et d' oublier jusqu' à ce nom de Passepartout…",je,présenté,avec l'espérance,à onze heures et demie sonnant,1872-10-02-11-00,,,precedent_context,devait,à onze heures et demie sonnant,1872-10-02-11-30,,,precedent_context,devait,1872-10-02-11,1872-10-02-11-30,temps_different
_ || 1759 || 1758,1,19,57,"Or, me trouvant sans place et ayant appris que M. Phileas Fogg était l' homme le plus exact et le plus sédentaire du Royaume - Uni, je me suis présenté chez monsieur avec l' espérance d' y vivre tranquille et d' oublier jusqu' à ce nom de Passepartout…",,vivre,y,à onze heures et demie sonnant,1872-10-02-11-00,,,precedent_context,devait,à onze heures et demie sonnant,1872-10-02-11-30,,,precedent_context,devait,1872-10-02-11,1872-10-02-11-30,temps_different
_ || 1763 || 1767,1,19,57,"Or, me trouvant sans place et ayant appris que M. Phileas Fogg était l' homme le plus exact et le plus sédentaire du Royaume - Uni, je me suis présenté chez monsieur avec l' espérance d' y vivre tranquille et d' oublier jusqu' à ce nom de Passepartout…",,oublier,jusqu'à ce nom de Passepartout,à onze heures et demie sonnant,1872-10-02-11-00,,,precedent_context,devait,à onze heures et demie sonnant,1872-10-02-11-30,,,precedent_context,devait,1872-10-02-11,1872-10-02-11-30,temps_different
1772 || 1774 || 1773,1,20,58,"- Passepartout me convient, répondit le gentleman.",Passepartout,convient,me,à onze heures et demie sonnant,1872-10-02-11-00,,,precedent_context,devait,à onze heures et demie sonnant,1872-10-02-11-30,,,precedent_context,devait,1872-10-02-11,1872-10-02-11-30,temps_different
1778 || 1776 || _,1,20,58,"- Passepartout me convient, répondit le gentleman.",le gentleman,répondit,,à onze heures et demie sonnant,1872-10-02-11-00,,,precedent_context,devait,à onze heures et demie sonnant,1872-10-02-11-30,,,precedent_context,devait,1872-10-02-11,1872-10-02-11-30,temps_different
1780 || 1783 || 1781,1,20,59,Vous m' êtes recommandé.,Vous,recommandé,m',à onze heures et demie sonnant,1872-10-02-11-00,,,precedent_context,devait,à onze heures et demie sonnant,1872-10-02-11-30,,,precedent_context,devait,1872-10-02-11,1872-10-02-11-30,temps_different
1785 || 1786 || 1789,1,20,60,J' ai de bons renseignements sur votre compte.,J',ai,de bons renseignements sur votre compte,à onze heures et demie sonnant,1872-10-02-11-00,,,precedent_context,devait,à onze heures et demie sonnant,1872-10-02-11-30,,,precedent_context,devait,1872-10-02-11,1872-10-02-11-30,temps_different
1794 || 1795 || 1797,1,20,61,Vous connaissez mes conditions?,Vous,connaissez,mes conditions,à onze heures et demie sonnant,1872-10-02-11-00,,,precedent_context,devait,à onze heures et demie sonnant,1872-10-02-11-30,,,precedent_context,devait,1872-10-02-11,1872-10-02-11-30,temps_different
1808 || 1809 || _,1,22,64,Quelle heure avez -vous?,Quelle heure,avez,,à onze heures et demie sonnant,1872-10-02-11-00,,,precedent_context,devait,à onze heures et demie sonnant,1872-10-02-11-30,,,precedent_context,devait,1872-10-02-11,1872-10-02-11-30,temps_different
_ || 1817 || _,1,23,65,"- Onze heures vingt-deux, répondit Passepartout, en tirant des profondeurs de son gousset une énorme montre d' argent.",,répondit,,onze heures vingt-deux,1872-10-02-11-00,,,ud_direct,répondit,onze heures vingt-deux,1872-10-02-11-22,,,ud_direct,répondit,1872-10-02-11,1872-10-02-11-22,temps_different
_ || 1821 || 1823,1,23,65,"- Onze heures vingt-deux, répondit Passepartout, en tirant des profondeurs de son gousset une énorme montre d' argent.",,tirant,des profondeurs de son gousset,onze heures vingt-deux,1872-10-02-11-00,,,ud_scope_anchor,répondit,onze heures vingt-deux,1872-10-02-11-22,,,ud_scope_anchor,répondit,1872-10-02-11,1872-10-02-11-22,temps_different
_ || 1821 || 1829,1,23,65,"- Onze heures vingt-deux, répondit Passepartout, en tirant des profondeurs de son gousset une énorme montre d' argent.",,tirant,une énorme montre d'argent,onze heures vingt-deux,1872-10-02-11-00,,,ud_scope_anchor,répondit,onze heures vingt-deux,1872-10-02-11-22,,,ud_scope_anchor,répondit,1872-10-02-11,1872-10-02-11-22,temps_different
1833 || 1834 || _,1,24,66,"-Vous retardez, dit Mr. Fogg.",-Vous,retardez,,onze heures vingt-deux,1872-10-02-11-00,,,precedent_context,répondit,onze heures vingt-deux,1872-10-02-11-22,,,precedent_context,répondit,1872-10-02-11,1872-10-02-11-22,temps_different
1837 || 1836 || _,1,24,66,"-Vous retardez, dit Mr. Fogg.",Mr. Fogg,dit,,onze heures vingt-deux,1872-10-02-11-00,,,precedent_context,répondit,onze heures vingt-deux,1872-10-02-11-22,,,precedent_context,répondit,1872-10-02-11,1872-10-02-11-22,temps_different
1842 || 1844 || 1843,1,25,67,"- Que monsieur me pardonne, mais c' est impossible.",monsieur,pardonne,me,onze heures vingt-deux,1872-10-02-11-00,,,precedent_context,répondit,onze heures vingt-deux,1872-10-02-11-22,,,precedent_context,répondit,1872-10-02-11,1872-10-02-11-22,temps_different
1851 || 1852 || 1855,1,26,68,-Vous retardez de quatre minutes.,-Vous,retardez,de quatre minutes,onze heures vingt-deux,1872-10-02-11-00,,,precedent_context,répondit,onze heures vingt-deux,1872-10-02-11-22,,,precedent_context,répondit,1872-10-02-11,1872-10-02-11-22,temps_different
_ || 1858 || _,1,26,69,N' importe.,,importe,,onze heures vingt-deux,1872-10-02-11-00,,,precedent_context,répondit,onze heures vingt-deux,1872-10-02-11-22,,,precedent_context,répondit,1872-10-02-11,1872-10-02-11-22,temps_different
_ || 1861 || _,1,26,70,Il suffit de constater l' écart.,,suffit,,onze heures vingt-deux,1872-10-02-11-00,,,precedent_context,répondit,onze heures vingt-deux,1872-10-02-11-22,,,precedent_context,répondit,1872-10-02-11,1872-10-02-11-22,temps_different
_ || 1863 || 1865,1,26,70,Il suffit de constater l' écart.,,constater,l'écart,onze heures vingt-deux,1872-10-02-11-00,,,precedent_context,répondit,onze heures vingt-deux,1872-10-02-11-22,,,precedent_context,répondit,1872-10-02-11,1872-10-02-11-22,temps_different
_ || 1870 || _,1,26,71,"Donc, à partir de ce moment, onze heures vingt-neuf du matin, ce mercredi 2 octobre 1872, vous êtes à mon service.",,partir,,à partir de ce moment,1872-10-02-11-00,,,ud_scope_anchor,êtes,à partir de ce moment,1872-10-02-11-22,,,ud_scope_anchor,êtes,1872-10-02-11,1872-10-02-11-22,temps_different
1887 || 1888 || 1876,1,26,71,"Donc, à partir de ce moment, onze heures vingt-neuf du matin, ce mercredi 2 octobre 1872, vous êtes à mon service.",vous,êtes,onze heures vingt-neuf du matin,onze heures vingt-neuf du matin,1872-10-02-11-00,,,objet,êtes,onze heures vingt-neuf du matin,1872-10-02-11-29,,,objet,êtes,1872-10-02-11,1872-10-02-11-29,temps_different
2051 || 2052 || 2050,2,32,78,"Pendant les quelques instants qu' il venait d' entrevoir Phileas Fogg, Passepartout avait rapidement, mais soigneusement examiné son futur maître.",il,venait,qu',pendant les quelques instants,1872-10-02-11-00,,,ud_scope_anchor,avait,ce mercredi 2 octobre 1872,1872-10-02-00-00,,,precedent_context,êtes,1872-10-02-11,1872-10-02-00,temps_different
2051 || 2054 || 2055,2,32,78,"Pendant les quelques instants qu' il venait d' entrevoir Phileas Fogg, Passepartout avait rapidement, mais soigneusement examiné son futur maître.",il,entrevoir,Phileas Fogg,pendant les quelques instants,1872-10-02-11-00,,,ud_scope_anchor,avait,ce mercredi 2 octobre 1872,1872-10-02-00-00,,,precedent_context,êtes,1872-10-02-11,1872-10-02-00,temps_different
2058 || 2059 || 2049,2,32,78,"Pendant les quelques instants qu' il venait d' entrevoir Phileas Fogg, Passepartout avait rapidement, mais soigneusement examiné son futur maître.",Passepartout,avait,Pendant les quelques instants,pendant les quelques instants,1872-10-02-11-00,,,objet,avait,pendant les quelques instants,,,,objet,avait,1872-10-02-11,,seulement_coref
2058 || 2064 || 2067,2,32,78,"Pendant les quelques instants qu' il venait d' entrevoir Phileas Fogg, Passepartout avait rapidement, mais soigneusement examiné son futur maître.",Passepartout,examiné,son futur maître,pendant les quelques instants,1872-10-02-11-00,,,ud_scope_anchor,avait,ce mercredi 2 octobre 1872,1872-10-02-00-00,,,precedent_context,êtes,1872-10-02-11,1872-10-02-00,temps_different
2073 || 2074 || 2080,2,32,79,"C' était un homme qui pouvait avoir quarante ans, de figure noble et belle, haut de taille, que ne déparait pas un léger embonpoint, blond de cheveux et de favoris, front uni sans apparences de rides aux tempes, figure plutôt pâle que colorée, dents magnifiques.",qui,pouvait,de figure noble et belle,pendant les quelques instants,1872-10-02-11-00,,,precedent_context,avait,ce mercredi 2 octobre 1872,1872-10-02-00-00,,,precedent_context,êtes,1872-10-02-11,1872-10-02-00,temps_different
2073 || 2075 || 2077,2,32,79,"C' était un homme qui pouvait avoir quarante ans, de figure noble et belle, haut de taille, que ne déparait pas un léger embonpoint, blond de cheveux et de favoris, front uni sans apparences de rides aux tempes, figure plutôt pâle que colorée, dents magnifiques.",qui,avoir,quarante ans,pendant les quelques instants,1872-10-02-11-00,,,precedent_context,avait,ce mercredi 2 octobre 1872,1872-10-02-00-00,,,precedent_context,êtes,1872-10-02-11,1872-10-02-00,temps_different
2095 || 2091 || 2089,2,32,79,"C' était un homme qui pouvait avoir quarante ans, de figure noble et belle, haut de taille, que ne déparait pas un léger embonpoint, blond de cheveux et de favoris, front uni sans apparences de rides aux tempes, figure plutôt pâle que colorée, dents magnifiques.",un léger embonpoint blond de cheveux et de favoris,déparait,que,pendant les quelques instants,1872-10-02-11-00,,,precedent_context,avait,ce mercredi 2 octobre 1872,1872-10-02-00-00,,,precedent_context,êtes,1872-10-02-11,1872-10-02-00,temps_different
_ || 2105 || 2107,2,32,79,"C' était un homme qui pouvait avoir quarante ans, de figure noble et belle, haut de taille, que ne déparait pas un léger embonpoint, blond de cheveux et de favoris, front uni sans apparences de rides aux tempes, figure plutôt pâle que colorée, dents magnifiques.",,uni,sans apparences de rides,pendant les quelques instants,1872-10-02-11-00,,,precedent_context,avait,ce mercredi 2 octobre 1872,1872-10-02-00-00,,,precedent_context,êtes,1872-10-02-11,1872-10-02-00,temps_different
_ || 2105 || 2111,2,32,79,"C' était un homme qui pouvait avoir quarante ans, de figure noble et belle, haut de taille, que ne déparait pas un léger embonpoint, blond de cheveux et de favoris, front uni sans apparences de rides aux tempes, figure plutôt pâle que colorée, dents magnifiques.",,uni,aux tempes,pendant les quelques instants,1872-10-02-11-00,,,precedent_context,avait,ce mercredi 2 octobre 1872,1872-10-02-00-00,,,precedent_context,êtes,1872-10-02-11,1872-10-02-00,temps_different
2122 || 2123 || _,2,32,80,"Il paraissait posséder au plus haut degré ce que les physionomistes appellent« le repos dans l' action», faculté commune à tous ceux qui font plus de besogne que de bruit.",Il,paraissait,,pendant les quelques instants,1872-10-02-11-00,,,precedent_context,avait,ce mercredi 2 octobre 1872,1872-10-02-00-00,,,precedent_context,êtes,1872-10-02-11,1872-10-02-00,temps_different
2122 || 2124 || 2128,2,32,80,"Il paraissait posséder au plus haut degré ce que les physionomistes appellent« le repos dans l' action», faculté commune à tous ceux qui font plus de besogne que de bruit.",Il,posséder,au plus haut degré,pendant les quelques instants,1872-10-02-11-00,,,precedent_context,avait,ce mercredi 2 octobre 1872,1872-10-02-00-00,,,precedent_context,êtes,1872-10-02-11,1872-10-02-00,temps_different
2122 || 2124 || 2129,2,32,80,"Il paraissait posséder au plus haut degré ce que les physionomistes appellent« le repos dans l' action», faculté commune à tous ceux qui font plus de besogne que de bruit.",Il,posséder,ce,pendant les quelques instants,1872-10-02-11-00,,,precedent_context,avait,ce mercredi 2 octobre 1872,1872-10-02-00-00,,,precedent_context,êtes,1872-10-02-11,1872-10-02-00,temps_different
2132 || 2133 || 2130,2,32,80,"Il paraissait posséder au plus haut degré ce que les physionomistes appellent« le repos dans l' action», faculté commune à tous ceux qui font plus de besogne que de bruit.",les physionomistes,appellent,que,pendant les quelques instants,1872-10-02-11-00,,,precedent_context,avait,ce mercredi 2 octobre 1872,1872-10-02-00-00,,,precedent_context,êtes,1872-10-02-11,1872-10-02-00,temps_different
2147 || 2148 || 2149,2,32,80,"Il paraissait posséder au plus haut degré ce que les physionomistes appellent« le repos dans l' action», faculté commune à tous ceux qui font plus de besogne que de bruit.",qui,font,plus de besogne que de bruit,pendant les quelques instants,1872-10-02-11-00,,,precedent_context,avait,ce mercredi 2 octobre 1872,1872-10-02-00-00,,,precedent_context,êtes,1872-10-02-11,1872-10-02-00,temps_different
_ || 2172 || _,2,32,81,"Calme, flegmatique, l' œil pur, la paupière immobile, c' était le type achevé de ces Anglais à sang - froid qui se rencontrent assez fréquemment dans le Royaume - Uni, et dont Angelica Kauffmann a merveilleusement rendu sous son pinceau l' attitude un peu académique.",,achevé,,pendant les quelques instants,1872-10-02-11-00,,,precedent_context,avait,ce mercredi 2 octobre 1872,1872-10-02-00-00,,,precedent_context,êtes,1872-10-02-11,1872-10-02-00,temps_different
2180 || 2182 || 2181,2,32,81,"Calme, flegmatique, l' œil pur, la paupière immobile, c' était le type achevé de ces Anglais à sang - froid qui se rencontrent assez fréquemment dans le Royaume - Uni, et dont Angelica Kauffmann a merveilleusement rendu sous son pinceau l' attitude un peu académique.",qui,rencontrent,se,pendant les quelques instants,1872-10-02-11-00,,,precedent_context,avait,ce mercredi 2 octobre 1872,1872-10-02-00-00,,,precedent_context,êtes,1872-10-02-11,1872-10-02-00,temps_different
2180 || 2182 || 2187,2,32,81,"Calme, flegmatique, l' œil pur, la paupière immobile, c' était le type achevé de ces Anglais à sang - froid qui se rencontrent assez fréquemment dans le Royaume - Uni, et dont Angelica Kauffmann a merveilleusement rendu sous son pinceau l' attitude un peu académique.",qui,rencontrent,dans le Royaume-Uni,pendant les quelques instants,1872-10-02-11-00,,,precedent_context,avait,ce mercredi 2 octobre 1872,1872-10-02-00-00,,,precedent_context,êtes,1872-10-02-11,1872-10-02-00,temps_different
2180 || 2182 || 2188,2,32,81,"Calme, flegmatique, l' œil pur, la paupière immobile, c' était le type achevé de ces Anglais à sang - froid qui se rencontrent assez fréquemment dans le Royaume - Uni, et dont Angelica Kauffmann a merveilleusement rendu sous son pinceau l' attitude un peu académique.",qui,rencontrent,Royaume-Uni,pendant les quelques instants,1872-10-02-11-00,,,precedent_context,avait,ce mercredi 2 octobre 1872,1872-10-02-00-00,,,precedent_context,êtes,1872-10-02-11,1872-10-02-00,temps_different
2180 || 2182 || 2189,2,32,81,"Calme, flegmatique, l' œil pur, la paupière immobile, c' était le type achevé de ces Anglais à sang - froid qui se rencontrent assez fréquemment dans le Royaume - Uni, et dont Angelica Kauffmann a merveilleusement rendu sous son pinceau l' attitude un peu académique.",qui,rencontrent,Royaume-Uni,pendant les quelques instants,1872-10-02-11-00,,,precedent_context,avait,ce mercredi 2 octobre 1872,1872-10-02-00-00,,,precedent_context,êtes,1872-10-02-11,1872-10-02-00,temps_different
2193 || 2197 || 2200,2,32,81,"Calme, flegmatique, l' œil pur, la paupière immobile, c' était le type achevé de ces Anglais à sang - froid qui se rencontrent assez fréquemment dans le Royaume - Uni, et dont Angelica Kauffmann a merveilleusement rendu sous son pinceau l' attitude un peu académique.",Angelica Kauffmann,rendu,sous son pinceau,pendant les quelques instants,1872-10-02-11-00,,,precedent_context,avait,ce mercredi 2 octobre 1872,1872-10-02-00-00,,,precedent_context,êtes,1872-10-02-11,1872-10-02-00,temps_different
2193 || 2197 || 2202,2,32,81,"Calme, flegmatique, l' œil pur, la paupière immobile, c' était le type achevé de ces Anglais à sang - froid qui se rencontrent assez fréquemment dans le Royaume - Uni, et dont Angelica Kauffmann a merveilleusement rendu sous son pinceau l' attitude un peu académique.",Angelica Kauffmann,rendu,l'attitude un peu académique,pendant les quelques instants,1872-10-02-11-00,,,precedent_context,avait,ce mercredi 2 octobre 1872,1872-10-02-00-00,,,precedent_context,êtes,1872-10-02-11,1872-10-02-00,temps_different
2217 || 2207 || 2211,2,32,82,"Vu dans les divers actes de son existence, ce gentleman donnait l' idée d' un être bien équilibré dans toutes ses parties, justement pondéré, aussi parfait qu' un chronomètre de Leroy ou de Earnshaw.",ce gentleman,Vu,dans les divers actes de son existence,pendant les quelques instants,1872-10-02-11-00,,,precedent_context,avait,ce mercredi 2 octobre 1872,1872-10-02-00-00,,,precedent_context,êtes,1872-10-02-11,1872-10-02-00,temps_different
2217 || 2218 || 2220,2,32,82,"Vu dans les divers actes de son existence, ce gentleman donnait l' idée d' un être bien équilibré dans toutes ses parties, justement pondéré, aussi parfait qu' un chronomètre de Leroy ou de Earnshaw.",ce gentleman,donnait,l'idée d'un être bien équilibré dans toutes ses parties justement pondéré aussi parfait qu'un chronomètre de Leroy ou de Earnshaw,pendant les quelques instants,1872-10-02-11-00,,,precedent_context,avait,ce mercredi 2 octobre 1872,1872-10-02-00-00,,,precedent_context,êtes,1872-10-02-11,1872-10-02-00,temps_different
2245 || 2246 || 2249,2,32,83,"C' est qu' en effet, Phileas Fogg était l' exactitude personnifiée, ce qui se voyait clairement à« l' expression de ses pieds et de ses mains», car chez l' homme, aussi bien que chez les animaux, les membres eux - mêmes sont des organes expressifs des passions.",C',est,en effet,pendant les quelques instants,1872-10-02-11-00,,,precedent_context,avait,ce mercredi 2 octobre 1872,1872-10-02-00-00,,,precedent_context,êtes,1872-10-02-11,1872-10-02-00,temps_different
2245 || 2246 || 2279,2,32,83,"C' est qu' en effet, Phileas Fogg était l' exactitude personnifiée, ce qui se voyait clairement à« l' expression de ses pieds et de ses mains», car chez l' homme, aussi bien que chez les animaux, les membres eux - mêmes sont des organes expressifs des passions.",C',est,chez l'homme aussi bien que chez les animaux,pendant les quelques instants,1872-10-02-11-00,,,precedent_context,avait,ce mercredi 2 octobre 1872,1872-10-02-00-00,,,precedent_context,êtes,1872-10-02-11,1872-10-02-00,temps_different
_ || 2256 || _,2,32,83,"C' est qu' en effet, Phileas Fogg était l' exactitude personnifiée, ce qui se voyait clairement à« l' expression de ses pieds et de ses mains», car chez l' homme, aussi bien que chez les animaux, les membres eux - mêmes sont des organes expressifs des passions.",,personnifiée,,pendant les quelques instants,1872-10-02-11-00,,,precedent_context,avait,ce mercredi 2 octobre 1872,1872-10-02-00-00,,,precedent_context,êtes,1872-10-02-11,1872-10-02-00,temps_different
2259 || 2261 || 2260,2,32,83,"C' est qu' en effet, Phileas Fogg était l' exactitude personnifiée, ce qui se voyait clairement à« l' expression de ses pieds et de ses mains», car chez l' homme, aussi bien que chez les animaux, les membres eux - mêmes sont des organes expressifs des passions.",qui,voyait,se,pendant les quelques instants,1872-10-02-11-00,,,precedent_context,avait,ce mercredi 2 octobre 1872,1872-10-02-00-00,,,precedent_context,êtes,1872-10-02-11,1872-10-02-00,temps_different
2259 || 2261 || 2266,2,32,83,"C' est qu' en effet, Phileas Fogg était l' exactitude personnifiée, ce qui se voyait clairement à« l' expression de ses pieds et de ses mains», car chez l' homme, aussi bien que chez les animaux, les membres eux - mêmes sont des organes expressifs des passions.",qui,voyait,à l'expression de ses pieds et de ses mains,pendant les quelques instants,1872-10-02-11-00,,,precedent_context,avait,ce mercredi 2 octobre 1872,1872-10-02-00-00,,,precedent_context,êtes,1872-10-02-11,1872-10-02-00,temps_different
2309 || 2312 || _,2,33,84,"Phileas Fogg était de ces gens mathématiquement exacts, qui, jamais pressés et toujours prêts, sont économes de leurs pas et de leurs mouvements.",qui,pressés,,pendant les quelques instants,1872-10-02-11-00,,,precedent_context,avait,ce mercredi 2 octobre 1872,1872-10-02-00-00,,,precedent_context,êtes,1872-10-02-11,1872-10-02-00,temps_different
2327 || 2329 || 2332,2,33,85,"Il ne faisait pas une enjambée de trop, allant toujours par le plus court.",Il,faisait,une enjambée de trop,pendant les quelques instants,1872-10-02-11-00,,,precedent_context,avait,ce mercredi 2 octobre 1872,1872-10-02-00-00,,,precedent_context,êtes,1872-10-02-11,1872-10-02-00,temps_different
2327 || 2336 || 2341,2,33,85,"Il ne faisait pas une enjambée de trop, allant toujours par le plus court.",Il,allant,par le plus court,pendant les quelques instants,1872-10-02-11-00,,,precedent_context,avait,ce mercredi 2 octobre 1872,1872-10-02-00-00,,,precedent_context,êtes,1872-10-02-11,1872-10-02-00,temps_different
2343 || 2345 || 2348,2,33,86,Il ne perdait pas un regard au plafond.,Il,perdait,un regard au plafond,pendant les quelques instants,1872-10-02-11-00,,,precedent_context,avait,ce mercredi 2 octobre 1872,1872-10-02-00-00,,,precedent_context,êtes,1872-10-02-11,1872-10-02-00,temps_different
2352 || 2355 || 2354,2,33,87,Il ne se permettait aucun geste superflu.,Il,permettait,se,pendant les quelques instants,1872-10-02-11-00,,,precedent_context,avait,ce mercredi 2 octobre 1872,1872-10-02-00-00,,,precedent_context,êtes,1872-10-02-11,1872-10-02-00,temps_different
2352 || 2355 || 2357,2,33,87,Il ne se permettait aucun geste superflu.,Il,permettait,aucun geste superflu,pendant les quelques instants,1872-10-02-11-00,,,precedent_context,avait,ce mercredi 2 octobre 1872,1872-10-02-00-00,,,precedent_context,êtes,1872-10-02-11,1872-10-02-00,temps_different
2360 || 2365 || 2362,2,33,88,On ne l' avait jamais vu ému ni troublé.,On,vu,l',pendant les quelques instants,1872-10-02-11-00,,,precedent_context,avait,ce mercredi 2 octobre 1872,1872-10-02-00-00,,,precedent_context,êtes,1872-10-02-11,1872-10-02-00,temps_different
2360 || 2366 || _,2,33,88,On ne l' avait jamais vu ému ni troublé.,On,ému,,pendant les quelques instants,1872-10-02-11-00,,,precedent_context,avait,ce mercredi 2 octobre 1872,1872-10-02-00-00,,,precedent_context,êtes,1872-10-02-11,1872-10-02-00,temps_different
2360 || 2368 || _,2,33,88,On ne l' avait jamais vu ému ni troublé.,On,troublé,,pendant les quelques instants,1872-10-02-11-00,,,precedent_context,avait,ce mercredi 2 octobre 1872,1872-10-02-00-00,,,precedent_context,êtes,1872-10-02-11,1872-10-02-00,temps_different
2381 || 2382 || 2385,2,33,89,"C' était l' homme le moins hâté du monde, mais il arrivait toujours à temps.",il,arrivait,à temps,pendant les quelques instants,1872-10-02-11-00,,,precedent_context,avait,ce mercredi 2 octobre 1872,1872-10-02-00-00,,,precedent_context,êtes,1872-10-02-11,1872-10-02-00,temps_different
2389 || 2390 || _,2,33,90,"Toutefois, on comprendra qu' il vécût seul et pour ainsi dire en dehors de toute relation sociale.",on,comprendra,,pendant les quelques instants,1872-10-02-11-00,,,precedent_context,avait,ce mercredi 2 octobre 1872,1872-10-02-00-00,,,precedent_context,êtes,1872-10-02-11,1872-10-02-00,temps_different
2392 || 2393 || _,2,33,90,"Toutefois, on comprendra qu' il vécût seul et pour ainsi dire en dehors de toute relation sociale.",il,vécût,,pendant les quelques instants,1872-10-02-11-00,,,precedent_context,avait,ce mercredi 2 octobre 1872,1872-10-02-00-00,,,precedent_context,êtes,1872-10-02-11,1872-10-02-00,temps_different
_ || 2398 || _,2,33,90,"Toutefois, on comprendra qu' il vécût seul et pour ainsi dire en dehors de toute relation sociale.",,dire,,pendant les quelques instants,1872-10-02-11-00,,,precedent_context,avait,ce mercredi 2 octobre 1872,1872-10-02-00-00,,,precedent_context,êtes,1872-10-02-11,1872-10-02-00,temps_different
2406 || 2407 || _,2,33,91,"Il savait que dans la vie il faut faire la part des frottements, et comme les frottements retardent, il ne se frottait à personne.",Il,savait,,pendant les quelques instants,1872-10-02-11-00,,,precedent_context,avait,ce mercredi 2 octobre 1872,1872-10-02-00-00,,,precedent_context,êtes,1872-10-02-11,1872-10-02-00,temps_different
2406 || 2413 || 2411,2,33,91,"Il savait que dans la vie il faut faire la part des frottements, et comme les frottements retardent, il ne se frottait à personne.",Il,faut,dans la vie,pendant les quelques instants,1872-10-02-11-00,,,precedent_context,avait,ce mercredi 2 octobre 1872,1872-10-02-00-00,,,precedent_context,êtes,1872-10-02-11,1872-10-02-00,temps_different
_ || 2414 || 2416,2,33,91,"Il savait que dans la vie il faut faire la part des frottements, et comme les frottements retardent, il ne se frottait à personne.",,faire,la part des frottements,pendant les quelques instants,1872-10-02-11-00,,,precedent_context,avait,ce mercredi 2 octobre 1872,1872-10-02-00-00,,,precedent_context,êtes,1872-10-02-11,1872-10-02-00,temps_different
2423 || 2424 || _,2,33,91,"Il savait que dans la vie il faut faire la part des frottements, et comme les frottements retardent, il ne se frottait à personne.",les frottements,retardent,,pendant les quelques instants,1872-10-02-11-00,,,precedent_context,avait,ce mercredi 2 octobre 1872,1872-10-02-00-00,,,precedent_context,êtes,1872-10-02-11,1872-10-02-00,temps_different
2426 || 2429 || 2428,2,33,91,"Il savait que dans la vie il faut faire la part des frottements, et comme les frottements retardent, il ne se frottait à personne.",il,frottait,se,pendant les quelques instants,1872-10-02-11-00,,,precedent_context,avait,ce mercredi 2 octobre 1872,1872-10-02-00-00,,,precedent_context,êtes,1872-10-02-11,1872-10-02-00,temps_different
2426 || 2429 || 2431,2,33,91,"Il savait que dans la vie il faut faire la part des frottements, et comme les frottements retardent, il ne se frottait à personne.",il,frottait,à personne,pendant les quelques instants,1872-10-02-11-00,,,precedent_context,avait,ce mercredi 2 octobre 1872,1872-10-02-00-00,,,precedent_context,êtes,1872-10-02-11,1872-10-02-00,temps_different
_ || 2437 || 2438,2,34,92,"Quant à Jean, dit Passepartout, un vrai Parisien de Paris, depuis cinq ans qu' il habitait l' Angleterre et y faisait à Londres le métier de valet de chambre, il avait cherché vainement un maître auquel il pût s' attacher.",,dit,Passepartout,depuis cinq ans,1867-00-00-00-00,,,ud_scope_anchor,cherché,ce mercredi 2 octobre 1872,1872-10-02-00-00,,,precedent_context,êtes,1867-00-00-00,1872-10-02-00,temps_different
2450 || 2451 || 2453,2,34,92,"Quant à Jean, dit Passepartout, un vrai Parisien de Paris, depuis cinq ans qu' il habitait l' Angleterre et y faisait à Londres le métier de valet de chambre, il avait cherché vainement un maître auquel il pût s' attacher.",il,habitait,l'Angleterre,depuis cinq ans,1867-00-00-00-00,,,ud_scope_anchor,cherché,ce mercredi 2 octobre 1872,1872-10-02-00-00,,,precedent_context,êtes,1867-00-00-00,1872-10-02-00,temps_different
2450 || 2456 || 2455,2,34,92,"Quant à Jean, dit Passepartout, un vrai Parisien de Paris, depuis cinq ans qu' il habitait l' Angleterre et y faisait à Londres le métier de valet de chambre, il avait cherché vainement un maître auquel il pût s' attacher.",il,faisait,y,depuis cinq ans,1867-00-00-00-00,,,ud_scope_anchor,cherché,ce mercredi 2 octobre 1872,1872-10-02-00-00,,,precedent_context,êtes,1867-00-00-00,1872-10-02-00,temps_different
2450 || 2456 || 2458,2,34,92,"Quant à Jean, dit Passepartout, un vrai Parisien de Paris, depuis cinq ans qu' il habitait l' Angleterre et y faisait à Londres le métier de valet de chambre, il avait cherché vainement un maître auquel il pût s' attacher.",il,faisait,à Londres,depuis cinq ans,1867-00-00-00-00,,,ud_scope_anchor,cherché,ce mercredi 2 octobre 1872,1872-10-02-00-00,,,precedent_context,êtes,1867-00-00-00,1872-10-02-00,temps_different
2450 || 2456 || 2460,2,34,92,"Quant à Jean, dit Passepartout, un vrai Parisien de Paris, depuis cinq ans qu' il habitait l' Angleterre et y faisait à Londres le métier de valet de chambre, il avait cherché vainement un maître auquel il pût s' attacher.",il,faisait,le métier de valet de chambre,depuis cinq ans,1867-00-00-00-00,,,ud_scope_anchor,cherché,ce mercredi 2 octobre 1872,1872-10-02-00-00,,,precedent_context,êtes,1867-00-00-00,1872-10-02-00,temps_different
2466 || 2468 || 2435,2,34,92,"Quant à Jean, dit Passepartout, un vrai Parisien de Paris, depuis cinq ans qu' il habitait l' Angleterre et y faisait à Londres le métier de valet de chambre, il avait cherché vainement un maître auquel il pût s' attacher.",il,cherché,Quant à Jean un vrai Parisien de Paris,depuis cinq ans,1867-00-00-00-00,,,ud_direct,cherché,depuis cinq ans,1872-10-02-00-00,1867-10-02 00:00,1872-10-02 00:00,ud_direct,cherché,1867-00-00-00,1872-10-02-00,temps_different
2466 || 2468 || 2448,2,34,92,"Quant à Jean, dit Passepartout, un vrai Parisien de Paris, depuis cinq ans qu' il habitait l' Angleterre et y faisait à Londres le métier de valet de chambre, il avait cherché vainement un maître auquel il pût s' attacher.",il,cherché,depuis cinq ans,depuis cinq ans,1867-00-00-00-00,,,objet,cherché,depuis cinq ans,1872-10-02-00-00,1867-10-02 00:00,1872-10-02 00:00,objet,cherché,1867-00-00-00,1872-10-02-00,temps_different
2466 || 2468 || 2471,2,34,92,"Quant à Jean, dit Passepartout, un vrai Parisien de Paris, depuis cinq ans qu' il habitait l' Angleterre et y faisait à Londres le métier de valet de chambre, il avait cherché vainement un maître auquel il pût s' attacher.",il,cherché,un maître,depuis cinq ans,1867-00-00-00-00,,,ud_direct,cherché,depuis cinq ans,1872-10-02-00-00,1867-10-02 00:00,1872-10-02 00:00,ud_direct,cherché,1867-00-00-00,1872-10-02-00,temps_different
2473 || 2474 || _,2,34,92,"Quant à Jean, dit Passepartout, un vrai Parisien de Paris, depuis cinq ans qu' il habitait l' Angleterre et y faisait à Londres le métier de valet de chambre, il avait cherché vainement un maître auquel il pût s' attacher.",il,pût,,depuis cinq ans,1867-00-00-00-00,,,ud_scope_anchor,cherché,ce mercredi 2 octobre 1872,1872-10-02-00-00,,,precedent_context,êtes,1867-00-00-00,1872-10-02-00,temps_different
2473 || 2476 || 2475,2,34,92,"Quant à Jean, dit Passepartout, un vrai Parisien de Paris, depuis cinq ans qu' il habitait l' Angleterre et y faisait à Londres le métier de valet de chambre, il avait cherché vainement un maître auquel il pût s' attacher.",il,attacher,s',depuis cinq ans,1867-00-00-00-00,,,ud_scope_anchor,cherché,ce mercredi 2 octobre 1872,1872-10-02-00-00,,,precedent_context,êtes,1867-00-00-00,1872-10-02-00,temps_different
_ || 2501 || _,2,35,93,"Passepartout n' était point un de ces Frontins ou Mascarilles qui, les épaules hautes, le nez au vent, le regard assuré, l' œil sec, ne sont que d' impudents drôles. Non.",,assuré,,depuis cinq ans,1867-00-00-00-00,,,precedent_context,cherché,ce mercredi 2 octobre 1872,1872-10-02-00-00,,,precedent_context,êtes,1867-00-00-00,1872-10-02-00,temps_different
_ || 2535 || _,2,35,94,"Passepartout était un brave garçon, de physionomie aimable, aux lèvres un peu saillantes, toujours prêtes à goûter ou à caresser, un être doux et serviable, avec une de ces bonnes têtes rondes que l' on aime à voir sur les épaules d' un ami.",,goûter,,depuis cinq ans,1867-00-00-00-00,,,precedent_context,cherché,ce mercredi 2 octobre 1872,1872-10-02-00-00,,,precedent_context,êtes,1867-00-00-00,1872-10-02-00,temps_different
_ || 2538 || _,2,35,94,"Passepartout était un brave garçon, de physionomie aimable, aux lèvres un peu saillantes, toujours prêtes à goûter ou à caresser, un être doux et serviable, avec une de ces bonnes têtes rondes que l' on aime à voir sur les épaules d' un ami.",,caresser,,depuis cinq ans,1867-00-00-00-00,,,precedent_context,cherché,ce mercredi 2 octobre 1872,1872-10-02-00-00,,,precedent_context,êtes,1867-00-00-00,1872-10-02-00,temps_different
2554 || 2556 || 2553,2,35,94,"Passepartout était un brave garçon, de physionomie aimable, aux lèvres un peu saillantes, toujours prêtes à goûter ou à caresser, un être doux et serviable, avec une de ces bonnes têtes rondes que l' on aime à voir sur les épaules d' un ami.",l',aime,que,depuis cinq ans,1867-00-00-00-00,,,precedent_context,cherché,ce mercredi 2 octobre 1872,1872-10-02-00-00,,,precedent_context,êtes,1867-00-00-00,1872-10-02-00,temps_different
2554 || 2558 || 2561,2,35,94,"Passepartout était un brave garçon, de physionomie aimable, aux lèvres un peu saillantes, toujours prêtes à goûter ou à caresser, un être doux et serviable, avec une de ces bonnes têtes rondes que l' on aime à voir sur les épaules d' un ami.",l',voir,sur les épaules d'un ami,depuis cinq ans,1867-00-00-00-00,,,precedent_context,cherché,ce mercredi 2 octobre 1872,1872-10-02-00-00,,,precedent_context,êtes,1867-00-00-00,1872-10-02-00,temps_different
2566 || 2567 || 2569,2,35,95,"Il avait les yeux bleus, le teint animé, la figure assez grasse pour qu' il pût lui-même voir les pommettes de ses joues, la poitrine large, la taille forte, une musculature vigoureuse, et il possédait une force herculéenne que les exercices de sa jeunesse avaient admirablement développée.",Il,avait,les yeux bleus le teint la figure assez grasse,depuis cinq ans,1867-00-00-00-00,,,precedent_context,cherché,ce mercredi 2 octobre 1872,1872-10-02-00-00,,,precedent_context,êtes,1867-00-00-00,1872-10-02-00,temps_different
_ || 2574 || _,2,35,95,"Il avait les yeux bleus, le teint animé, la figure assez grasse pour qu' il pût lui-même voir les pommettes de ses joues, la poitrine large, la taille forte, une musculature vigoureuse, et il possédait une force herculéenne que les exercices de sa jeunesse avaient admirablement développée.",,animé,,depuis cinq ans,1867-00-00-00-00,,,precedent_context,cherché,ce mercredi 2 octobre 1872,1872-10-02-00-00,,,precedent_context,êtes,1867-00-00-00,1872-10-02-00,temps_different
2582 || 2583 || _,2,35,95,"Il avait les yeux bleus, le teint animé, la figure assez grasse pour qu' il pût lui-même voir les pommettes de ses joues, la poitrine large, la taille forte, une musculature vigoureuse, et il possédait une force herculéenne que les exercices de sa jeunesse avaient admirablement développée.",il,pût,,depuis cinq ans,1867-00-00-00-00,,,precedent_context,cherché,ce mercredi 2 octobre 1872,1872-10-02-00-00,,,precedent_context,êtes,1867-00-00-00,1872-10-02-00,temps_different
2582 || 2585 || 2587,2,35,95,"Il avait les yeux bleus, le teint animé, la figure assez grasse pour qu' il pût lui-même voir les pommettes de ses joues, la poitrine large, la taille forte, une musculature vigoureuse, et il possédait une force herculéenne que les exercices de sa jeunesse avaient admirablement développée.",il,voir,les pommettes de ses joues la poitrine large la taille forte une musculature vigoureuse,depuis cinq ans,1867-00-00-00-00,,,precedent_context,cherché,ce mercredi 2 octobre 1872,1872-10-02-00-00,,,precedent_context,êtes,1867-00-00-00,1872-10-02-00,temps_different
2605 || 2606 || 2608,2,35,95,"Il avait les yeux bleus, le teint animé, la figure assez grasse pour qu' il pût lui-même voir les pommettes de ses joues, la poitrine large, la taille forte, une musculature vigoureuse, et il possédait une force herculéenne que les exercices de sa jeunesse avaient admirablement développée.",il,possédait,une force herculéenne,depuis cinq ans,1867-00-00-00-00,,,precedent_context,cherché,ce mercredi 2 octobre 1872,1872-10-02-00-00,,,precedent_context,êtes,1867-00-00-00,1872-10-02-00,temps_different
2612 || 2618 || 2610,2,35,95,"Il avait les yeux bleus, le teint animé, la figure assez grasse pour qu' il pût lui-même voir les pommettes de ses joues, la poitrine large, la taille forte, une musculature vigoureuse, et il possédait une force herculéenne que les exercices de sa jeunesse avaient admirablement développée.",les exercices de sa jeunesse,développée,que,depuis cinq ans,1867-00-00-00-00,,,precedent_context,cherché,ce mercredi 2 octobre 1872,1872-10-02-00-00,,,precedent_context,êtes,1867-00-00-00,1872-10-02-00,temps_different
2630 || 2634 || 2636,2,35,97,"Si les sculpteurs de l' Antiquité connaissaient dix-huit façons d' arranger la chevelure de Minerve, Passepartout n' en connaissait qu' une pour disposer la sienne: trois coups de démêloir, et il était coiffé.",les sculpteurs de l'Antiquité,connaissaient,dix-huit façons,depuis cinq ans,1867-00-00-00-00,,,precedent_context,cherché,ce mercredi 2 octobre 1872,1872-10-02-00-00,,,precedent_context,êtes,1867-00-00-00,1872-10-02-00,temps_different
_ || 2638 || 2640,2,35,97,"Si les sculpteurs de l' Antiquité connaissaient dix-huit façons d' arranger la chevelure de Minerve, Passepartout n' en connaissait qu' une pour disposer la sienne: trois coups de démêloir, et il était coiffé.",,arranger,la chevelure de Minerve,depuis cinq ans,1867-00-00-00-00,,,precedent_context,cherché,ce mercredi 2 octobre 1872,1872-10-02-00-00,,,precedent_context,êtes,1867-00-00-00,1872-10-02-00,temps_different
2644 || 2647 || 2646,2,35,97,"Si les sculpteurs de l' Antiquité connaissaient dix-huit façons d' arranger la chevelure de Minerve, Passepartout n' en connaissait qu' une pour disposer la sienne: trois coups de démêloir, et il était coiffé.",Passepartout,connaissait,en,depuis cinq ans,1867-00-00-00-00,,,precedent_context,cherché,ce mercredi 2 octobre 1872,1872-10-02-00-00,,,precedent_context,êtes,1867-00-00-00,1872-10-02-00,temps_different
2644 || 2647 || 2649,2,35,97,"Si les sculpteurs de l' Antiquité connaissaient dix-huit façons d' arranger la chevelure de Minerve, Passepartout n' en connaissait qu' une pour disposer la sienne: trois coups de démêloir, et il était coiffé.",Passepartout,connaissait,qu'une,depuis cinq ans,1867-00-00-00-00,,,precedent_context,cherché,ce mercredi 2 octobre 1872,1872-10-02-00-00,,,precedent_context,êtes,1867-00-00-00,1872-10-02-00,temps_different
2644 || 2651 || 2653,2,35,97,"Si les sculpteurs de l' Antiquité connaissaient dix-huit façons d' arranger la chevelure de Minerve, Passepartout n' en connaissait qu' une pour disposer la sienne: trois coups de démêloir, et il était coiffé.",Passepartout,disposer,la sienne,depuis cinq ans,1867-00-00-00-00,,,precedent_context,cherché,ce mercredi 2 octobre 1872,1872-10-02-00-00,,,precedent_context,êtes,1867-00-00-00,1872-10-02-00,temps_different
2644 || 2651 || 2656,2,35,97,"Si les sculpteurs de l' Antiquité connaissaient dix-huit façons d' arranger la chevelure de Minerve, Passepartout n' en connaissait qu' une pour disposer la sienne: trois coups de démêloir, et il était coiffé.",Passepartout,disposer,trois coups de démêloir,depuis cinq ans,1867-00-00-00-00,,,precedent_context,cherché,ce mercredi 2 octobre 1872,1872-10-02-00-00,,,precedent_context,êtes,1867-00-00-00,1872-10-02-00,temps_different
2661 || 2663 || _,2,35,97,"Si les sculpteurs de l' Antiquité connaissaient dix-huit façons d' arranger la chevelure de Minerve, Passepartout n' en connaissait qu' une pour disposer la sienne: trois coups de démêloir, et il était coiffé.",il,coiffé,,depuis cinq ans,1867-00-00-00-00,,,precedent_context,cherché,ce mercredi 2 octobre 1872,1872-10-02-00-00,,,precedent_context,êtes,1867-00-00-00,1872-10-02-00,temps_different
_ || 2666 || _,2,36,98,"De dire si le caractère expansif de ce garçon s' accorderait avec celui de Phileas Fogg, c' est ce que la prudence la plus élémentaire ne permet pas.",,dire,,depuis cinq ans,1867-00-00-00-00,,,precedent_context,cherché,ce mercredi 2 octobre 1872,1872-10-02-00-00,,,precedent_context,êtes,1867-00-00-00,1872-10-02-00,temps_different
2669 || 2675 || 2677,2,36,98,"De dire si le caractère expansif de ce garçon s' accorderait avec celui de Phileas Fogg, c' est ce que la prudence la plus élémentaire ne permet pas.",le caractère expansif de ce garçon,accorderait,avec celui de Phileas Fogg,depuis cinq ans,1867-00-00-00-00,,,precedent_context,cherché,ce mercredi 2 octobre 1872,1872-10-02-00-00,,,precedent_context,êtes,1867-00-00-00,1872-10-02-00,temps_different
2687 || 2692 || 2685,2,36,98,"De dire si le caractère expansif de ce garçon s' accorderait avec celui de Phileas Fogg, c' est ce que la prudence la plus élémentaire ne permet pas.",la prudence la plus élémentaire,permet,que,depuis cinq ans,1867-00-00-00-00,,,precedent_context,cherché,ce mercredi 2 octobre 1872,1872-10-02-00-00,,,precedent_context,êtes,1867-00-00-00,1872-10-02-00,temps_different
_ || 2704 || 2702,2,36,99,Passepartout serait -il ce domestique foncièrement exact qu' il fallait à son maître?,,fallait,qu',depuis cinq ans,1867-00-00-00-00,,,precedent_context,cherché,ce mercredi 2 octobre 1872,1872-10-02-00-00,,,precedent_context,êtes,1867-00-00-00,1872-10-02-00,temps_different
_ || 2704 || 2707,2,36,99,Passepartout serait -il ce domestique foncièrement exact qu' il fallait à son maître?,,fallait,à son maître,depuis cinq ans,1867-00-00-00-00,,,precedent_context,cherché,ce mercredi 2 octobre 1872,1872-10-02-00-00,,,precedent_context,êtes,1867-00-00-00,1872-10-02-00,temps_different
2709 || 2712 || 2711,2,36,100,On ne le verrait qu' à l' user.,On,verrait,le,depuis cinq ans,1867-00-00-00-00,,,precedent_context,cherché,ce mercredi 2 octobre 1872,1872-10-02-00-00,,,precedent_context,êtes,1867-00-00-00,1872-10-02-00,temps_different
2709 || 2716 || 2715,2,36,100,On ne le verrait qu' à l' user.,On,user,l',depuis cinq ans,1867-00-00-00-00,,,precedent_context,cherché,ce mercredi 2 octobre 1872,1872-10-02-00-00,,,precedent_context,êtes,1867-00-00-00,1872-10-02-00,temps_different
2722 || 2720 || _,2,36,101,"Après avoir eu, on le sait, une jeunesse assez vagabonde, il aspirait au repos.",on,eu,,depuis cinq ans,1867-00-00-00-00,,,precedent_context,cherché,ce mercredi 2 octobre 1872,1872-10-02-00-00,,,precedent_context,êtes,1867-00-00-00,1872-10-02-00,temps_different
2722 || 2724 || 2723,2,36,101,"Après avoir eu, on le sait, une jeunesse assez vagabonde, il aspirait au repos.",on,sait,le,depuis cinq ans,1867-00-00-00-00,,,precedent_context,cherché,ce mercredi 2 octobre 1872,1872-10-02-00-00,,,precedent_context,êtes,1867-00-00-00,1872-10-02-00,temps_different
2731 || 2732 || 2727,2,36,101,"Après avoir eu, on le sait, une jeunesse assez vagabonde, il aspirait au repos.",il,aspirait,une jeunesse assez vagabonde,depuis cinq ans,1867-00-00-00-00,,,precedent_context,cherché,ce mercredi 2 octobre 1872,1872-10-02-00-00,,,precedent_context,êtes,1867-00-00-00,1872-10-02-00,temps_different
2731 || 2732 || 2734,2,36,101,"Après avoir eu, on le sait, une jeunesse assez vagabonde, il aspirait au repos.",il,aspirait,au repos,depuis cinq ans,1867-00-00-00-00,,,precedent_context,cherché,ce mercredi 2 octobre 1872,1872-10-02-00-00,,,precedent_context,êtes,1867-00-00-00,1872-10-02-00,temps_different
2749 || 2737 || _,2,36,102,"Ayant entendu vanter le méthodisme anglais et la froideur proverbiale des gentlemen, il vint chercher fortune en Angleterre.",il,entendu,,depuis cinq ans,1867-00-00-00-00,,,precedent_context,cherché,ce mercredi 2 octobre 1872,1872-10-02-00-00,,,precedent_context,êtes,1867-00-00-00,1872-10-02-00,temps_different
_ || 2738 || 2740,2,36,102,"Ayant entendu vanter le méthodisme anglais et la froideur proverbiale des gentlemen, il vint chercher fortune en Angleterre.",,vanter,le méthodisme anglais et la froideur proverbiale des gentlemen,depuis cinq ans,1867-00-00-00-00,,,precedent_context,cherché,ce mercredi 2 octobre 1872,1872-10-02-00-00,,,precedent_context,êtes,1867-00-00-00,1872-10-02-00,temps_different
2749 || 2750 || _,2,36,102,"Ayant entendu vanter le méthodisme anglais et la froideur proverbiale des gentlemen, il vint chercher fortune en Angleterre.",il,vint,,depuis cinq ans,1867-00-00-00-00,,,precedent_context,cherché,ce mercredi 2 octobre 1872,1872-10-02-00-00,,,precedent_context,êtes,1867-00-00-00,1872-10-02-00,temps_different
2749 || 2751 || 2752,2,36,102,"Ayant entendu vanter le méthodisme anglais et la froideur proverbiale des gentlemen, il vint chercher fortune en Angleterre.",il,chercher,fortune,depuis cinq ans,1867-00-00-00-00,,,precedent_context,cherché,ce mercredi 2 octobre 1872,1872-10-02-00-00,,,precedent_context,êtes,1867-00-00-00,1872-10-02-00,temps_different
2749 || 2751 || 2754,2,36,102,"Ayant entendu vanter le méthodisme anglais et la froideur proverbiale des gentlemen, il vint chercher fortune en Angleterre.",il,chercher,en Angleterre,depuis cinq ans,1867-00-00-00-00,,,precedent_context,cherché,ce mercredi 2 octobre 1872,1872-10-02-00-00,,,precedent_context,êtes,1867-00-00-00,1872-10-02-00,temps_different
2762 || 2766 || 2763,2,36,103,"Mais, jusqu' alors, le sort l' avait mal servi.",le sort,servi,l',depuis cinq ans,1867-00-00-00-00,,,precedent_context,cherché,ce mercredi 2 octobre 1872,1872-10-02-00-00,,,precedent_context,êtes,1867-00-00-00,1872-10-02-00,temps_different
2768 || 2771 || _,2,36,104,Il n' avait pu prendre racine nulle part.,Il,pu,,depuis cinq ans,1867-00-00-00-00,,,precedent_context,cherché,ce mercredi 2 octobre 1872,1872-10-02-00-00,,,precedent_context,êtes,1867-00-00-00,1872-10-02-00,temps_different
2768 || 2772 || 2773,2,36,104,Il n' avait pu prendre racine nulle part.,Il,prendre,racine,depuis cinq ans,1867-00-00-00-00,,,precedent_context,cherché,ce mercredi 2 octobre 1872,1872-10-02-00-00,,,precedent_context,êtes,1867-00-00-00,1872-10-02-00,temps_different
2768 || 2772 || 2775,2,36,104,Il n' avait pu prendre racine nulle part.,Il,prendre,nulle part,depuis cinq ans,1867-00-00-00-00,,,precedent_context,cherché,ce mercredi 2 octobre 1872,1872-10-02-00-00,,,precedent_context,êtes,1867-00-00-00,1872-10-02-00,temps_different
2777 || 2779 || 2781,2,36,105,Il avait fait dix maisons.,Il,fait,dix maisons,depuis cinq ans,1867-00-00-00-00,,,precedent_context,cherché,ce mercredi 2 octobre 1872,1872-10-02-00-00,,,precedent_context,êtes,1867-00-00-00,1872-10-02-00,temps_different
2802 || 2804 || _,2,36,106,"Dans toutes, on était fantasque, inégal, coureur d' aventures ou coureur de pays,- ce qui ne pouvait plus convenir à Passepartout.",qui,pouvait,,depuis cinq ans,1867-00-00-00-00,,,precedent_context,cherché,ce mercredi 2 octobre 1872,1872-10-02-00-00,,,precedent_context,êtes,1867-00-00-00,1872-10-02-00,temps_different
2802 || 2806 || 2808,2,36,106,"Dans toutes, on était fantasque, inégal, coureur d' aventures ou coureur de pays,- ce qui ne pouvait plus convenir à Passepartout.",qui,convenir,à Passepartout,depuis cinq ans,1867-00-00-00-00,,,precedent_context,cherché,ce mercredi 2 octobre 1872,1872-10-02-00-00,,,precedent_context,êtes,1867-00-00-00,1872-10-02-00,temps_different
_ || 2825 || 2827,2,36,107,"Son dernier maître, le jeune Lord Longsferry, membre du Parlement, après avoir passé ses nuits dans les« oysters - rooms» d' Hay - Market, rentrait trop souvent au logis sur les épaules des policemen.",,passé,ses nuits,ses nuits,,,,objet,passé,ce mercredi 2 octobre 1872,1872-10-02-00-00,,,precedent_context,êtes,,1872-10-02-00,seulement_auto
_ || 2825 || 2831,2,36,107,"Son dernier maître, le jeune Lord Longsferry, membre du Parlement, après avoir passé ses nuits dans les« oysters - rooms» d' Hay - Market, rentrait trop souvent au logis sur les épaules des policemen.",,passé,dans les oysters-rooms,ses nuits,,,,ud_direct,passé,ce mercredi 2 octobre 1872,1872-10-02-00-00,,,precedent_context,êtes,,1872-10-02-00,seulement_auto
_ || 2825 || 2832,2,36,107,"Son dernier maître, le jeune Lord Longsferry, membre du Parlement, après avoir passé ses nuits dans les« oysters - rooms» d' Hay - Market, rentrait trop souvent au logis sur les épaules des policemen.",,passé,oysters-rooms,ses nuits,,,,ud_direct,passé,ce mercredi 2 octobre 1872,1872-10-02-00-00,,,precedent_context,êtes,,1872-10-02-00,seulement_auto
_ || 2825 || 2833,2,36,107,"Son dernier maître, le jeune Lord Longsferry, membre du Parlement, après avoir passé ses nuits dans les« oysters - rooms» d' Hay - Market, rentrait trop souvent au logis sur les épaules des policemen.",,passé,oysters-rooms d'Hay-Market,ses nuits,,,,ud_direct,passé,ce mercredi 2 octobre 1872,1872-10-02-00-00,,,precedent_context,êtes,,1872-10-02-00,seulement_auto
_ || 2825 || 2837,2,36,107,"Son dernier maître, le jeune Lord Longsferry, membre du Parlement, après avoir passé ses nuits dans les« oysters - rooms» d' Hay - Market, rentrait trop souvent au logis sur les épaules des policemen.",,passé,Hay-Market,ses nuits,,,,ud_direct,passé,ce mercredi 2 octobre 1872,1872-10-02-00-00,,,precedent_context,êtes,,1872-10-02-00,seulement_auto
2812 || 2840 || 2844,2,36,107,"Son dernier maître, le jeune Lord Longsferry, membre du Parlement, après avoir passé ses nuits dans les« oysters - rooms» d' Hay - Market, rentrait trop souvent au logis sur les épaules des policemen.",Son dernier maître le jeune Lord Longsferry membre du Parlement Hay-Market,rentrait,au logis,depuis cinq ans,1867-00-00-00-00,,,precedent_context,cherché,ce mercredi 2 octobre 1872,1872-10-02-00-00,,,precedent_context,êtes,1867-00-00-00,1872-10-02-00,temps_different
2812 || 2840 || 2847,2,36,107,"Son dernier maître, le jeune Lord Longsferry, membre du Parlement, après avoir passé ses nuits dans les« oysters - rooms» d' Hay - Market, rentrait trop souvent au logis sur les épaules des policemen.",Son dernier maître le jeune Lord Longsferry membre du Parlement Hay-Market,rentrait,sur les épaules des policemen,depuis cinq ans,1867-00-00-00-00,,,precedent_context,cherché,ce mercredi 2 octobre 1872,1872-10-02-00-00,,,precedent_context,êtes,1867-00-00-00,1872-10-02-00,temps_different
_ || 2853 || 2855,2,36,108,"Passepartout, voulant avant tout pouvoir respecter son maître, risqua quelques respectueuses observations qui furent mal reçues, et il rompit.",,voulant,avant tout,depuis cinq ans,1867-00-00-00-00,,,precedent_context,cherché,ce mercredi 2 octobre 1872,1872-10-02-00-00,,,precedent_context,êtes,1867-00-00-00,1872-10-02-00,temps_different
_ || 2856 || _,2,36,108,"Passepartout, voulant avant tout pouvoir respecter son maître, risqua quelques respectueuses observations qui furent mal reçues, et il rompit.",,pouvoir,,depuis cinq ans,1867-00-00-00-00,,,precedent_context,cherché,ce mercredi 2 octobre 1872,1872-10-02-00-00,,,precedent_context,êtes,1867-00-00-00,1872-10-02-00,temps_different
_ || 2857 || 2859,2,36,108,"Passepartout, voulant avant tout pouvoir respecter son maître, risqua quelques respectueuses observations qui furent mal reçues, et il rompit.",,respecter,son maître,depuis cinq ans,1867-00-00-00-00,,,precedent_context,cherché,ce mercredi 2 octobre 1872,1872-10-02-00-00,,,precedent_context,êtes,1867-00-00-00,1872-10-02-00,temps_different
2851 || 2861 || 2864,2,36,108,"Passepartout, voulant avant tout pouvoir respecter son maître, risqua quelques respectueuses observations qui furent mal reçues, et il rompit.",Passepartout,risqua,quelques respectueuses observations,depuis cinq ans,1867-00-00-00-00,,,precedent_context,cherché,ce mercredi 2 octobre 1872,1872-10-02-00-00,,,precedent_context,êtes,1867-00-00-00,1872-10-02-00,temps_different
2865 || 2868 || _,2,36,108,"Passepartout, voulant avant tout pouvoir respecter son maître, risqua quelques respectueuses observations qui furent mal reçues, et il rompit.",qui,reçues,,depuis cinq ans,1867-00-00-00-00,,,precedent_context,cherché,ce mercredi 2 octobre 1872,1872-10-02-00-00,,,precedent_context,êtes,1867-00-00-00,1872-10-02-00,temps_different
2871 || 2872 || _,2,36,108,"Passepartout, voulant avant tout pouvoir respecter son maître, risqua quelques respectueuses observations qui furent mal reçues, et il rompit.",il,rompit,,depuis cinq ans,1867-00-00-00-00,,,precedent_context,cherché,ce mercredi 2 octobre 1872,1872-10-02-00-00,,,precedent_context,êtes,1867-00-00-00,1872-10-02-00,temps_different
2874 || 2875 || 2879,2,36,109,"Il apprit, sur les entrefaites, que Phileas Fogg, esq., cherchait un domestique.",Il,apprit,sur les entrefaites,depuis cinq ans,1867-00-00-00-00,,,precedent_context,cherché,ce mercredi 2 octobre 1872,1872-10-02-00-00,,,precedent_context,êtes,1867-00-00-00,1872-10-02-00,temps_different
2882 || 2888 || 2890,2,36,109,"Il apprit, sur les entrefaites, que Phileas Fogg, esq., cherchait un domestique.",Phileas Fogg esq,cherchait,un domestique,depuis cinq ans,1867-00-00-00-00,,,precedent_context,cherché,ce mercredi 2 octobre 1872,1872-10-02-00-00,,,precedent_context,êtes,1867-00-00-00,1872-10-02-00,temps_different
2892 || 2893 || 2895,2,36,110,Il prit des renseignements sur ce gentleman.,Il,prit,des renseignements sur ce gentleman,depuis cinq ans,1867-00-00-00-00,,,precedent_context,cherché,ce mercredi 2 octobre 1872,1872-10-02-00-00,,,precedent_context,êtes,1867-00-00-00,1872-10-02-00,temps_different
2909 || 2911 || _,2,36,111,"Un personnage dont l' existence était si régulière, qui ne découchait pas, qui ne voyageait pas, qui ne s' absentait jamais, pas même un jour, ne pouvait que lui convenir.",qui,découchait,,depuis cinq ans,1867-00-00-00-00,,,precedent_context,cherché,ce mercredi 2 octobre 1872,1872-10-02-00-00,,,precedent_context,êtes,1867-00-00-00,1872-10-02-00,temps_different
2914 || 2916 || _,2,36,111,"Un personnage dont l' existence était si régulière, qui ne découchait pas, qui ne voyageait pas, qui ne s' absentait jamais, pas même un jour, ne pouvait que lui convenir.",qui,voyageait,,depuis cinq ans,1867-00-00-00-00,,,precedent_context,cherché,ce mercredi 2 octobre 1872,1872-10-02-00-00,,,precedent_context,êtes,1867-00-00-00,1872-10-02-00,temps_different
2919 || 2922 || 2921,2,36,111,"Un personnage dont l' existence était si régulière, qui ne découchait pas, qui ne voyageait pas, qui ne s' absentait jamais, pas même un jour, ne pouvait que lui convenir.",qui,absentait,s',depuis cinq ans,1867-00-00-00-00,,,precedent_context,cherché,ce mercredi 2 octobre 1872,1872-10-02-00-00,,,precedent_context,êtes,1867-00-00-00,1872-10-02-00,temps_different
2901 || 2931 || _,2,36,111,"Un personnage dont l' existence était si régulière, qui ne découchait pas, qui ne voyageait pas, qui ne s' absentait jamais, pas même un jour, ne pouvait que lui convenir.",Un personnage dont l'existence était si régulière pas même un jour,pouvait,,depuis cinq ans,1867-00-00-00-00,,,precedent_context,cherché,ce mercredi 2 octobre 1872,1872-10-02-00-00,,,precedent_context,êtes,1867-00-00-00,1872-10-02-00,temps_different
2901 || 2934 || 2933,2,36,111,"Un personnage dont l' existence était si régulière, qui ne découchait pas, qui ne voyageait pas, qui ne s' absentait jamais, pas même un jour, ne pouvait que lui convenir.",Un personnage dont l'existence était si régulière pas même un jour,convenir,lui,depuis cinq ans,1867-00-00-00-00,,,precedent_context,cherché,ce mercredi 2 octobre 1872,1872-10-02-00-00,,,precedent_context,êtes,1867-00-00-00,1872-10-02-00,temps_different
2936 || 2938 || 2937,2,36,112,Il se présenta et fut admis dans les circonstances que l' on sait.,Il,présenta,se,depuis cinq ans,1867-00-00-00-00,,,precedent_context,cherché,ce mercredi 2 octobre 1872,1872-10-02-00-00,,,precedent_context,êtes,1867-00-00-00,1872-10-02-00,temps_different
2936 || 2941 || 2944,2,36,112,Il se présenta et fut admis dans les circonstances que l' on sait.,Il,admis,dans les circonstances,depuis cinq ans,1867-00-00-00-00,,,precedent_context,cherché,ce mercredi 2 octobre 1872,1872-10-02-00-00,,,precedent_context,êtes,1867-00-00-00,1872-10-02-00,temps_different
2946 || 2948 || 2945,2,36,112,Il se présenta et fut admis dans les circonstances que l' on sait.,l',sait,que,depuis cinq ans,1867-00-00-00-00,,,precedent_context,cherché,ce mercredi 2 octobre 1872,1872-10-02-00-00,,,precedent_context,êtes,1867-00-00-00,1872-10-02-00,temps_different
2950 || 2957 || _,2,37,113,Passepartout- onze heures et demie étant sonnées- se trouvait donc seul dans la maison de Saville - row.,Passepartout,sonnées,,onze heures et demie,1872-10-02-11-00,,,ud_direct,sonnées,onze heures et demie,1872-10-02-11-30,,,ud_direct,sonnées,1872-10-02-11,1872-10-02-11-30,temps_different
_ || 2960 || 2959,2,37,113,Passepartout- onze heures et demie étant sonnées- se trouvait donc seul dans la maison de Saville - row.,,trouvait,se,depuis cinq ans,1867-00-00-00-00,,,precedent_context,cherché,ce mercredi 2 octobre 1872,1872-10-02-00-00,,,precedent_context,êtes,1867-00-00-00,1872-10-02-00,temps_different
_ || 2960 || 2965,2,37,113,Passepartout- onze heures et demie étant sonnées- se trouvait donc seul dans la maison de Saville - row.,,trouvait,dans la maison de Saville-row,depuis cinq ans,1867-00-00-00-00,,,precedent_context,cherché,ce mercredi 2 octobre 1872,1872-10-02-00-00,,,precedent_context,êtes,1867-00-00-00,1872-10-02-00,temps_different
2972 || 2974 || 2973,2,37,114,Aussitôt il en commença l' inspection.,il,commença,en,depuis cinq ans,1867-00-00-00-00,,,precedent_context,cherché,ce mercredi 2 octobre 1872,1872-10-02-00-00,,,precedent_context,êtes,1867-00-00-00,1872-10-02-00,temps_different
2972 || 2974 || 2976,2,37,114,Aussitôt il en commença l' inspection.,il,commença,l'inspection,depuis cinq ans,1867-00-00-00-00,,,precedent_context,cherché,ce mercredi 2 octobre 1872,1872-10-02-00-00,,,precedent_context,êtes,1867-00-00-00,1872-10-02-00,temps_different
2978 || 2980 || 2979,2,37,115,Il la parcourut de la cave au grenier.,Il,parcourut,la,depuis cinq ans,1867-00-00-00-00,,,precedent_context,cherché,ce mercredi 2 octobre 1872,1872-10-02-00-00,,,precedent_context,êtes,1867-00-00-00,1872-10-02-00,temps_different
2978 || 2980 || 2983,2,37,115,Il la parcourut de la cave au grenier.,Il,parcourut,de la cave au grenier,depuis cinq ans,1867-00-00-00-00,,,precedent_context,cherché,ce mercredi 2 octobre 1872,1872-10-02-00-00,,,precedent_context,êtes,1867-00-00-00,1872-10-02-00,temps_different
_ || 2991 || _,2,37,116,"Cette maison propre, rangée, sévère, puritaine, bien organisée pour le service, lui plut.",,rangée,,depuis cinq ans,1867-00-00-00-00,,,precedent_context,cherché,ce mercredi 2 octobre 1872,1872-10-02-00-00,,,precedent_context,êtes,1867-00-00-00,1872-10-02-00,temps_different
_ || 2998 || 3001,2,37,116,"Cette maison propre, rangée, sévère, puritaine, bien organisée pour le service, lui plut.",,organisée,pour le service,depuis cinq ans,1867-00-00-00-00,,,precedent_context,cherché,ce mercredi 2 octobre 1872,1872-10-02-00-00,,,precedent_context,êtes,1867-00-00-00,1872-10-02-00,temps_different
2988 || 3004 || 3003,2,37,116,"Cette maison propre, rangée, sévère, puritaine, bien organisée pour le service, lui plut.",Cette maison propre sévère puritaine,plut,lui,depuis cinq ans,1867-00-00-00-00,,,precedent_context,cherché,ce mercredi 2 octobre 1872,1872-10-02-00-00,,,precedent_context,êtes,1867-00-00-00,1872-10-02-00,temps_different
3006 || 3008 || 3007,2,37,117,"Elle lui fit l' effet d' une belle coquille de colimaçon, mais d' une coquille éclairée et chauffée au gaz, car l' hydrogène carburé y suffisait à tous les besoins de lumière et de chaleur.",Elle,fit,lui,depuis cinq ans,1867-00-00-00-00,,,precedent_context,cherché,ce mercredi 2 octobre 1872,1872-10-02-00-00,,,precedent_context,êtes,1867-00-00-00,1872-10-02-00,temps_different
3006 || 3008 || 3010,2,37,117,"Elle lui fit l' effet d' une belle coquille de colimaçon, mais d' une coquille éclairée et chauffée au gaz, car l' hydrogène carburé y suffisait à tous les besoins de lumière et de chaleur.",Elle,fit,l'effet,depuis cinq ans,1867-00-00-00-00,,,precedent_context,cherché,ce mercredi 2 octobre 1872,1872-10-02-00-00,,,precedent_context,êtes,1867-00-00-00,1872-10-02-00,temps_different
3006 || 3008 || 3014,2,37,117,"Elle lui fit l' effet d' une belle coquille de colimaçon, mais d' une coquille éclairée et chauffée au gaz, car l' hydrogène carburé y suffisait à tous les besoins de lumière et de chaleur.",Elle,fit,d'une belle coquille de colimaçon mais d'une coquille,depuis cinq ans,1867-00-00-00-00,,,precedent_context,cherché,ce mercredi 2 octobre 1872,1872-10-02-00-00,,,precedent_context,êtes,1867-00-00-00,1872-10-02-00,temps_different
_ || 3022 || _,2,37,117,"Elle lui fit l' effet d' une belle coquille de colimaçon, mais d' une coquille éclairée et chauffée au gaz, car l' hydrogène carburé y suffisait à tous les besoins de lumière et de chaleur.",,éclairée,,depuis cinq ans,1867-00-00-00-00,,,precedent_context,cherché,ce mercredi 2 octobre 1872,1872-10-02-00-00,,,precedent_context,êtes,1867-00-00-00,1872-10-02-00,temps_different
_ || 3024 || 3026,2,37,117,"Elle lui fit l' effet d' une belle coquille de colimaçon, mais d' une coquille éclairée et chauffée au gaz, car l' hydrogène carburé y suffisait à tous les besoins de lumière et de chaleur.",,chauffée,au gaz,depuis cinq ans,1867-00-00-00-00,,,precedent_context,cherché,ce mercredi 2 octobre 1872,1872-10-02-00-00,,,precedent_context,êtes,1867-00-00-00,1872-10-02-00,temps_different
_ || 3031 || _,2,37,117,"Elle lui fit l' effet d' une belle coquille de colimaçon, mais d' une coquille éclairée et chauffée au gaz, car l' hydrogène carburé y suffisait à tous les besoins de lumière et de chaleur.",,carburé,,depuis cinq ans,1867-00-00-00-00,,,precedent_context,cherché,ce mercredi 2 octobre 1872,1872-10-02-00-00,,,precedent_context,êtes,1867-00-00-00,1872-10-02-00,temps_different
3030 || 3033 || 3032,2,37,117,"Elle lui fit l' effet d' une belle coquille de colimaçon, mais d' une coquille éclairée et chauffée au gaz, car l' hydrogène carburé y suffisait à tous les besoins de lumière et de chaleur.",l'hydrogène,suffisait,y,depuis cinq ans,1867-00-00-00-00,,,precedent_context,cherché,ce mercredi 2 octobre 1872,1872-10-02-00-00,,,precedent_context,êtes,1867-00-00-00,1872-10-02-00,temps_different
3030 || 3033 || 3037,2,37,117,"Elle lui fit l' effet d' une belle coquille de colimaçon, mais d' une coquille éclairée et chauffée au gaz, car l' hydrogène carburé y suffisait à tous les besoins de lumière et de chaleur.",l'hydrogène,suffisait,à tous les besoins de lumière et de chaleur,depuis cinq ans,1867-00-00-00-00,,,precedent_context,cherché,ce mercredi 2 octobre 1872,1872-10-02-00-00,,,precedent_context,êtes,1867-00-00-00,1872-10-02-00,temps_different
3044 || 3045 || 3047,2,37,118,"Passepartout trouva sans peine, au second étage, la chambre qui lui était destinée.",Passepartout,trouva,sans peine,depuis cinq ans,1867-00-00-00-00,,,precedent_context,cherché,ce mercredi 2 octobre 1872,1872-10-02-00-00,,,precedent_context,êtes,1867-00-00-00,1872-10-02-00,temps_different
3044 || 3045 || 3051,2,37,118,"Passepartout trouva sans peine, au second étage, la chambre qui lui était destinée.",Passepartout,trouva,au second étage,depuis cinq ans,1867-00-00-00-00,,,precedent_context,cherché,ce mercredi 2 octobre 1872,1872-10-02-00-00,,,precedent_context,êtes,1867-00-00-00,1872-10-02-00,temps_different
3044 || 3045 || 3054,2,37,118,"Passepartout trouva sans peine, au second étage, la chambre qui lui était destinée.",Passepartout,trouva,la chambre,depuis cinq ans,1867-00-00-00-00,,,precedent_context,cherché,ce mercredi 2 octobre 1872,1872-10-02-00-00,,,precedent_context,êtes,1867-00-00-00,1872-10-02-00,temps_different
3055 || 3058 || 3056,2,37,118,"Passepartout trouva sans peine, au second étage, la chambre qui lui était destinée.",qui,destinée,lui,depuis cinq ans,1867-00-00-00-00,,,precedent_context,cherché,ce mercredi 2 octobre 1872,1872-10-02-00-00,,,precedent_context,êtes,1867-00-00-00,1872-10-02-00,temps_different
3060 || 3062 || 3061,2,37,119,Elle lui convint.,Elle,convint,lui,depuis cinq ans,1867-00-00-00-00,,,precedent_context,cherché,ce mercredi 2 octobre 1872,1872-10-02-00-00,,,precedent_context,êtes,1867-00-00-00,1872-10-02-00,temps_different
3065 || 3072 || 3071,2,37,120,Des timbres électriques et des tuyaux acoustiques la mettaient en communication avec les appartements de l' entresol et du premier étage.,Des timbres électriques et des tuyaux acoustiques,mettaient,la,depuis cinq ans,1867-00-00-00-00,,,precedent_context,cherché,ce mercredi 2 octobre 1872,1872-10-02-00-00,,,precedent_context,êtes,1867-00-00-00,1872-10-02-00,temps_different
3065 || 3072 || 3074,2,37,120,Des timbres électriques et des tuyaux acoustiques la mettaient en communication avec les appartements de l' entresol et du premier étage.,Des timbres électriques et des tuyaux acoustiques,mettaient,en communication avec les appartements de l'entresol et du premier étage,depuis cinq ans,1867-00-00-00-00,,,precedent_context,cherché,ce mercredi 2 octobre 1872,1872-10-02-00-00,,,precedent_context,êtes,1867-00-00-00,1872-10-02-00,temps_different
3091 || 3093 || 3088,2,37,121,"Sur la cheminée, une pendule électrique correspondait avec la pendule de la chambre à coucher de Phileas Fogg, et les deux appareils battaient au même instant, la même seconde.",une pendule électrique,correspondait,Sur la cheminée,depuis cinq ans,1867-00-00-00-00,,,precedent_context,cherché,ce mercredi 2 octobre 1872,1872-10-02-00-00,,,precedent_context,êtes,1867-00-00-00,1872-10-02-00,temps_different
3091 || 3093 || 3096,2,37,121,"Sur la cheminée, une pendule électrique correspondait avec la pendule de la chambre à coucher de Phileas Fogg, et les deux appareils battaient au même instant, la même seconde.",une pendule électrique,correspondait,avec la pendule de la chambre à coucher de Phileas Fogg,depuis cinq ans,1867-00-00-00-00,,,precedent_context,cherché,ce mercredi 2 octobre 1872,1872-10-02-00-00,,,precedent_context,êtes,1867-00-00-00,1872-10-02-00,temps_different
3109 || 3110 || 3113,2,37,121,"Sur la cheminée, une pendule électrique correspondait avec la pendule de la chambre à coucher de Phileas Fogg, et les deux appareils battaient au même instant, la même seconde.",les deux appareils,battaient,au même instant,depuis cinq ans,1867-00-00-00-00,,,precedent_context,cherché,ce mercredi 2 octobre 1872,1872-10-02-00-00,,,precedent_context,êtes,1867-00-00-00,1872-10-02-00,temps_different
3109 || 3110 || 3117,2,37,121,"Sur la cheminée, une pendule électrique correspondait avec la pendule de la chambre à coucher de Phileas Fogg, et les deux appareils battaient au même instant, la même seconde.",les deux appareils,battaient,la même seconde,depuis cinq ans,1867-00-00-00-00,,,precedent_context,cherché,ce mercredi 2 octobre 1872,1872-10-02-00-00,,,precedent_context,êtes,1867-00-00-00,1872-10-02-00,temps_different
3120 || 3122 || 3121,2,38,122,"«Cela me va, cela me va!» se dit Passepartout.",Cela,va,me,depuis cinq ans,1867-00-00-00-00,,,precedent_context,cherché,ce mercredi 2 octobre 1872,1872-10-02-00-00,,,precedent_context,êtes,1867-00-00-00,1872-10-02-00,temps_different
3124 || 3126 || 3125,2,38,122,"«Cela me va, cela me va!» se dit Passepartout.",cela,va,me,depuis cinq ans,1867-00-00-00-00,,,precedent_context,cherché,ce mercredi 2 octobre 1872,1872-10-02-00-00,,,precedent_context,êtes,1867-00-00-00,1872-10-02-00,temps_different
3131 || 3130 || 3129,2,38,122,"«Cela me va, cela me va!» se dit Passepartout.",Passepartout,dit,se,depuis cinq ans,1867-00-00-00-00,,,precedent_context,cherché,ce mercredi 2 octobre 1872,1872-10-02-00-00,,,precedent_context,êtes,1867-00-00-00,1872-10-02-00,temps_different
3133 || 3134 || 3139,2,39,123,"Il remarqua aussi, dans sa chambre, une notice affichée au-dessus de la pendule.",Il,remarqua,dans sa chambre,depuis cinq ans,1867-00-00-00-00,,,precedent_context,cherché,ce mercredi 2 octobre 1872,1872-10-02-00-00,,,precedent_context,êtes,1867-00-00-00,1872-10-02-00,temps_different
3133 || 3134 || 3142,2,39,123,"Il remarqua aussi, dans sa chambre, une notice affichée au-dessus de la pendule.",Il,remarqua,une notice,depuis cinq ans,1867-00-00-00-00,,,precedent_context,cherché,ce mercredi 2 octobre 1872,1872-10-02-00-00,,,precedent_context,êtes,1867-00-00-00,1872-10-02-00,temps_different
_ || 3143 || 3144,2,39,123,"Il remarqua aussi, dans sa chambre, une notice affichée au-dessus de la pendule.",,affichée,au-dessus de la pendule,depuis cinq ans,1867-00-00-00-00,,,precedent_context,cherché,ce mercredi 2 octobre 1872,1872-10-02-00-00,,,precedent_context,êtes,1867-00-00-00,1872-10-02-00,temps_different
3157 || 3158 || 3162,2,39,125,"Il comprenait- depuis huit heures du matin, heure réglementaire à laquelle se levait Phileas Fogg, jusqu' à onze heures et demie, heure à laquelle il quittait sa maison pour aller déjeuner au Reform - Club - tous les détails du service, le thé et les rôties de huit heures vingt-trois, l' eau pour la barbe de neuf heures trente-sept, la coiffure de dix heures moins vingt,etc. Puis de onze heures et demie du matin à minuit - heure à laquelle se couchait le méthodique gentleman -, tout était noté, prévu, régularisé.",Il,comprenait,depuis huit heures du matin heure réglementaire,depuis huit heures du matin,1872-00-00-00-00,,,objet,comprenait,depuis huit heures du matin,1872-10-02-08-00,,,objet,comprenait,1872-00-00-00,1872-10-02-08,temps_different
3157 || 3158 || 3178,2,39,125,"Il comprenait- depuis huit heures du matin, heure réglementaire à laquelle se levait Phileas Fogg, jusqu' à onze heures et demie, heure à laquelle il quittait sa maison pour aller déjeuner au Reform - Club - tous les détails du service, le thé et les rôties de huit heures vingt-trois, l' eau pour la barbe de neuf heures trente-sept, la coiffure de dix heures moins vingt,etc. Puis de onze heures et demie du matin à minuit - heure à laquelle se couchait le méthodique gentleman -, tout était noté, prévu, régularisé.",Il,comprenait,jusqu'à onze heures et demie heure Club-tous les détails du service le thé et les rôties de huit heures vingt-trois l'eau pour la barbe de neuf heures trente-sept la coiffure de dix heures moins vingt,jusqu' à onze heures et demie,1872-00-00-00-00,,,objet,comprenait,jusqu' à onze heures et demie,1872-10-02-11-30,,,objet,comprenait,1872-00-00-00,1872-10-02-11-30,temps_different
3172 || 3171 || _,2,39,125,"Il comprenait- depuis huit heures du matin, heure réglementaire à laquelle se levait Phileas Fogg, jusqu' à onze heures et demie, heure à laquelle il quittait sa maison pour aller déjeuner au Reform - Club - tous les détails du service, le thé et les rôties de huit heures vingt-trois, l' eau pour la barbe de neuf heures trente-sept, la coiffure de dix heures moins vingt,etc. Puis de onze heures et demie du matin à minuit - heure à laquelle se couchait le méthodique gentleman -, tout était noté, prévu, régularisé.",Phileas Fogg,levait,,jusqu' à onze heures et demie,1872-00-00-00-00,,,ud_scope_anchor,comprenait,jusqu' à onze heures et demie,1872-10-02-11-30,,,ud_scope_anchor,comprenait,1872-00-00-00,1872-10-02-11-30,temps_different
3185 || 3186 || 3188,2,39,125,"Il comprenait- depuis huit heures du matin, heure réglementaire à laquelle se levait Phileas Fogg, jusqu' à onze heures et demie, heure à laquelle il quittait sa maison pour aller déjeuner au Reform - Club - tous les détails du service, le thé et les rôties de huit heures vingt-trois, l' eau pour la barbe de neuf heures trente-sept, la coiffure de dix heures moins vingt,etc. Puis de onze heures et demie du matin à minuit - heure à laquelle se couchait le méthodique gentleman -, tout était noté, prévu, régularisé.",il,quittait,sa maison,jusqu' à onze heures et demie,1872-00-00-00-00,,,ud_scope_anchor,comprenait,jusqu' à onze heures et demie,1872-10-02-11-30,,,ud_scope_anchor,comprenait,1872-00-00-00,1872-10-02-11-30,temps_different
3185 || 3190 || _,2,39,125,"Il comprenait- depuis huit heures du matin, heure réglementaire à laquelle se levait Phileas Fogg, jusqu' à onze heures et demie, heure à laquelle il quittait sa maison pour aller déjeuner au Reform - Club - tous les détails du service, le thé et les rôties de huit heures vingt-trois, l' eau pour la barbe de neuf heures trente-sept, la coiffure de dix heures moins vingt,etc. Puis de onze heures et demie du matin à minuit - heure à laquelle se couchait le méthodique gentleman -, tout était noté, prévu, régularisé.",il,aller,,jusqu' à onze heures et demie,1872-00-00-00-00,,,ud_scope_anchor,comprenait,jusqu' à onze heures et demie,1872-10-02-11-30,,,ud_scope_anchor,comprenait,1872-00-00-00,1872-10-02-11-30,temps_different
_ || 3191 || 3193,2,39,125,"Il comprenait- depuis huit heures du matin, heure réglementaire à laquelle se levait Phileas Fogg, jusqu' à onze heures et demie, heure à laquelle il quittait sa maison pour aller déjeuner au Reform - Club - tous les détails du service, le thé et les rôties de huit heures vingt-trois, l' eau pour la barbe de neuf heures trente-sept, la coiffure de dix heures moins vingt,etc. Puis de onze heures et demie du matin à minuit - heure à laquelle se couchait le méthodique gentleman -, tout était noté, prévu, régularisé.",,déjeuner,au Reform-Club,jusqu' à onze heures et demie,1872-00-00-00-00,,,ud_scope_anchor,comprenait,jusqu' à onze heures et demie,1872-10-02-11-30,,,ud_scope_anchor,comprenait,1872-00-00-00,1872-10-02-11-30,temps_different
_ || 3191 || 3194,2,39,125,"Il comprenait- depuis huit heures du matin, heure réglementaire à laquelle se levait Phileas Fogg, jusqu' à onze heures et demie, heure à laquelle il quittait sa maison pour aller déjeuner au Reform - Club - tous les détails du service, le thé et les rôties de huit heures vingt-trois, l' eau pour la barbe de neuf heures trente-sept, la coiffure de dix heures moins vingt,etc. Puis de onze heures et demie du matin à minuit - heure à laquelle se couchait le méthodique gentleman -, tout était noté, prévu, régularisé.",,déjeuner,Reform-Club,jusqu' à onze heures et demie,1872-00-00-00-00,,,ud_scope_anchor,comprenait,jusqu' à onze heures et demie,1872-10-02-11-30,,,ud_scope_anchor,comprenait,1872-00-00-00,1872-10-02-11-30,temps_different
_ || 3191 || 3195,2,39,125,"Il comprenait- depuis huit heures du matin, heure réglementaire à laquelle se levait Phileas Fogg, jusqu' à onze heures et demie, heure à laquelle il quittait sa maison pour aller déjeuner au Reform - Club - tous les détails du service, le thé et les rôties de huit heures vingt-trois, l' eau pour la barbe de neuf heures trente-sept, la coiffure de dix heures moins vingt,etc. Puis de onze heures et demie du matin à minuit - heure à laquelle se couchait le méthodique gentleman -, tout était noté, prévu, régularisé.",,déjeuner,Reform-Club-tous,jusqu' à onze heures et demie,1872-00-00-00-00,,,ud_scope_anchor,comprenait,jusqu' à onze heures et demie,1872-10-02-11-30,,,ud_scope_anchor,comprenait,1872-00-00-00,1872-10-02-11-30,temps_different
3250 || 3247 || 3246,2,39,125,"Il comprenait- depuis huit heures du matin, heure réglementaire à laquelle se levait Phileas Fogg, jusqu' à onze heures et demie, heure à laquelle il quittait sa maison pour aller déjeuner au Reform - Club - tous les détails du service, le thé et les rôties de huit heures vingt-trois, l' eau pour la barbe de neuf heures trente-sept, la coiffure de dix heures moins vingt,etc. Puis de onze heures et demie du matin à minuit - heure à laquelle se couchait le méthodique gentleman -, tout était noté, prévu, régularisé.",le méthodique gentleman,couchait,se,jusqu' à onze heures et demie,1872-00-00-00-00,,,precedent_context,comprenait,de onze heures et demie du matin,1872-10-02-11-30,,,ud_scope_anchor,noté,1872-00-00-00,1872-10-02-11-30,temps_different
3253 || 3255 || 3235,2,39,125,"Il comprenait- depuis huit heures du matin, heure réglementaire à laquelle se levait Phileas Fogg, jusqu' à onze heures et demie, heure à laquelle il quittait sa maison pour aller déjeuner au Reform - Club - tous les détails du service, le thé et les rôties de huit heures vingt-trois, l' eau pour la barbe de neuf heures trente-sept, la coiffure de dix heures moins vingt,etc. Puis de onze heures et demie du matin à minuit - heure à laquelle se couchait le méthodique gentleman -, tout était noté, prévu, régularisé.",tout,noté,"de onze heures et demie du matin à minuit-heure gentleman-,",minuit,,,,objet,et,minuit,1872-10-02-00-00,,,objet,et,,1872-10-02-00,seulement_auto
3253 || 3257 || _,2,39,125,"Il comprenait- depuis huit heures du matin, heure réglementaire à laquelle se levait Phileas Fogg, jusqu' à onze heures et demie, heure à laquelle il quittait sa maison pour aller déjeuner au Reform - Club - tous les détails du service, le thé et les rôties de huit heures vingt-trois, l' eau pour la barbe de neuf heures trente-sept, la coiffure de dix heures moins vingt,etc. Puis de onze heures et demie du matin à minuit - heure à laquelle se couchait le méthodique gentleman -, tout était noté, prévu, régularisé.",tout,prévu,,jusqu' à onze heures et demie,1872-00-00-00-00,,,precedent_context,comprenait,de onze heures et demie du matin,1872-10-02-11-30,,,ud_scope_anchor,noté,1872-00-00-00,1872-10-02-11-30,temps_different
3253 || 3259 || _,2,39,125,"Il comprenait- depuis huit heures du matin, heure réglementaire à laquelle se levait Phileas Fogg, jusqu' à onze heures et demie, heure à laquelle il quittait sa maison pour aller déjeuner au Reform - Club - tous les détails du service, le thé et les rôties de huit heures vingt-trois, l' eau pour la barbe de neuf heures trente-sept, la coiffure de dix heures moins vingt,etc. Puis de onze heures et demie du matin à minuit - heure à laquelle se couchait le méthodique gentleman -, tout était noté, prévu, régularisé.",tout,régularisé,,jusqu' à onze heures et demie,1872-00-00-00-00,,,precedent_context,comprenait,de onze heures et demie du matin,1872-10-02-11-30,,,ud_scope_anchor,noté,1872-00-00-00,1872-10-02-11-30,temps_different
3261 || 3263 || 3262,2,39,126,Passepartout se fit une joie de méditer ce programme et d' en graver les divers articles dans son esprit.,Passepartout,fit,se,jusqu' à onze heures et demie,1872-00-00-00-00,,,precedent_context,comprenait,de onze heures et demie du matin,1872-10-02-11-30,,,precedent_context,noté,1872-00-00-00,1872-10-02-11-30,temps_different
3261 || 3263 || 3265,2,39,126,Passepartout se fit une joie de méditer ce programme et d' en graver les divers articles dans son esprit.,Passepartout,fit,une joie,jusqu' à onze heures et demie,1872-00-00-00-00,,,precedent_context,comprenait,de onze heures et demie du matin,1872-10-02-11-30,,,precedent_context,noté,1872-00-00-00,1872-10-02-11-30,temps_different
3261 || 3267 || 3269,2,39,126,Passepartout se fit une joie de méditer ce programme et d' en graver les divers articles dans son esprit.,Passepartout,méditer,ce programme,jusqu' à onze heures et demie,1872-00-00-00-00,,,precedent_context,comprenait,de onze heures et demie du matin,1872-10-02-11-30,,,precedent_context,noté,1872-00-00-00,1872-10-02-11-30,temps_different
3261 || 3273 || 3272,2,39,126,Passepartout se fit une joie de méditer ce programme et d' en graver les divers articles dans son esprit.,Passepartout,graver,en,jusqu' à onze heures et demie,1872-00-00-00-00,,,precedent_context,comprenait,de onze heures et demie du matin,1872-10-02-11-30,,,precedent_context,noté,1872-00-00-00,1872-10-02-11-30,temps_different
3261 || 3273 || 3276,2,39,126,Passepartout se fit une joie de méditer ce programme et d' en graver les divers articles dans son esprit.,Passepartout,graver,les divers articles,jusqu' à onze heures et demie,1872-00-00-00-00,,,precedent_context,comprenait,de onze heures et demie du matin,1872-10-02-11-30,,,precedent_context,noté,1872-00-00-00,1872-10-02-11-30,temps_different
3261 || 3273 || 3279,2,39,126,Passepartout se fit une joie de méditer ce programme et d' en graver les divers articles dans son esprit.,Passepartout,graver,dans son esprit,jusqu' à onze heures et demie,1872-00-00-00-00,,,precedent_context,comprenait,de onze heures et demie du matin,1872-10-02-11-30,,,precedent_context,noté,1872-00-00-00,1872-10-02-11-30,temps_different
3288 || 3292 || 3284,2,40,127,"Quant à la garde-robe de monsieur, elle était fort bien montée et merveilleusement comprise.",elle,montée,Quant à la garde-robe de monsieur,jusqu' à onze heures et demie,1872-00-00-00-00,,,precedent_context,comprenait,de onze heures et demie du matin,1872-10-02-11-30,,,precedent_context,noté,1872-00-00-00,1872-10-02-11-30,temps_different
3288 || 3295 || _,2,40,127,"Quant à la garde-robe de monsieur, elle était fort bien montée et merveilleusement comprise.",elle,comprise,,jusqu' à onze heures et demie,1872-00-00-00-00,,,precedent_context,comprenait,de onze heures et demie du matin,1872-10-02-11-30,,,precedent_context,noté,1872-00-00-00,1872-10-02-11-30,temps_different
3298 || 3303 || 3305,2,40,128,"Chaque pantalon, habit ou gilet portait un numéro d' ordre reproduit sur un registre d' entrée et de sortie, indiquant la date à laquelle, suivant la saison, ces vêtements devaient être tour à tour portés.",Chaque pantalon habit ou gilet,portait,un numéro d'ordre,jusqu' à onze heures et demie,1872-00-00-00-00,,,precedent_context,comprenait,de onze heures et demie du matin,1872-10-02-11-30,,,precedent_context,noté,1872-00-00-00,1872-10-02-11-30,temps_different
_ || 3308 || 3311,2,40,128,"Chaque pantalon, habit ou gilet portait un numéro d' ordre reproduit sur un registre d' entrée et de sortie, indiquant la date à laquelle, suivant la saison, ces vêtements devaient être tour à tour portés.",,reproduit,sur un registre d'entrée et de sortie,jusqu' à onze heures et demie,1872-00-00-00-00,,,precedent_context,comprenait,de onze heures et demie du matin,1872-10-02-11-30,,,precedent_context,noté,1872-00-00-00,1872-10-02-11-30,temps_different
_ || 3318 || 3320,2,40,128,"Chaque pantalon, habit ou gilet portait un numéro d' ordre reproduit sur un registre d' entrée et de sortie, indiquant la date à laquelle, suivant la saison, ces vêtements devaient être tour à tour portés.",,indiquant,la date,jusqu' à onze heures et demie,1872-00-00-00-00,,,precedent_context,comprenait,de onze heures et demie du matin,1872-10-02-11-30,,,precedent_context,noté,1872-00-00-00,1872-10-02-11-30,temps_different
_ || 3324 || _,2,40,128,"Chaque pantalon, habit ou gilet portait un numéro d' ordre reproduit sur un registre d' entrée et de sortie, indiquant la date à laquelle, suivant la saison, ces vêtements devaient être tour à tour portés.",,suivant,,jusqu' à onze heures et demie,1872-00-00-00-00,,,precedent_context,comprenait,de onze heures et demie du matin,1872-10-02-11-30,,,precedent_context,noté,1872-00-00-00,1872-10-02-11-30,temps_different
3329 || 3330 || 3322,2,40,128,"Chaque pantalon, habit ou gilet portait un numéro d' ordre reproduit sur un registre d' entrée et de sortie, indiquant la date à laquelle, suivant la saison, ces vêtements devaient être tour à tour portés.",ces vêtements,devaient,à laquelle,jusqu' à onze heures et demie,1872-00-00-00-00,,,precedent_context,comprenait,de onze heures et demie du matin,1872-10-02-11-30,,,precedent_context,noté,1872-00-00-00,1872-10-02-11-30,temps_different
3329 || 3330 || 3326,2,40,128,"Chaque pantalon, habit ou gilet portait un numéro d' ordre reproduit sur un registre d' entrée et de sortie, indiquant la date à laquelle, suivant la saison, ces vêtements devaient être tour à tour portés.",ces vêtements,devaient,la saison,jusqu' à onze heures et demie,1872-00-00-00-00,,,precedent_context,comprenait,de onze heures et demie du matin,1872-10-02-11-30,,,precedent_context,noté,1872-00-00-00,1872-10-02-11-30,temps_different
3329 || 3335 || _,2,40,128,"Chaque pantalon, habit ou gilet portait un numéro d' ordre reproduit sur un registre d' entrée et de sortie, indiquant la date à laquelle, suivant la saison, ces vêtements devaient être tour à tour portés.",ces vêtements,portés,,jusqu' à onze heures et demie,1872-00-00-00-00,,,precedent_context,comprenait,de onze heures et demie du matin,1872-10-02-11-30,,,precedent_context,noté,1872-00-00-00,1872-10-02-11-30,temps_different
3353 || 3354 || 3362,2,41,130,"En somme, dans cette maison de Saville - row qui devait être le temple du désordre à l' époque de l' illustre mais dissipé Sheridan -, ameublement confortable, annonçant une belle aisance.",qui,devait,"à l'époque de l'illustre mais dissipé Sheridan-, ameublement confortable",jusqu' à onze heures et demie,1872-00-00-00-00,,,precedent_context,comprenait,de onze heures et demie du matin,1872-10-02-11-30,,,precedent_context,noté,1872-00-00-00,1872-10-02-11-30,temps_different
_ || 3374 || 3377,2,41,130,"En somme, dans cette maison de Saville - row qui devait être le temple du désordre à l' époque de l' illustre mais dissipé Sheridan -, ameublement confortable, annonçant une belle aisance.",,annonçant,une belle aisance,jusqu' à onze heures et demie,1872-00-00-00-00,,,precedent_context,comprenait,de onze heures et demie du matin,1872-10-02-11-30,,,precedent_context,noté,1872-00-00-00,1872-10-02-11-30,temps_different
3398 || 3401 || 3404,2,41,131,"Pas de bibliothèque, pas de livres, qui eussent été sans utilité pour Mr. Fogg, puisque le Reform - Club mettait à sa disposition deux bibliothèques, l' une consacrée aux lettres, l' autre au droit et à la politique.",le Reform-Club,mettait,à sa disposition,jusqu' à onze heures et demie,1872-00-00-00-00,,,precedent_context,comprenait,de onze heures et demie du matin,1872-10-02-11-30,,,precedent_context,noté,1872-00-00-00,1872-10-02-11-30,temps_different
3398 || 3401 || 3406,2,41,131,"Pas de bibliothèque, pas de livres, qui eussent été sans utilité pour Mr. Fogg, puisque le Reform - Club mettait à sa disposition deux bibliothèques, l' une consacrée aux lettres, l' autre au droit et à la politique.",le Reform-Club,mettait,deux bibliothèques l'une,jusqu' à onze heures et demie,1872-00-00-00-00,,,precedent_context,comprenait,de onze heures et demie du matin,1872-10-02-11-30,,,precedent_context,noté,1872-00-00-00,1872-10-02-11-30,temps_different
_ || 3410 || 3412,2,41,131,"Pas de bibliothèque, pas de livres, qui eussent été sans utilité pour Mr. Fogg, puisque le Reform - Club mettait à sa disposition deux bibliothèques, l' une consacrée aux lettres, l' autre au droit et à la politique.",,consacrée,aux lettres l'autre au droit et à la politique,jusqu' à onze heures et demie,1872-00-00-00-00,,,precedent_context,comprenait,de onze heures et demie du matin,1872-10-02-11-30,,,precedent_context,noté,1872-00-00-00,1872-10-02-11-30,temps_different
_ || 3427 || _,2,41,132,"Dans la chambre à coucher, un coffre - fort de moyenne grandeur, que sa construction défendait aussi bien de l' incendie que du vol.",,coucher,,jusqu' à onze heures et demie,1872-00-00-00-00,,,precedent_context,comprenait,de onze heures et demie du matin,1872-10-02-11-30,,,precedent_context,noté,1872-00-00-00,1872-10-02-11-30,temps_different
3439 || 3440 || 3437,2,41,132,"Dans la chambre à coucher, un coffre - fort de moyenne grandeur, que sa construction défendait aussi bien de l' incendie que du vol.",sa construction,défendait,que,jusqu' à onze heures et demie,1872-00-00-00-00,,,precedent_context,comprenait,de onze heures et demie du matin,1872-10-02-11-30,,,precedent_context,noté,1872-00-00-00,1872-10-02-11-30,temps_different
3439 || 3440 || 3445,2,41,132,"Dans la chambre à coucher, un coffre - fort de moyenne grandeur, que sa construction défendait aussi bien de l' incendie que du vol.",sa construction,défendait,aussi bien de l'incendie que du vol,jusqu' à onze heures et demie,1872-00-00-00-00,,,precedent_context,comprenait,de onze heures et demie du matin,1872-10-02-11-30,,,precedent_context,noté,1872-00-00-00,1872-10-02-11-30,temps_different
3465 || 3467 || 3466,2,41,134,Tout y dénotait les habitudes les plus pacifiques.,Tout,dénotait,y,jusqu' à onze heures et demie,1872-00-00-00-00,,,precedent_context,comprenait,de onze heures et demie du matin,1872-10-02-11-30,,,precedent_context,noté,1872-00-00-00,1872-10-02-11-30,temps_different
3465 || 3467 || 3469,2,41,134,Tout y dénotait les habitudes les plus pacifiques.,Tout,dénotait,les habitudes les plus pacifiques,jusqu' à onze heures et demie,1872-00-00-00-00,,,precedent_context,comprenait,de onze heures et demie du matin,1872-10-02-11-30,,,precedent_context,noté,1872-00-00-00,1872-10-02-11-30,temps_different
3482 || 3476 || 3478,2,42,135,"Après avoir examiné cette demeure en détail, Passepartout se frotta les mains, sa large figure s' épanouit, et il répéta joyeusement:",Passepartout,examiné,cette demeure,jusqu' à onze heures et demie,1872-00-00-00-00,,,precedent_context,comprenait,de onze heures et demie du matin,1872-10-02-11-30,,,precedent_context,noté,1872-00-00-00,1872-10-02-11-30,temps_different
3482 || 3476 || 3480,2,42,135,"Après avoir examiné cette demeure en détail, Passepartout se frotta les mains, sa large figure s' épanouit, et il répéta joyeusement:",Passepartout,examiné,en détail,jusqu' à onze heures et demie,1872-00-00-00-00,,,precedent_context,comprenait,de onze heures et demie du matin,1872-10-02-11-30,,,precedent_context,noté,1872-00-00-00,1872-10-02-11-30,temps_different
3482 || 3484 || 3483,2,42,135,"Après avoir examiné cette demeure en détail, Passepartout se frotta les mains, sa large figure s' épanouit, et il répéta joyeusement:",Passepartout,frotta,se,jusqu' à onze heures et demie,1872-00-00-00-00,,,precedent_context,comprenait,de onze heures et demie du matin,1872-10-02-11-30,,,precedent_context,noté,1872-00-00-00,1872-10-02-11-30,temps_different
3482 || 3484 || 3486,2,42,135,"Après avoir examiné cette demeure en détail, Passepartout se frotta les mains, sa large figure s' épanouit, et il répéta joyeusement:",Passepartout,frotta,les mains,jusqu' à onze heures et demie,1872-00-00-00-00,,,precedent_context,comprenait,de onze heures et demie du matin,1872-10-02-11-30,,,precedent_context,noté,1872-00-00-00,1872-10-02-11-30,temps_different
3490 || 3492 || _,2,42,135,"Après avoir examiné cette demeure en détail, Passepartout se frotta les mains, sa large figure s' épanouit, et il répéta joyeusement:",sa large figure,épanouit,,jusqu' à onze heures et demie,1872-00-00-00-00,,,precedent_context,comprenait,de onze heures et demie du matin,1872-10-02-11-30,,,precedent_context,noté,1872-00-00-00,1872-10-02-11-30,temps_different
3495 || 3496 || _,2,42,135,"Après avoir examiné cette demeure en détail, Passepartout se frotta les mains, sa large figure s' épanouit, et il répéta joyeusement:",il,répéta,,jusqu' à onze heures et demie,1872-00-00-00-00,,,precedent_context,comprenait,de onze heures et demie du matin,1872-10-02-11-30,,,precedent_context,noté,1872-00-00-00,1872-10-02-11-30,temps_different
3500 || 3502 || 3501,2,43,136,«Cela me va! voilà mon affaire!,Cela,va,me,jusqu' à onze heures et demie,1872-00-00-00-00,,,precedent_context,comprenait,de onze heures et demie du matin,1872-10-02-11-30,,,precedent_context,noté,1872-00-00-00,1872-10-02-11-30,temps_different
_ || 3504 || 3506,2,43,136,«Cela me va! voilà mon affaire!,,voilà,mon affaire,jusqu' à onze heures et demie,1872-00-00-00-00,,,precedent_context,comprenait,de onze heures et demie du matin,1872-10-02-11-30,,,precedent_context,noté,1872-00-00-00,1872-10-02-11-30,temps_different
3508 || 3510 || 3509,2,43,137,"Nous nous entendrons parfaitement, Mr. Fogg et moi!",Nous,entendrons,nous,jusqu' à onze heures et demie,1872-00-00-00-00,,,precedent_context,comprenait,de onze heures et demie du matin,1872-10-02-11-30,,,precedent_context,noté,1872-00-00-00,1872-10-02-11-30,temps_different
3508 || 3510 || 3513,2,43,137,"Nous nous entendrons parfaitement, Mr. Fogg et moi!",Nous,entendrons,Mr. Fogg et moi,jusqu' à onze heures et demie,1872-00-00-00-00,,,precedent_context,comprenait,de onze heures et demie du matin,1872-10-02-11-30,,,precedent_context,noté,1872-00-00-00,1872-10-02-11-30,temps_different
3531 || 3535 || _,2,43,140,"Eh bien, je ne suis pas fâché de servir une mécanique!»",je,fâché,,jusqu' à onze heures et demie,1872-00-00-00-00,,,precedent_context,comprenait,de onze heures et demie du matin,1872-10-02-11-30,,,precedent_context,noté,1872-00-00-00,1872-10-02-11-30,temps_different
3531 || 3537 || 3539,2,43,140,"Eh bien, je ne suis pas fâché de servir une mécanique!»",je,servir,une mécanique,jusqu' à onze heures et demie,1872-00-00-00-00,,,precedent_context,comprenait,de onze heures et demie du matin,1872-10-02-11-30,,,precedent_context,noté,1872-00-00-00,1872-10-02-11-30,temps_different
3542 || 3545 || 3547,3,44,141,"Phileas Fogg avait quitté sa maison de Saville - row à onze heures et demie, et, après avoir placé cinq cent soixante-quinze fois son pied droit devant son pied gauche et cinq cent soixante-seize fois son pied gauche devant son pied droit, il arriva au Reform - Club, vaste édifice, élevé dans Pall - Mall, qui n' a pas coûté moins de trois millions à bâtir.",Phileas Fogg,quitté,sa maison de Saville-row,à onze heures et demie,1872-10-02-11-00,,,ud_direct,quitté,à onze heures et demie,1872-10-02-11-30,,,ud_direct,quitté,1872-10-02-11,1872-10-02-11-30,temps_different
3542 || 3545 || 3554,3,44,141,"Phileas Fogg avait quitté sa maison de Saville - row à onze heures et demie, et, après avoir placé cinq cent soixante-quinze fois son pied droit devant son pied gauche et cinq cent soixante-seize fois son pied gauche devant son pied droit, il arriva au Reform - Club, vaste édifice, élevé dans Pall - Mall, qui n' a pas coûté moins de trois millions à bâtir.",Phileas Fogg,quitté,à onze heures et demie,à onze heures et demie,1872-10-02-11-00,,,objet,quitté,à onze heures et demie,1872-10-02-11-30,,,objet,quitté,1872-10-02-11,1872-10-02-11-30,temps_different
3587 || 3562 || 3566,3,44,141,"Phileas Fogg avait quitté sa maison de Saville - row à onze heures et demie, et, après avoir placé cinq cent soixante-quinze fois son pied droit devant son pied gauche et cinq cent soixante-seize fois son pied gauche devant son pied droit, il arriva au Reform - Club, vaste édifice, élevé dans Pall - Mall, qui n' a pas coûté moins de trois millions à bâtir.",il,placé,cinq cent soixante-quinze fois son pied droit,à onze heures et demie,1872-10-02-11-00,,,ud_scope_anchor,quitté,à onze heures et demie,1872-10-02-11-30,,,ud_scope_anchor,quitté,1872-10-02-11,1872-10-02-11-30,temps_different
3587 || 3562 || 3572,3,44,141,"Phileas Fogg avait quitté sa maison de Saville - row à onze heures et demie, et, après avoir placé cinq cent soixante-quinze fois son pied droit devant son pied gauche et cinq cent soixante-seize fois son pied gauche devant son pied droit, il arriva au Reform - Club, vaste édifice, élevé dans Pall - Mall, qui n' a pas coûté moins de trois millions à bâtir.",il,placé,devant son pied gauche,à onze heures et demie,1872-10-02-11-00,,,ud_scope_anchor,quitté,à onze heures et demie,1872-10-02-11-30,,,ud_scope_anchor,quitté,1872-10-02-11,1872-10-02-11-30,temps_different
3587 || 3562 || 3584,3,44,141,"Phileas Fogg avait quitté sa maison de Saville - row à onze heures et demie, et, après avoir placé cinq cent soixante-quinze fois son pied droit devant son pied gauche et cinq cent soixante-seize fois son pied gauche devant son pied droit, il arriva au Reform - Club, vaste édifice, élevé dans Pall - Mall, qui n' a pas coûté moins de trois millions à bâtir.",il,placé,devant son pied droit,à onze heures et demie,1872-10-02-11-00,,,ud_scope_anchor,quitté,à onze heures et demie,1872-10-02-11-30,,,ud_scope_anchor,quitté,1872-10-02-11,1872-10-02-11-30,temps_different
3587 || 3588 || 3590,3,44,141,"Phileas Fogg avait quitté sa maison de Saville - row à onze heures et demie, et, après avoir placé cinq cent soixante-quinze fois son pied droit devant son pied gauche et cinq cent soixante-seize fois son pied gauche devant son pied droit, il arriva au Reform - Club, vaste édifice, élevé dans Pall - Mall, qui n' a pas coûté moins de trois millions à bâtir.",il,arriva,au Reform,à onze heures et demie,1872-10-02-11-00,,,ud_scope_anchor,quitté,à onze heures et demie,1872-10-02-11-30,,,ud_scope_anchor,quitté,1872-10-02-11,1872-10-02-11-30,temps_different
_ || 3597 || 3599,3,44,141,"Phileas Fogg avait quitté sa maison de Saville - row à onze heures et demie, et, après avoir placé cinq cent soixante-quinze fois son pied droit devant son pied gauche et cinq cent soixante-seize fois son pied gauche devant son pied droit, il arriva au Reform - Club, vaste édifice, élevé dans Pall - Mall, qui n' a pas coûté moins de trois millions à bâtir.",,élevé,dans Pall-Mall,à onze heures et demie,1872-10-02-11-00,,,ud_scope_anchor,quitté,à onze heures et demie,1872-10-02-11-30,,,ud_scope_anchor,quitté,1872-10-02-11,1872-10-02-11-30,temps_different
_ || 3597 || 3600,3,44,141,"Phileas Fogg avait quitté sa maison de Saville - row à onze heures et demie, et, après avoir placé cinq cent soixante-quinze fois son pied droit devant son pied gauche et cinq cent soixante-seize fois son pied gauche devant son pied droit, il arriva au Reform - Club, vaste édifice, élevé dans Pall - Mall, qui n' a pas coûté moins de trois millions à bâtir.",,élevé,Pall-Mall,à onze heures et demie,1872-10-02-11-00,,,ud_scope_anchor,quitté,à onze heures et demie,1872-10-02-11-30,,,ud_scope_anchor,quitté,1872-10-02-11,1872-10-02-11-30,temps_different
_ || 3597 || 3601,3,44,141,"Phileas Fogg avait quitté sa maison de Saville - row à onze heures et demie, et, après avoir placé cinq cent soixante-quinze fois son pied droit devant son pied gauche et cinq cent soixante-seize fois son pied gauche devant son pied droit, il arriva au Reform - Club, vaste édifice, élevé dans Pall - Mall, qui n' a pas coûté moins de trois millions à bâtir.",,élevé,Pall-Mall,à onze heures et demie,1872-10-02-11-00,,,ud_scope_anchor,quitté,à onze heures et demie,1872-10-02-11-30,,,ud_scope_anchor,quitté,1872-10-02-11,1872-10-02-11-30,temps_different
3603 || 3607 || 3611,3,44,141,"Phileas Fogg avait quitté sa maison de Saville - row à onze heures et demie, et, après avoir placé cinq cent soixante-quinze fois son pied droit devant son pied gauche et cinq cent soixante-seize fois son pied gauche devant son pied droit, il arriva au Reform - Club, vaste édifice, élevé dans Pall - Mall, qui n' a pas coûté moins de trois millions à bâtir.",qui,coûté,moins de trois millions,à onze heures et demie,1872-10-02-11-00,,,ud_scope_anchor,quitté,à onze heures et demie,1872-10-02-11-30,,,ud_scope_anchor,quitté,1872-10-02-11,1872-10-02-11-30,temps_different
_ || 3613 || _,3,44,141,"Phileas Fogg avait quitté sa maison de Saville - row à onze heures et demie, et, après avoir placé cinq cent soixante-quinze fois son pied droit devant son pied gauche et cinq cent soixante-seize fois son pied gauche devant son pied droit, il arriva au Reform - Club, vaste édifice, élevé dans Pall - Mall, qui n' a pas coûté moins de trois millions à bâtir.",,bâtir,,à onze heures et demie,1872-10-02-11-00,,,ud_scope_anchor,quitté,à onze heures et demie,1872-10-02-11-30,,,ud_scope_anchor,quitté,1872-10-02-11,1872-10-02-11-30,temps_different
3615 || 3618 || 3617,3,45,142,"Phileas Fogg se rendit aussitôt à la salle à manger, dont les neuf fenêtres s' ouvraient sur un beau jardin aux arbres déjà dorés par l' automne.",Phileas Fogg,rendit,se,à onze heures et demie,1872-10-02-11-00,,,precedent_context,quitté,à onze heures et demie,1872-10-02-11-30,,,precedent_context,quitté,1872-10-02-11,1872-10-02-11-30,temps_different
3615 || 3618 || 3622,3,45,142,"Phileas Fogg se rendit aussitôt à la salle à manger, dont les neuf fenêtres s' ouvraient sur un beau jardin aux arbres déjà dorés par l' automne.",Phileas Fogg,rendit,à la salle à manger,à onze heures et demie,1872-10-02-11-00,,,precedent_context,quitté,à onze heures et demie,1872-10-02-11-30,,,precedent_context,quitté,1872-10-02-11,1872-10-02-11-30,temps_different
3629 || 3631 || 3630,3,45,142,"Phileas Fogg se rendit aussitôt à la salle à manger, dont les neuf fenêtres s' ouvraient sur un beau jardin aux arbres déjà dorés par l' automne.",dont les neuf fenêtres,ouvraient,s',à onze heures et demie,1872-10-02-11-00,,,precedent_context,quitté,à onze heures et demie,1872-10-02-11-30,,,precedent_context,quitté,1872-10-02-11,1872-10-02-11-30,temps_different
3629 || 3631 || 3635,3,45,142,"Phileas Fogg se rendit aussitôt à la salle à manger, dont les neuf fenêtres s' ouvraient sur un beau jardin aux arbres déjà dorés par l' automne.",dont les neuf fenêtres,ouvraient,sur un beau jardin aux arbres,à onze heures et demie,1872-10-02-11-00,,,precedent_context,quitté,à onze heures et demie,1872-10-02-11-30,,,precedent_context,quitté,1872-10-02-11,1872-10-02-11-30,temps_different
_ || 3639 || 3642,3,45,142,"Phileas Fogg se rendit aussitôt à la salle à manger, dont les neuf fenêtres s' ouvraient sur un beau jardin aux arbres déjà dorés par l' automne.",,dorés,par l'automne,à onze heures et demie,1872-10-02-11-00,,,precedent_context,quitté,à onze heures et demie,1872-10-02-11-30,,,precedent_context,quitté,1872-10-02-11,1872-10-02-11-30,temps_different
3646 || 3647 || 3648,3,45,143,"Là, il prit place à la table habituelle où son couvert l' attendait.",il,prit,place,à onze heures et demie,1872-10-02-11-00,,,precedent_context,quitté,à onze heures et demie,1872-10-02-11-30,,,precedent_context,quitté,1872-10-02-11,1872-10-02-11-30,temps_different
3646 || 3647 || 3651,3,45,143,"Là, il prit place à la table habituelle où son couvert l' attendait.",il,prit,à la table habituelle,à onze heures et demie,1872-10-02-11-00,,,precedent_context,quitté,à onze heures et demie,1872-10-02-11-30,,,precedent_context,quitté,1872-10-02-11,1872-10-02-11-30,temps_different
3655 || 3657 || 3653,3,45,143,"Là, il prit place à la table habituelle où son couvert l' attendait.",son couvert,attendait,où,à onze heures et demie,1872-10-02-11-00,,,precedent_context,quitté,à onze heures et demie,1872-10-02-11-30,,,precedent_context,quitté,1872-10-02-11,1872-10-02-11-30,temps_different
3655 || 3657 || 3656,3,45,143,"Là, il prit place à la table habituelle où son couvert l' attendait.",son couvert,attendait,l',à onze heures et demie,1872-10-02-11-00,,,precedent_context,quitté,à onze heures et demie,1872-10-02-11-30,,,precedent_context,quitté,1872-10-02-11,1872-10-02-11-30,temps_different
3660 || 3662 || 3661,3,45,144,"Son déjeuner se composait d' un hors-d'œuvre, d' un poisson bouilli relevé d' une« reading sauce» de premier choix, d' un roastbeef écarlate agrémenté de condiments« mushroom», d' un gâteau farci de tiges de rhubarbe et de groseilles vertes, d' un morceau de chester,- le tout arrosé de quelques tasses de cet excellent thé, spécialement recueilli pour l' office du Reform - Club.",Son déjeuner,composait,se,à onze heures et demie,1872-10-02-11-00,,,precedent_context,quitté,à onze heures et demie,1872-10-02-11-30,,,precedent_context,quitté,1872-10-02-11,1872-10-02-11-30,temps_different
3660 || 3662 || 3665,3,45,144,"Son déjeuner se composait d' un hors-d'œuvre, d' un poisson bouilli relevé d' une« reading sauce» de premier choix, d' un roastbeef écarlate agrémenté de condiments« mushroom», d' un gâteau farci de tiges de rhubarbe et de groseilles vertes, d' un morceau de chester,- le tout arrosé de quelques tasses de cet excellent thé, spécialement recueilli pour l' office du Reform - Club.",Son déjeuner,composait,d'un hors-d'œuvre d'un poisson,à onze heures et demie,1872-10-02-11-00,,,precedent_context,quitté,à onze heures et demie,1872-10-02-11-30,,,precedent_context,quitté,1872-10-02-11,1872-10-02-11-30,temps_different
3660 || 3662 || 3714,3,45,144,"Son déjeuner se composait d' un hors-d'œuvre, d' un poisson bouilli relevé d' une« reading sauce» de premier choix, d' un roastbeef écarlate agrémenté de condiments« mushroom», d' un gâteau farci de tiges de rhubarbe et de groseilles vertes, d' un morceau de chester,- le tout arrosé de quelques tasses de cet excellent thé, spécialement recueilli pour l' office du Reform - Club.",Son déjeuner,composait,le tout,à onze heures et demie,1872-10-02-11-00,,,precedent_context,quitté,à onze heures et demie,1872-10-02-11-30,,,precedent_context,quitté,1872-10-02-11,1872-10-02-11-30,temps_different
_ || 3670 || _,3,45,144,"Son déjeuner se composait d' un hors-d'œuvre, d' un poisson bouilli relevé d' une« reading sauce» de premier choix, d' un roastbeef écarlate agrémenté de condiments« mushroom», d' un gâteau farci de tiges de rhubarbe et de groseilles vertes, d' un morceau de chester,- le tout arrosé de quelques tasses de cet excellent thé, spécialement recueilli pour l' office du Reform - Club.",,bouilli,,à onze heures et demie,1872-10-02-11-00,,,precedent_context,quitté,à onze heures et demie,1872-10-02-11-30,,,precedent_context,quitté,1872-10-02-11,1872-10-02-11-30,temps_different
_ || 3671 || 3675,3,45,144,"Son déjeuner se composait d' un hors-d'œuvre, d' un poisson bouilli relevé d' une« reading sauce» de premier choix, d' un roastbeef écarlate agrémenté de condiments« mushroom», d' un gâteau farci de tiges de rhubarbe et de groseilles vertes, d' un morceau de chester,- le tout arrosé de quelques tasses de cet excellent thé, spécialement recueilli pour l' office du Reform - Club.",,relevé,d'une reading sauce de premier choix d'un roastbeef écarlate d'un gâteau,à onze heures et demie,1872-10-02-11-00,,,precedent_context,quitté,à onze heures et demie,1872-10-02-11-30,,,precedent_context,quitté,1872-10-02-11,1872-10-02-11-30,temps_different
_ || 3686 || 3688,3,45,144,"Son déjeuner se composait d' un hors-d'œuvre, d' un poisson bouilli relevé d' une« reading sauce» de premier choix, d' un roastbeef écarlate agrémenté de condiments« mushroom», d' un gâteau farci de tiges de rhubarbe et de groseilles vertes, d' un morceau de chester,- le tout arrosé de quelques tasses de cet excellent thé, spécialement recueilli pour l' office du Reform - Club.",,agrémenté,de condiments mushroom,à onze heures et demie,1872-10-02-11-00,,,precedent_context,quitté,à onze heures et demie,1872-10-02-11-30,,,precedent_context,quitté,1872-10-02-11,1872-10-02-11-30,temps_different
_ || 3696 || 3698,3,45,144,"Son déjeuner se composait d' un hors-d'œuvre, d' un poisson bouilli relevé d' une« reading sauce» de premier choix, d' un roastbeef écarlate agrémenté de condiments« mushroom», d' un gâteau farci de tiges de rhubarbe et de groseilles vertes, d' un morceau de chester,- le tout arrosé de quelques tasses de cet excellent thé, spécialement recueilli pour l' office du Reform - Club.",,farci,de tiges de rhubarbe et de groseilles vertes d'un morceau de chester,à onze heures et demie,1872-10-02-11-00,,,precedent_context,quitté,à onze heures et demie,1872-10-02-11-30,,,precedent_context,quitté,1872-10-02-11,1872-10-02-11-30,temps_different
_ || 3715 || 3718,3,45,144,"Son déjeuner se composait d' un hors-d'œuvre, d' un poisson bouilli relevé d' une« reading sauce» de premier choix, d' un roastbeef écarlate agrémenté de condiments« mushroom», d' un gâteau farci de tiges de rhubarbe et de groseilles vertes, d' un morceau de chester,- le tout arrosé de quelques tasses de cet excellent thé, spécialement recueilli pour l' office du Reform - Club.",,arrosé,de quelques tasses de cet excellent thé,à onze heures et demie,1872-10-02-11-00,,,precedent_context,quitté,à onze heures et demie,1872-10-02-11-30,,,precedent_context,quitté,1872-10-02-11,1872-10-02-11-30,temps_different
_ || 3725 || 3728,3,45,144,"Son déjeuner se composait d' un hors-d'œuvre, d' un poisson bouilli relevé d' une« reading sauce» de premier choix, d' un roastbeef écarlate agrémenté de condiments« mushroom», d' un gâteau farci de tiges de rhubarbe et de groseilles vertes, d' un morceau de chester,- le tout arrosé de quelques tasses de cet excellent thé, spécialement recueilli pour l' office du Reform - Club.",,recueilli,pour l'office du Reform-Club,à onze heures et demie,1872-10-02-11-00,,,precedent_context,quitté,à onze heures et demie,1872-10-02-11-30,,,precedent_context,quitté,1872-10-02-11,1872-10-02-11-30,temps_different
3741 || 3743 || 3735,3,46,145,"À midi quarante - sept, ce gentleman se leva et se dirigea vers le grand salon, somptueuse pièce, ornée de peintures richement encadrées.",ce gentleman,leva,À midi quarante-sept,à midi quarante - sept,1872-10-02-12-00,,,objet,leva,à midi quarante - sept,1872-10-02-12-47,,,objet,leva,1872-10-02-12,1872-10-02-12-47,temps_different
3741 || 3743 || 3742,3,46,145,"À midi quarante - sept, ce gentleman se leva et se dirigea vers le grand salon, somptueuse pièce, ornée de peintures richement encadrées.",ce gentleman,leva,se,se leva,,,,objet,leva,à midi quarante - sept,1872-10-02-12-47,,,ud_direct,leva,,1872-10-02-12-47,seulement_auto
3741 || 3746 || 3745,3,46,145,"À midi quarante - sept, ce gentleman se leva et se dirigea vers le grand salon, somptueuse pièce, ornée de peintures richement encadrées.",ce gentleman,dirigea,se,se dirigea,,,,objet,leva,à midi quarante - sept,1872-10-02-12-47,,,ud_scope_anchor,leva,,1872-10-02-12-47,seulement_auto
3741 || 3746 || 3750,3,46,145,"À midi quarante - sept, ce gentleman se leva et se dirigea vers le grand salon, somptueuse pièce, ornée de peintures richement encadrées.",ce gentleman,dirigea,vers le grand salon somptueuse pièce,à midi quarante - sept,1872-10-02-12-00,,,ud_scope_anchor,leva,à midi quarante - sept,1872-10-02-12-47,,,ud_scope_anchor,leva,1872-10-02-12,1872-10-02-12-47,temps_different
_ || 3755 || 3757,3,46,145,"À midi quarante - sept, ce gentleman se leva et se dirigea vers le grand salon, somptueuse pièce, ornée de peintures richement encadrées.",,ornée,de peintures,à midi quarante - sept,1872-10-02-12-00,,,ud_scope_anchor,leva,à midi quarante - sept,1872-10-02-12-47,,,ud_scope_anchor,leva,1872-10-02-12,1872-10-02-12-47,temps_different
_ || 3759 || _,3,46,145,"À midi quarante - sept, ce gentleman se leva et se dirigea vers le grand salon, somptueuse pièce, ornée de peintures richement encadrées.",,encadrées,,à midi quarante - sept,1872-10-02-12-00,,,ud_scope_anchor,leva,à midi quarante - sept,1872-10-02-12-47,,,ud_scope_anchor,leva,1872-10-02-12,1872-10-02-12-47,temps_different
3764 || 3766 || 3765,3,46,146,"Là, un domestique lui remit le Times non coupé, dont Phileas Fogg opéra le laborieux dépliage avec une sûreté de main qui dénotait une grande habitude de cette difficile opération.",un domestique,remit,lui,à midi quarante - sept,1872-10-02-12-00,,,precedent_context,leva,à midi quarante - sept,1872-10-02-12-47,,,precedent_context,leva,1872-10-02-12,1872-10-02-12-47,temps_different
3764 || 3766 || 3768,3,46,146,"Là, un domestique lui remit le Times non coupé, dont Phileas Fogg opéra le laborieux dépliage avec une sûreté de main qui dénotait une grande habitude de cette difficile opération.",un domestique,remit,le Times,à midi quarante - sept,1872-10-02-12-00,,,precedent_context,leva,à midi quarante - sept,1872-10-02-12-47,,,precedent_context,leva,1872-10-02-12,1872-10-02-12-47,temps_different
_ || 3770 || _,3,46,146,"Là, un domestique lui remit le Times non coupé, dont Phileas Fogg opéra le laborieux dépliage avec une sûreté de main qui dénotait une grande habitude de cette difficile opération.",,coupé,,à midi quarante - sept,1872-10-02-12-00,,,precedent_context,leva,à midi quarante - sept,1872-10-02-12-47,,,precedent_context,leva,1872-10-02-12,1872-10-02-12-47,temps_different
3773 || 3775 || 3772,3,46,146,"Là, un domestique lui remit le Times non coupé, dont Phileas Fogg opéra le laborieux dépliage avec une sûreté de main qui dénotait une grande habitude de cette difficile opération.",Phileas Fogg,opéra,dont,à midi quarante - sept,1872-10-02-12-00,,,precedent_context,leva,à midi quarante - sept,1872-10-02-12-47,,,precedent_context,leva,1872-10-02-12,1872-10-02-12-47,temps_different
3773 || 3775 || 3778,3,46,146,"Là, un domestique lui remit le Times non coupé, dont Phileas Fogg opéra le laborieux dépliage avec une sûreté de main qui dénotait une grande habitude de cette difficile opération.",Phileas Fogg,opéra,le laborieux dépliage,à midi quarante - sept,1872-10-02-12-00,,,precedent_context,leva,à midi quarante - sept,1872-10-02-12-47,,,precedent_context,leva,1872-10-02-12,1872-10-02-12-47,temps_different
3773 || 3775 || 3781,3,46,146,"Là, un domestique lui remit le Times non coupé, dont Phileas Fogg opéra le laborieux dépliage avec une sûreté de main qui dénotait une grande habitude de cette difficile opération.",Phileas Fogg,opéra,avec une sûreté de main,à midi quarante - sept,1872-10-02-12-00,,,precedent_context,leva,à midi quarante - sept,1872-10-02-12-47,,,precedent_context,leva,1872-10-02-12,1872-10-02-12-47,temps_different
3784 || 3785 || 3788,3,46,146,"Là, un domestique lui remit le Times non coupé, dont Phileas Fogg opéra le laborieux dépliage avec une sûreté de main qui dénotait une grande habitude de cette difficile opération.",qui,dénotait,une grande habitude de cette difficile opération,à midi quarante - sept,1872-10-02-12-00,,,precedent_context,leva,à midi quarante - sept,1872-10-02-12-47,,,precedent_context,leva,1872-10-02-12,1872-10-02-12-47,temps_different
3795 || 3799 || 3800,3,46,147,"La lecture de ce journal occupa Phileas Fogg jusqu' à trois heures quarante - cinq, et celle du Standard - qui lui succéda- dura jusqu' au dîner.",La lecture de ce journal,occupa,Phileas Fogg,jusqu' à trois heures quarante - cinq,1872-10-02-15-00,,,ud_direct,occupa,jusqu' à trois heures quarante - cinq,1872-10-02-03-45,,,ud_direct,occupa,1872-10-02-15,1872-10-02-03-45,temps_different
3795 || 3799 || 3805,3,46,147,"La lecture de ce journal occupa Phileas Fogg jusqu' à trois heures quarante - cinq, et celle du Standard - qui lui succéda- dura jusqu' au dîner.",La lecture de ce journal,occupa,jusqu'à trois heures quarante-cinq,jusqu' à trois heures quarante - cinq,1872-10-02-15-00,,,objet,occupa,jusqu' à trois heures quarante - cinq,1872-10-02-03-45,,,objet,occupa,1872-10-02-15,1872-10-02-03-45,temps_different
3815 || 3817 || 3816,3,46,147,"La lecture de ce journal occupa Phileas Fogg jusqu' à trois heures quarante - cinq, et celle du Standard - qui lui succéda- dura jusqu' au dîner.",Standard-qui,succéda,lui,jusqu' au dîner,1872-10-02-17-00,,,ud_scope_anchor,dura,jusqu' au dîner,1872-10-02-19-00,,,ud_scope_anchor,dura,1872-10-02-17,1872-10-02-19,temps_different
3811 || 3819 || 3822,3,46,147,"La lecture de ce journal occupa Phileas Fogg jusqu' à trois heures quarante - cinq, et celle du Standard - qui lui succéda- dura jusqu' au dîner.",celle du Standard-qui,dura,jusqu'au dîner,jusqu' au dîner,1872-10-02-17-00,,,objet,dura,jusqu' au dîner,1872-10-02-19-00,,,objet,dura,1872-10-02-17,1872-10-02-19,temps_different
3825 || 3827 || 3826,3,46,148,"Ce repas s' accomplit dans les mêmes conditions que le déjeuner, avec adjonction de« royal british sauce».",Ce repas,accomplit,s',ce repas,,,,sujet,accomplit,ce repas,1872-10-02-12-00,,,sujet,accomplit,,1872-10-02-12,seulement_auto
3825 || 3827 || 3831,3,46,148,"Ce repas s' accomplit dans les mêmes conditions que le déjeuner, avec adjonction de« royal british sauce».",Ce repas,accomplit,dans les mêmes conditions que le déjeuner,le déjeuner,,,,objet,conditions,le déjeuner,1872-10-02-12-00,,,objet,conditions,,1872-10-02-12,seulement_auto
3825 || 3827 || 3837,3,46,148,"Ce repas s' accomplit dans les mêmes conditions que le déjeuner, avec adjonction de« royal british sauce».",Ce repas,accomplit,avec adjonction de royal british sauce,ce repas,,,,sujet,accomplit,ce repas,1872-10-02-12-00,,,sujet,accomplit,,1872-10-02-12,seulement_auto
3852 || 3853 || 3847,3,47,149,"À six heures moins vingt, le gentleman reparut dans le grand salon et s' absorba dans la lecture du Morning Chronicle.",le gentleman,reparut,À six heures moins vingt,à six heures moins vingt,1872-10-02-17-00,,,objet,reparut,à six heures moins vingt,1872-10-02-05-40,,,objet,reparut,1872-10-02-17,1872-10-02-05-40,temps_different
3852 || 3853 || 3857,3,47,149,"À six heures moins vingt, le gentleman reparut dans le grand salon et s' absorba dans la lecture du Morning Chronicle.",le gentleman,reparut,dans le grand salon,à six heures moins vingt,1872-10-02-17-00,,,ud_direct,reparut,à six heures moins vingt,1872-10-02-05-40,,,ud_direct,reparut,1872-10-02-17,1872-10-02-05-40,temps_different
3852 || 3860 || 3859,3,47,149,"À six heures moins vingt, le gentleman reparut dans le grand salon et s' absorba dans la lecture du Morning Chronicle.",le gentleman,absorba,s',à six heures moins vingt,1872-10-02-17-00,,,ud_scope_anchor,reparut,à six heures moins vingt,1872-10-02-05-40,,,ud_scope_anchor,reparut,1872-10-02-17,1872-10-02-05-40,temps_different
3852 || 3860 || 3863,3,47,149,"À six heures moins vingt, le gentleman reparut dans le grand salon et s' absorba dans la lecture du Morning Chronicle.",le gentleman,absorba,dans la lecture du Morning Chronicle,à six heures moins vingt,1872-10-02-17-00,,,ud_scope_anchor,reparut,à six heures moins vingt,1872-10-02-05-40,,,ud_scope_anchor,reparut,1872-10-02-17,1872-10-02-05-40,temps_different
3874 || 3879 || 3881,3,48,150,"Une demi-heure plus tard, divers membres du Reform - Club faisaient leur entrée et s' approchaient de la cheminée, où brûlait un feu de houille.",divers membres du Reform-Club,faisaient,leur entrée,à six heures moins vingt,1872-10-02-17-00,,,precedent_context,reparut,à six heures moins vingt,1872-10-02-05-40,,,precedent_context,reparut,1872-10-02-17,1872-10-02-05-40,temps_different
3874 || 3884 || 3883,3,48,150,"Une demi-heure plus tard, divers membres du Reform - Club faisaient leur entrée et s' approchaient de la cheminée, où brûlait un feu de houille.",divers membres du Reform-Club,approchaient,s',à six heures moins vingt,1872-10-02-17-00,,,precedent_context,reparut,à six heures moins vingt,1872-10-02-05-40,,,precedent_context,reparut,1872-10-02-17,1872-10-02-05-40,temps_different
3874 || 3884 || 3887,3,48,150,"Une demi-heure plus tard, divers membres du Reform - Club faisaient leur entrée et s' approchaient de la cheminée, où brûlait un feu de houille.",divers membres du Reform-Club,approchaient,de la cheminée,à six heures moins vingt,1872-10-02-17-00,,,precedent_context,reparut,à six heures moins vingt,1872-10-02-05-40,,,precedent_context,reparut,1872-10-02-17,1872-10-02-05-40,temps_different
3887 || 3890 || 3889,3,48,150,"Une demi-heure plus tard, divers membres du Reform - Club faisaient leur entrée et s' approchaient de la cheminée, où brûlait un feu de houille.",de la cheminée,brûlait,où,à six heures moins vingt,1872-10-02-17-00,,,precedent_context,reparut,à six heures moins vingt,1872-10-02-05-40,,,precedent_context,reparut,1872-10-02-17,1872-10-02-05-40,temps_different
3887 || 3890 || 3892,3,48,150,"Une demi-heure plus tard, divers membres du Reform - Club faisaient leur entrée et s' approchaient de la cheminée, où brûlait un feu de houille.",de la cheminée,brûlait,un feu de houille,à six heures moins vingt,1872-10-02-17-00,,,precedent_context,reparut,à six heures moins vingt,1872-10-02-05-40,,,precedent_context,reparut,1872-10-02-17,1872-10-02-05-40,temps_different
_ || 3947 || _,3,48,151,"C' étaient les partenaires habituels de Mr. Phileas Fogg, comme lui enragés joueurs de whist: l' ingénieur Andrew Stuart, les banquiers John Sullivan et Samuel Fallentin, le brasseur Thomas Flanagan, Gauthier Ralph, un des administrateurs de la Banque d' Angleterre,- personnages riches et considérés, même dans ce club qui compte parmi ses membres les sommités de l' industrie et de la finance.",,considérés,,à six heures moins vingt,1872-10-02-17-00,,,precedent_context,reparut,à six heures moins vingt,1872-10-02-05-40,,,precedent_context,reparut,1872-10-02-17,1872-10-02-05-40,temps_different
3953 || 3954 || 3957,3,48,151,"C' étaient les partenaires habituels de Mr. Phileas Fogg, comme lui enragés joueurs de whist: l' ingénieur Andrew Stuart, les banquiers John Sullivan et Samuel Fallentin, le brasseur Thomas Flanagan, Gauthier Ralph, un des administrateurs de la Banque d' Angleterre,- personnages riches et considérés, même dans ce club qui compte parmi ses membres les sommités de l' industrie et de la finance.",qui,compte,parmi ses membres,à six heures moins vingt,1872-10-02-17-00,,,precedent_context,reparut,à six heures moins vingt,1872-10-02-05-40,,,precedent_context,reparut,1872-10-02-17,1872-10-02-05-40,temps_different
3953 || 3954 || 3959,3,48,151,"C' étaient les partenaires habituels de Mr. Phileas Fogg, comme lui enragés joueurs de whist: l' ingénieur Andrew Stuart, les banquiers John Sullivan et Samuel Fallentin, le brasseur Thomas Flanagan, Gauthier Ralph, un des administrateurs de la Banque d' Angleterre,- personnages riches et considérés, même dans ce club qui compte parmi ses membres les sommités de l' industrie et de la finance.",qui,compte,les sommités de l'industrie et de la finance,à six heures moins vingt,1872-10-02-17-00,,,precedent_context,reparut,à six heures moins vingt,1872-10-02-05-40,,,precedent_context,reparut,1872-10-02-17,1872-10-02-05-40,temps_different
3975 || 3974 || 3972,3,49,152,"«Eh bien, Ralph, demanda Thomas Flanagan, où en est cette affaire de vol?",Thomas Flanagan,demanda,Ralph,à six heures moins vingt,1872-10-02-17-00,,,precedent_context,reparut,à six heures moins vingt,1872-10-02-05-40,,,precedent_context,reparut,1872-10-02-17,1872-10-02-05-40,temps_different
_ || 3980 || 3979,3,49,152,"«Eh bien, Ralph, demanda Thomas Flanagan, où en est cette affaire de vol?",,est,en,à six heures moins vingt,1872-10-02-17-00,,,precedent_context,reparut,à six heures moins vingt,1872-10-02-05-40,,,precedent_context,reparut,1872-10-02-17,1872-10-02-05-40,temps_different
_ || 3980 || 3982,3,49,152,"«Eh bien, Ralph, demanda Thomas Flanagan, où en est cette affaire de vol?",,est,cette affaire de vol,à six heures moins vingt,1872-10-02-17-00,,,precedent_context,reparut,à six heures moins vingt,1872-10-02-05-40,,,precedent_context,reparut,1872-10-02-17,1872-10-02-05-40,temps_different
3991 || 3990 || _,3,50,153,"- Eh bien, répondit Andrew Stuart, la Banque en sera pour son argent.",Andrew Stuart,répondit,,à six heures moins vingt,1872-10-02-17-00,,,precedent_context,reparut,à six heures moins vingt,1872-10-02-05-40,,,precedent_context,reparut,1872-10-02-17,1872-10-02-05-40,temps_different
3995 || 3997 || 3996,3,50,153,"- Eh bien, répondit Andrew Stuart, la Banque en sera pour son argent.",la Banque,sera,en,à six heures moins vingt,1872-10-02-17-00,,,precedent_context,reparut,à six heures moins vingt,1872-10-02-05-40,,,precedent_context,reparut,1872-10-02-17,1872-10-02-05-40,temps_different
3995 || 3997 || 4000,3,50,153,"- Eh bien, répondit Andrew Stuart, la Banque en sera pour son argent.",la Banque,sera,pour son argent,à six heures moins vingt,1872-10-02-17-00,,,precedent_context,reparut,à six heures moins vingt,1872-10-02-05-40,,,precedent_context,reparut,1872-10-02-17,1872-10-02-05-40,temps_different
4002 || 4003 || 4006,3,51,154,"-J' espère, au contraire, dit Gauthier Ralph, que nous mettrons la main sur l' auteur du vol.",-J',espère,au contraire,à six heures moins vingt,1872-10-02-17-00,,,precedent_context,reparut,à six heures moins vingt,1872-10-02-05-40,,,precedent_context,reparut,1872-10-02-17,1872-10-02-05-40,temps_different
4009 || 4008 || _,3,51,154,"-J' espère, au contraire, dit Gauthier Ralph, que nous mettrons la main sur l' auteur du vol.",Gauthier Ralph,dit,,à six heures moins vingt,1872-10-02-17-00,,,precedent_context,reparut,à six heures moins vingt,1872-10-02-05-40,,,precedent_context,reparut,1872-10-02-17,1872-10-02-05-40,temps_different
4013 || 4014 || 4016,3,51,154,"-J' espère, au contraire, dit Gauthier Ralph, que nous mettrons la main sur l' auteur du vol.",nous,mettrons,la main,à six heures moins vingt,1872-10-02-17-00,,,precedent_context,reparut,à six heures moins vingt,1872-10-02-05-40,,,precedent_context,reparut,1872-10-02-17,1872-10-02-05-40,temps_different
4013 || 4014 || 4019,3,51,154,"-J' espère, au contraire, dit Gauthier Ralph, que nous mettrons la main sur l' auteur du vol.",nous,mettrons,sur l'auteur du vol,à six heures moins vingt,1872-10-02-17-00,,,precedent_context,reparut,à six heures moins vingt,1872-10-02-05-40,,,precedent_context,reparut,1872-10-02-17,1872-10-02-05-40,temps_different
4024 || 4034 || 4036,3,51,155,"Des inspecteurs de police, gens fort habiles, ont été envoyés en Amérique et en Europe, dans tous les principaux ports d' embarquement et de débarquement, et il sera difficile à ce monsieur de leur échapper.",Des inspecteurs de police gens fort habiles,envoyés,en Amérique et en Europe,à six heures moins vingt,1872-10-02-17-00,,,precedent_context,reparut,à six heures moins vingt,1872-10-02-05-40,,,precedent_context,reparut,1872-10-02-17,1872-10-02-05-40,temps_different
4024 || 4034 || 4045,3,51,155,"Des inspecteurs de police, gens fort habiles, ont été envoyés en Amérique et en Europe, dans tous les principaux ports d' embarquement et de débarquement, et il sera difficile à ce monsieur de leur échapper.",Des inspecteurs de police gens fort habiles,envoyés,dans tous les principaux ports d'embarquement et de débarquement,à six heures moins vingt,1872-10-02-17-00,,,precedent_context,reparut,à six heures moins vingt,1872-10-02-05-40,,,precedent_context,reparut,1872-10-02-17,1872-10-02-05-40,temps_different
4024 || 4034 || 4058,3,51,155,"Des inspecteurs de police, gens fort habiles, ont été envoyés en Amérique et en Europe, dans tous les principaux ports d' embarquement et de débarquement, et il sera difficile à ce monsieur de leur échapper.",Des inspecteurs de police gens fort habiles,envoyés,à ce monsieur,à six heures moins vingt,1872-10-02-17-00,,,precedent_context,reparut,à six heures moins vingt,1872-10-02-05-40,,,precedent_context,reparut,1872-10-02-17,1872-10-02-05-40,temps_different
_ || 4061 || 4060,3,51,155,"Des inspecteurs de police, gens fort habiles, ont été envoyés en Amérique et en Europe, dans tous les principaux ports d' embarquement et de débarquement, et il sera difficile à ce monsieur de leur échapper.",,échapper,leur,à six heures moins vingt,1872-10-02-17-00,,,precedent_context,reparut,à six heures moins vingt,1872-10-02-05-40,,,precedent_context,reparut,1872-10-02-17,1872-10-02-05-40,temps_different
4065 || 4066 || 4069,3,52,156,- Mais on a donc le signalement du voleur? demanda Andrew Stuart.,on,a,le signalement du voleur,à six heures moins vingt,1872-10-02-17-00,,,precedent_context,reparut,à six heures moins vingt,1872-10-02-05-40,,,precedent_context,reparut,1872-10-02-17,1872-10-02-05-40,temps_different
4074 || 4073 || _,3,52,156,- Mais on a donc le signalement du voleur? demanda Andrew Stuart.,Andrew Stuart,demanda,,à six heures moins vingt,1872-10-02-17-00,,,precedent_context,reparut,à six heures moins vingt,1872-10-02-05-40,,,precedent_context,reparut,1872-10-02-17,1872-10-02-05-40,temps_different
4090 || 4088 || _,3,53,157,"- D' abord, ce n' est pas un voleur, répondit sérieusement Gauthier Ralph.",Gauthier Ralph,répondit,,à six heures moins vingt,1872-10-02-17-00,,,precedent_context,reparut,à six heures moins vingt,1872-10-02-05-40,,,precedent_context,reparut,1872-10-02-17,1872-10-02-05-40,temps_different
4105 || 4107 || 4112,3,54,158,"- Comment, ce n' est pas un voleur, cet individu qui a soustrait cinquante - cinq mille livres en bank - notes( 1 million 375 000 francs)?",qui,soustrait,cinquante-cinq mille livres en bank-notes,à six heures moins vingt,1872-10-02-17-00,,,precedent_context,reparut,à six heures moins vingt,1872-10-02-05-40,,,precedent_context,reparut,1872-10-02-17,1872-10-02-05-40,temps_different
4105 || 4107 || 4115,3,54,158,"- Comment, ce n' est pas un voleur, cet individu qui a soustrait cinquante - cinq mille livres en bank - notes( 1 million 375 000 francs)?",qui,soustrait,bank-notes,à six heures moins vingt,1872-10-02-17-00,,,precedent_context,reparut,à six heures moins vingt,1872-10-02-05-40,,,precedent_context,reparut,1872-10-02-17,1872-10-02-05-40,temps_different
4105 || 4107 || 4116,3,54,158,"- Comment, ce n' est pas un voleur, cet individu qui a soustrait cinquante - cinq mille livres en bank - notes( 1 million 375 000 francs)?",qui,soustrait,bank-notes,à six heures moins vingt,1872-10-02-17-00,,,precedent_context,reparut,à six heures moins vingt,1872-10-02-05-40,,,precedent_context,reparut,1872-10-02-17,1872-10-02-05-40,temps_different
4129 || 4128 || _,3,55,159,"- Non, répondit Gauthier Ralph.",Gauthier Ralph,répondit,,à six heures moins vingt,1872-10-02-17-00,,,precedent_context,reparut,à six heures moins vingt,1872-10-02-05-40,,,precedent_context,reparut,1872-10-02-17,1872-10-02-05-40,temps_different
4140 || 4139 || _,3,56,160,- C' est donc un industriel? dit John Sullivan.,John Sullivan,dit,,à six heures moins vingt,1872-10-02-17-00,,,precedent_context,reparut,à six heures moins vingt,1872-10-02-05-40,,,precedent_context,reparut,1872-10-02-17,1872-10-02-05-40,temps_different
4145 || 4147 || _,3,57,161,- Le Morning Chronicle assure que c' est un gentleman.»,Le Morning Chronicle,assure,,à six heures moins vingt,1872-10-02-17-00,,,precedent_context,reparut,à six heures moins vingt,1872-10-02-05-40,,,precedent_context,reparut,1872-10-02-17,1872-10-02-05-40,temps_different
4156 || 4157 || 4159,3,58,162,"Celui qui fit cette réponse n' était autre que Phileas Fogg, dont la tête émergeait alors du flot de papier amassé autour de lui.",qui,fit,cette réponse,à six heures moins vingt,1872-10-02-17-00,,,precedent_context,reparut,à six heures moins vingt,1872-10-02-05-40,,,precedent_context,reparut,1872-10-02-17,1872-10-02-05-40,temps_different
4169 || 4170 || 4173,3,58,162,"Celui qui fit cette réponse n' était autre que Phileas Fogg, dont la tête émergeait alors du flot de papier amassé autour de lui.",dont la tête,émergeait,du flot de papier autour de lui,à six heures moins vingt,1872-10-02-17-00,,,precedent_context,reparut,à six heures moins vingt,1872-10-02-05-40,,,precedent_context,reparut,1872-10-02-17,1872-10-02-05-40,temps_different
_ || 4176 || _,3,58,162,"Celui qui fit cette réponse n' était autre que Phileas Fogg, dont la tête émergeait alors du flot de papier amassé autour de lui.",,amassé,,à six heures moins vingt,1872-10-02-17-00,,,precedent_context,reparut,à six heures moins vingt,1872-10-02-05-40,,,precedent_context,reparut,1872-10-02-17,1872-10-02-05-40,temps_different
4185 || 4187 || 4183,3,58,163,"En même temps, Phileas Fogg salua ses collègues, qui lui rendirent son salut.",Phileas Fogg,salua,En même temps,à six heures moins vingt,1872-10-02-17-00,,,precedent_context,reparut,à six heures moins vingt,1872-10-02-05-40,,,precedent_context,reparut,1872-10-02-17,1872-10-02-05-40,temps_different
4185 || 4187 || 4189,3,58,163,"En même temps, Phileas Fogg salua ses collègues, qui lui rendirent son salut.",Phileas Fogg,salua,ses collègues,à six heures moins vingt,1872-10-02-17-00,,,precedent_context,reparut,à six heures moins vingt,1872-10-02-05-40,,,precedent_context,reparut,1872-10-02-17,1872-10-02-05-40,temps_different
4191 || 4193 || 4192,3,58,163,"En même temps, Phileas Fogg salua ses collègues, qui lui rendirent son salut.",qui,rendirent,lui,à six heures moins vingt,1872-10-02-17-00,,,precedent_context,reparut,à six heures moins vingt,1872-10-02-05-40,,,precedent_context,reparut,1872-10-02-17,1872-10-02-05-40,temps_different
4191 || 4193 || 4195,3,58,163,"En même temps, Phileas Fogg salua ses collègues, qui lui rendirent son salut.",qui,rendirent,son salut,à six heures moins vingt,1872-10-02-17-00,,,precedent_context,reparut,à six heures moins vingt,1872-10-02-05-40,,,precedent_context,reparut,1872-10-02-17,1872-10-02-05-40,temps_different
4207 || 4212 || 4204,3,59,164,"Le fait dont il était question, que les divers journaux du Royaume - Uni discutaient avec ardeur, s' était accompli trois jours auparavant, le 29 septembre.",les divers journaux du Royaume-Uni,discutaient,que,trois jours auparavant,1872-09-29-00-00,,,ud_scope_anchor,accompli,trois jours auparavant,1872-09-29-06-10,,,ud_scope_anchor,accompli,1872-09-29-00,1872-09-29-06-10,temps_different
4207 || 4212 || 4214,3,59,164,"Le fait dont il était question, que les divers journaux du Royaume - Uni discutaient avec ardeur, s' était accompli trois jours auparavant, le 29 septembre.",les divers journaux du Royaume-Uni,discutaient,avec ardeur,trois jours auparavant,1872-09-29-00-00,,,ud_scope_anchor,accompli,trois jours auparavant,1872-09-29-06-10,,,ud_scope_anchor,accompli,1872-09-29-00,1872-09-29-06-10,temps_different
4198 || 4218 || 4220,3,59,164,"Le fait dont il était question, que les divers journaux du Royaume - Uni discutaient avec ardeur, s' était accompli trois jours auparavant, le 29 septembre.",Le fait dont il était question,accompli,trois jours auparavant,trois jours auparavant,1872-09-29-00-00,,,objet,accompli,trois jours auparavant,1872-09-29-06-10,,,objet,accompli,1872-09-29-00,1872-09-29-06-10,temps_different
4451 || 4494 || 4497,3,61,171,"Un des meilleurs observateurs des usages anglais raconte même ceci: Dans une des salles de la Banque où il se trouvait un jour, il eut la curiosité de voir de plus près un lingot d' or pesant sept à huit livres, qui se trouvait exposé sur la tablette du caissier; il prit ce lingot, l' examina, le passa à son voisin, celui-ci à un autre, si bien que le lingot, de main en main, s' en alla jusqu' au fond d' un corridor obscur, et ne revint qu' une demi-heure après reprendre sa place, sans que le caissier eût seulement levé la tête.",il,revint,qu'une demi-heure,une demi-heure après,,,,objet,revint,une demi-heure après,1872-09-29-00-30,,,objet,revint,,1872-09-29-00-30,seulement_auto
_ || 4499 || 4501,3,61,171,"Un des meilleurs observateurs des usages anglais raconte même ceci: Dans une des salles de la Banque où il se trouvait un jour, il eut la curiosité de voir de plus près un lingot d' or pesant sept à huit livres, qui se trouvait exposé sur la tablette du caissier; il prit ce lingot, l' examina, le passa à son voisin, celui-ci à un autre, si bien que le lingot, de main en main, s' en alla jusqu' au fond d' un corridor obscur, et ne revint qu' une demi-heure après reprendre sa place, sans que le caissier eût seulement levé la tête.",,reprendre,sa place,le 29 septembre,1872-09-29-00-00,,,precedent_context,accompli,une demi-heure après,1872-09-29-00-30,,,ud_scope_anchor,revint,1872-09-29-00,1872-09-29-00-30,temps_different
4506 || 4509 || 4511,3,61,171,"Un des meilleurs observateurs des usages anglais raconte même ceci: Dans une des salles de la Banque où il se trouvait un jour, il eut la curiosité de voir de plus près un lingot d' or pesant sept à huit livres, qui se trouvait exposé sur la tablette du caissier; il prit ce lingot, l' examina, le passa à son voisin, celui-ci à un autre, si bien que le lingot, de main en main, s' en alla jusqu' au fond d' un corridor obscur, et ne revint qu' une demi-heure après reprendre sa place, sans que le caissier eût seulement levé la tête.",le caissier,levé,la tête,le 29 septembre,1872-09-29-00-00,,,precedent_context,accompli,une demi-heure après,1872-09-29-00-30,,,ud_scope_anchor,revint,1872-09-29-00,1872-09-29-00-30,temps_different
4544 || 4555 || 4558,3,62,173,"La liasse de bank - notes ne revint pas, et quand la magnifique horloge, posée au-dessus du« drawing - office», sonna à cinq heures la fermeture des bureaux, la Banque d' Angleterre n' avait plus qu' à passer cinquante - cinq mille livres par le compte de profits et pertes.",la magnifique horloge,sonna,à cinq heures,à cinq heures,,,,objet,sonna,à cinq heures,1872-09-29-05-00,,,objet,sonna,,1872-09-29-05,seulement_auto
4544 || 4555 || 4560,3,62,173,"La liasse de bank - notes ne revint pas, et quand la magnifique horloge, posée au-dessus du« drawing - office», sonna à cinq heures la fermeture des bureaux, la Banque d' Angleterre n' avait plus qu' à passer cinquante - cinq mille livres par le compte de profits et pertes.",la magnifique horloge,sonna,la fermeture des bureaux,à cinq heures,,,,ud_direct,sonna,à cinq heures,1872-09-29-05-00,,,ud_direct,sonna,,1872-09-29-05,seulement_auto
5285 || 5284 || 5281,3,80,205,"- En quatre-vingts jours seulement, dit Phileas Fogg.",Phileas Fogg,dit,En quatre-vingts jours seulement,en quatre-vingts jours,,,,objet,dit,en quatre-vingts jours seulement,1872-12-18-00-00,1872-09-29 00:00,1872-12-18 00:00,objet,dit,,1872-12-18-00,seulement_auto
5710 || 5709 || 5708,3,108,235,"- C' est de la folie! s' écria Andrew Stuart, qui commençait à se vexer de l' insistance de son partenaire.",Andrew Stuart,écria,s',tout de suite,1872-10-02-18-00,,,precedent_context,.,pendant cette journée du 29 septembre,1872-09-29-00-00,,,precedent_context,remarqué,1872-10-02-18,1872-09-29-00,temps_different
5713 || 5714 || _,3,108,235,"- C' est de la folie! s' écria Andrew Stuart, qui commençait à se vexer de l' insistance de son partenaire.",qui,commençait,,tout de suite,1872-10-02-18-00,,,precedent_context,.,pendant cette journée du 29 septembre,1872-09-29-00-00,,,precedent_context,remarqué,1872-10-02-18,1872-09-29-00,temps_different
5713 || 5717 || 5716,3,108,235,"- C' est de la folie! s' écria Andrew Stuart, qui commençait à se vexer de l' insistance de son partenaire.",qui,vexer,se,tout de suite,1872-10-02-18-00,,,precedent_context,.,pendant cette journée du 29 septembre,1872-09-29-00-00,,,precedent_context,remarqué,1872-10-02-18,1872-09-29-00,temps_different
5713 || 5717 || 5720,3,108,235,"- C' est de la folie! s' écria Andrew Stuart, qui commençait à se vexer de l' insistance de son partenaire.",qui,vexer,de l'insistance de son partenaire,tout de suite,1872-10-02-18-00,,,precedent_context,.,pendant cette journée du 29 septembre,1872-09-29-00-00,,,precedent_context,remarqué,1872-10-02-18,1872-09-29-00,temps_different
_ || 5725 || _,3,108,236,Tenez! jouons plutôt.,,Tenez,,tout de suite,1872-10-02-18-00,,,precedent_context,.,pendant cette journée du 29 septembre,1872-09-29-00-00,,,precedent_context,remarqué,1872-10-02-18,1872-09-29-00,temps_different
_ || 5727 || _,3,108,236,Tenez! jouons plutôt.,,jouons,,tout de suite,1872-10-02-18-00,,,precedent_context,.,pendant cette journée du 29 septembre,1872-09-29-00-00,,,precedent_context,remarqué,1872-10-02-18,1872-09-29-00,temps_different
_ || 5731 || _,3,109,237,"- Refaites alors, répondit Phileas Fogg, car il y a maldonne.»",,Refaites,,tout de suite,1872-10-02-18-00,,,precedent_context,.,pendant cette journée du 29 septembre,1872-09-29-00-00,,,precedent_context,remarqué,1872-10-02-18,1872-09-29-00,temps_different
5735 || 5734 || _,3,109,237,"- Refaites alors, répondit Phileas Fogg, car il y a maldonne.»",Phileas Fogg,répondit,,tout de suite,1872-10-02-18-00,,,precedent_context,.,pendant cette journée du 29 septembre,1872-09-29-00-00,,,precedent_context,remarqué,1872-10-02-18,1872-09-29-00,temps_different
5735 || 5741 || 5740,3,109,237,"- Refaites alors, répondit Phileas Fogg, car il y a maldonne.»",Phileas Fogg,a,y,tout de suite,1872-10-02-18-00,,,precedent_context,.,pendant cette journée du 29 septembre,1872-09-29-00-00,,,precedent_context,remarqué,1872-10-02-18,1872-09-29-00,temps_different
5735 || 5741 || 5742,3,109,237,"- Refaites alors, répondit Phileas Fogg, car il y a maldonne.»",Phileas Fogg,a,maldonne,tout de suite,1872-10-02-18-00,,,precedent_context,.,pendant cette journée du 29 septembre,1872-09-29-00-00,,,precedent_context,remarqué,1872-10-02-18,1872-09-29-00,temps_different
5745 || 5747 || 5749,3,110,238,"Andrew Stuart reprit les cartes d' une main fébrile; puis, tout à coup, les posant sur la table:",Andrew Stuart,reprit,les cartes,tout de suite,1872-10-02-18-00,,,precedent_context,.,pendant cette journée du 29 septembre,1872-09-29-00-00,,,precedent_context,remarqué,1872-10-02-18,1872-09-29-00,temps_different
5745 || 5747 || 5752,3,110,238,"Andrew Stuart reprit les cartes d' une main fébrile; puis, tout à coup, les posant sur la table:",Andrew Stuart,reprit,d'une main fébrile,tout de suite,1872-10-02-18-00,,,precedent_context,.,pendant cette journée du 29 septembre,1872-09-29-00-00,,,precedent_context,remarqué,1872-10-02-18,1872-09-29-00,temps_different
_ || 5762 || 5761,3,110,238,"Andrew Stuart reprit les cartes d' une main fébrile; puis, tout à coup, les posant sur la table:",,posant,les,tout de suite,1872-10-02-18-00,,,precedent_context,.,pendant cette journée du 29 septembre,1872-09-29-00-00,,,precedent_context,remarqué,1872-10-02-18,1872-09-29-00,temps_different
_ || 5762 || 5765,3,110,238,"Andrew Stuart reprit les cartes d' une main fébrile; puis, tout à coup, les posant sur la table:",,posant,sur la table,tout de suite,1872-10-02-18-00,,,precedent_context,.,pendant cette journée du 29 septembre,1872-09-29-00-00,,,precedent_context,remarqué,1872-10-02-18,1872-09-29-00,temps_different
5777 || 5776 || 5773,3,111,239,"«Eh bien, oui, monsieur Fogg, dit -il, oui, je parie quatre mille livres!",-il,dit,monsieur Fogg,tout de suite,1872-10-02-18-00,,,precedent_context,.,pendant cette journée du 29 septembre,1872-09-29-00-00,,,precedent_context,remarqué,1872-10-02-18,1872-09-29-00,temps_different
5781 || 5782 || 5785,3,111,239,"«Eh bien, oui, monsieur Fogg, dit -il, oui, je parie quatre mille livres!",je,parie,quatre mille livres,tout de suite,1872-10-02-18-00,,,precedent_context,.,pendant cette journée du 29 septembre,1872-09-29-00-00,,,precedent_context,remarqué,1872-10-02-18,1872-09-29-00,temps_different
_ || 5792 || 5790,3,112,241,"-Mon cher Stuart, dit Fallentin, calmez -vous.",,dit,-Mon cher Stuart,tout de suite,1872-10-02-18-00,,,precedent_context,.,pendant cette journée du 29 septembre,1872-09-29-00-00,,,precedent_context,remarqué,1872-10-02-18,1872-09-29-00,temps_different
_ || 5792 || 5793,3,112,241,"-Mon cher Stuart, dit Fallentin, calmez -vous.",,dit,Fallentin,tout de suite,1872-10-02-18-00,,,precedent_context,.,pendant cette journée du 29 septembre,1872-09-29-00-00,,,precedent_context,remarqué,1872-10-02-18,1872-09-29-00,temps_different
_ || 5795 || _,3,112,241,"-Mon cher Stuart, dit Fallentin, calmez -vous.",,calmez,,tout de suite,1872-10-02-18-00,,,precedent_context,.,pendant cette journée du 29 septembre,1872-09-29-00-00,,,precedent_context,remarqué,1872-10-02-18,1872-09-29-00,temps_different
5806 || 5807 || _,3,113,243,"- Quand je dis: je parie, répondit Andrew Stuart, c' est toujours sérieux.",je,dis,,tout de suite,1872-10-02-18-00,,,precedent_context,.,pendant cette journée du 29 septembre,1872-09-29-00-00,,,precedent_context,remarqué,1872-10-02-18,1872-09-29-00,temps_different
5809 || 5810 || _,3,113,243,"- Quand je dis: je parie, répondit Andrew Stuart, c' est toujours sérieux.",je,parie,,tout de suite,1872-10-02-18-00,,,precedent_context,.,pendant cette journée du 29 septembre,1872-09-29-00-00,,,precedent_context,remarqué,1872-10-02-18,1872-09-29-00,temps_different
5813 || 5812 || _,3,113,243,"- Quand je dis: je parie, répondit Andrew Stuart, c' est toujours sérieux.",Andrew Stuart,répondit,,tout de suite,1872-10-02-18-00,,,precedent_context,.,pendant cette journée du 29 septembre,1872-09-29-00-00,,,precedent_context,remarqué,1872-10-02-18,1872-09-29-00,temps_different
_ || 5822 || _,3,114,244,- Soit!» dit Mr. Fogg.,,Soit,,tout de suite,1872-10-02-18-00,,,precedent_context,.,pendant cette journée du 29 septembre,1872-09-29-00-00,,,precedent_context,remarqué,1872-10-02-18,1872-09-29-00,temps_different
5826 || 5825 || _,3,114,244,- Soit!» dit Mr. Fogg.,Mr. Fogg,dit,,tout de suite,1872-10-02-18-00,,,precedent_context,.,pendant cette journée du 29 septembre,1872-09-29-00-00,,,precedent_context,remarqué,1872-10-02-18,1872-09-29-00,temps_different
_ || 5832 || 5831,3,114,245,"Puis, se tournant vers ses collègues:",,tournant,se,tout de suite,1872-10-02-18-00,,,precedent_context,.,pendant cette journée du 29 septembre,1872-09-29-00-00,,,precedent_context,remarqué,1872-10-02-18,1872-09-29-00,temps_different
_ || 5832 || 5835,3,114,245,"Puis, se tournant vers ses collègues:",,tournant,vers ses collègues,tout de suite,1872-10-02-18-00,,,precedent_context,.,pendant cette journée du 29 septembre,1872-09-29-00-00,,,precedent_context,remarqué,1872-10-02-18,1872-09-29-00,temps_different
5838 || 5839 || 5842,3,115,246,«J' ai vingt mille livres( 500 000 F) déposées chez Baring frères.,J',ai,vingt mille livres 500 000 F,tout de suite,1872-10-02-18-00,,,precedent_context,.,pendant cette journée du 29 septembre,1872-09-29-00-00,,,precedent_context,remarqué,1872-10-02-18,1872-09-29-00,temps_different
_ || 5848 || 5850,3,115,246,«J' ai vingt mille livres( 500 000 F) déposées chez Baring frères.,,déposées,chez Baring frères,tout de suite,1872-10-02-18-00,,,precedent_context,.,pendant cette journée du 29 septembre,1872-09-29-00-00,,,precedent_context,remarqué,1872-10-02-18,1872-09-29-00,temps_different
5853 || 5855 || 5854,3,115,247,Je les risquerai volontiers…,Je,risquerai,les,tout de suite,1872-10-02-18-00,,,precedent_context,.,pendant cette journée du 29 septembre,1872-09-29-00-00,,,precedent_context,remarqué,1872-10-02-18,1872-09-29-00,temps_different
5865 || 5864 || _,3,116,248,- Vingt mille livres! s' écria John Sullivan.,John Sullivan,écria,,tout de suite,1872-10-02-18-00,,,precedent_context,.,pendant cette journée du 29 septembre,1872-09-29-00-00,,,precedent_context,remarqué,1872-10-02-18,1872-09-29-00,temps_different
5873 || 5875 || _,3,116,249,Vingt mille livres qu' un retard imprévu peut vous faire perdre!,un retard imprévu,peut,,tout de suite,1872-10-02-18-00,,,precedent_context,.,pendant cette journée du 29 septembre,1872-09-29-00-00,,,precedent_context,remarqué,1872-10-02-18,1872-09-29-00,temps_different
5873 || 5878 || 5876,3,116,249,Vingt mille livres qu' un retard imprévu peut vous faire perdre!,un retard imprévu,perdre,vous,tout de suite,1872-10-02-18-00,,,precedent_context,.,pendant cette journée du 29 septembre,1872-09-29-00-00,,,precedent_context,remarqué,1872-10-02-18,1872-09-29-00,temps_different
5882 || 5884 || _,3,117,250,"- L' imprévu n' existe pas, répondit simplement Phileas Fogg.",L'imprévu,existe,,tout de suite,1872-10-02-18-00,,,precedent_context,.,pendant cette journée du 29 septembre,1872-09-29-00-00,,,precedent_context,remarqué,1872-10-02-18,1872-09-29-00,temps_different
5889 || 5887 || _,3,117,250,"- L' imprévu n' existe pas, répondit simplement Phileas Fogg.",Phileas Fogg,répondit,,tout de suite,1872-10-02-18-00,,,precedent_context,.,pendant cette journée du 29 septembre,1872-09-29-00-00,,,precedent_context,remarqué,1872-10-02-18,1872-09-29-00,temps_different
5899 || 5905 || 5895,3,118,251,"- Mais, monsieur Fogg, ce laps de quatre-vingts jours n' est calculé que comme un minimum de temps!",ce laps de quatre-vingts jours,calculé,monsieur Fogg,tout de suite,1872-10-02-18-00,,,precedent_context,.,pendant cette journée du 29 septembre,1872-09-29-00-00,,,precedent_context,remarqué,1872-10-02-18,1872-09-29-00,temps_different
5899 || 5905 || 5909,3,118,251,"- Mais, monsieur Fogg, ce laps de quatre-vingts jours n' est calculé que comme un minimum de temps!",ce laps de quatre-vingts jours,calculé,que comme un minimum de temps,tout de suite,1872-10-02-18-00,,,precedent_context,.,pendant cette journée du 29 septembre,1872-09-29-00-00,,,precedent_context,remarqué,1872-10-02-18,1872-09-29-00,temps_different
_ || 5917 || _,3,119,252,- Un minimum bien employé suffit à tout.,,employé,,tout de suite,1872-10-02-18-00,,,precedent_context,.,pendant cette journée du 29 septembre,1872-09-29-00-00,,,precedent_context,remarqué,1872-10-02-18,1872-09-29-00,temps_different
5915 || 5918 || 5920,3,119,252,- Un minimum bien employé suffit à tout.,Un minimum,suffit,à tout,tout de suite,1872-10-02-18-00,,,precedent_context,.,pendant cette journée du 29 septembre,1872-09-29-00-00,,,precedent_context,remarqué,1872-10-02-18,1872-09-29-00,temps_different
_ || 5928 || 5927,3,120,253,"- Mais pour ne pas le dépasser, il faut sauter mathématiquement des railways dans les paquebots, et des paquebots dans les chemins de fer!",,dépasser,le,tout de suite,1872-10-02-18-00,,,precedent_context,.,pendant cette journée du 29 septembre,1872-09-29-00-00,,,precedent_context,remarqué,1872-10-02-18,1872-09-29-00,temps_different
_ || 5931 || _,3,120,253,"- Mais pour ne pas le dépasser, il faut sauter mathématiquement des railways dans les paquebots, et des paquebots dans les chemins de fer!",,faut,,tout de suite,1872-10-02-18-00,,,precedent_context,.,pendant cette journée du 29 septembre,1872-09-29-00-00,,,precedent_context,remarqué,1872-10-02-18,1872-09-29-00,temps_different
_ || 5932 || 5935,3,120,253,"- Mais pour ne pas le dépasser, il faut sauter mathématiquement des railways dans les paquebots, et des paquebots dans les chemins de fer!",,sauter,des railways,tout de suite,1872-10-02-18-00,,,precedent_context,.,pendant cette journée du 29 septembre,1872-09-29-00-00,,,precedent_context,remarqué,1872-10-02-18,1872-09-29-00,temps_different
_ || 5932 || 5938,3,120,253,"- Mais pour ne pas le dépasser, il faut sauter mathématiquement des railways dans les paquebots, et des paquebots dans les chemins de fer!",,sauter,dans les paquebots,tout de suite,1872-10-02-18-00,,,precedent_context,.,pendant cette journée du 29 septembre,1872-09-29-00-00,,,precedent_context,remarqué,1872-10-02-18,1872-09-29-00,temps_different
5949 || 5950 || _,3,121,254,-Je sauterai mathématiquement.,-Je,sauterai,,tout de suite,1872-10-02-18-00,,,precedent_context,.,pendant cette journée du 29 septembre,1872-09-29-00-00,,,precedent_context,remarqué,1872-10-02-18,1872-09-29-00,temps_different
5962 || 5964 || _,3,123,256,"- Un bon Anglais ne plaisante jamais, quand il s' agit d' une chose aussi sérieuse qu' un pari, répondit Phileas Fogg.",Un bon Anglais,plaisante,,tout de suite,1872-10-02-18-00,,,precedent_context,.,pendant cette journée du 29 septembre,1872-09-29-00-00,,,precedent_context,remarqué,1872-10-02-18,1872-09-29-00,temps_different
5962 || 5970 || 5969,3,123,256,"- Un bon Anglais ne plaisante jamais, quand il s' agit d' une chose aussi sérieuse qu' un pari, répondit Phileas Fogg.",Un bon Anglais,agit,s',tout de suite,1872-10-02-18-00,,,precedent_context,.,pendant cette journée du 29 septembre,1872-09-29-00-00,,,precedent_context,remarqué,1872-10-02-18,1872-09-29-00,temps_different
5962 || 5970 || 5973,3,123,256,"- Un bon Anglais ne plaisante jamais, quand il s' agit d' une chose aussi sérieuse qu' un pari, répondit Phileas Fogg.",Un bon Anglais,agit,d'une chose aussi sérieuse qu'un pari,tout de suite,1872-10-02-18-00,,,precedent_context,.,pendant cette journée du 29 septembre,1872-09-29-00-00,,,precedent_context,remarqué,1872-10-02-18,1872-09-29-00,temps_different
5981 || 5980 || _,3,123,256,"- Un bon Anglais ne plaisante jamais, quand il s' agit d' une chose aussi sérieuse qu' un pari, répondit Phileas Fogg.",Phileas Fogg,répondit,,tout de suite,1872-10-02-18-00,,,precedent_context,.,pendant cette journée du 29 septembre,1872-09-29-00-00,,,precedent_context,remarqué,1872-10-02-18,1872-09-29-00,temps_different
5984 || 5985 || 5988,3,123,257,"Je parie vingt mille livres contre qui voudra que je ferai le tour de la terre en quatre-vingts jours ou moins, soit dix-neuf cent vingt heures ou cent quinze mille deux cents minutes.",Je,parie,vingt mille livres,tout de suite,1872-10-02-18-00,,,precedent_context,.,pendant cette journée du 29 septembre,1872-09-29-00-00,,,precedent_context,remarqué,1872-10-02-18,1872-09-29-00,temps_different
5984 || 5991 || _,3,123,257,"Je parie vingt mille livres contre qui voudra que je ferai le tour de la terre en quatre-vingts jours ou moins, soit dix-neuf cent vingt heures ou cent quinze mille deux cents minutes.",Je,voudra,,tout de suite,1872-10-02-18-00,,,precedent_context,.,pendant cette journée du 29 septembre,1872-09-29-00-00,,,precedent_context,remarqué,1872-10-02-18,1872-09-29-00,temps_different
_ || 6019 || _,3,123,258,Acceptez -vous?,,Acceptez,,tout de suite,1872-10-02-18-00,,,precedent_context,.,pendant cette journée du 29 septembre,1872-09-29-00-00,,,precedent_context,remarqué,1872-10-02-18,1872-09-29-00,temps_different
6022 || 6023 || _,3,124,259,"-Nous acceptons, répondirent MM. Stuart, Fallentin, Sullivan, Flanagan et Ralph, après s' être entendus.",-Nous,acceptons,,tout de suite,1872-10-02-18-00,,,precedent_context,.,pendant cette journée du 29 septembre,1872-09-29-00-00,,,precedent_context,remarqué,1872-10-02-18,1872-09-29-00,temps_different
_ || 6025 || 6026,3,124,259,"-Nous acceptons, répondirent MM. Stuart, Fallentin, Sullivan, Flanagan et Ralph, après s' être entendus.",,répondirent,MM. Stuart Fallentin Sullivan Flanagan et Ralph,tout de suite,1872-10-02-18-00,,,precedent_context,.,pendant cette journée du 29 septembre,1872-09-29-00-00,,,precedent_context,remarqué,1872-10-02-18,1872-09-29-00,temps_different
_ || 6040 || 6038,3,124,259,"-Nous acceptons, répondirent MM. Stuart, Fallentin, Sullivan, Flanagan et Ralph, après s' être entendus.",,entendus,s',tout de suite,1872-10-02-18-00,,,precedent_context,.,pendant cette journée du 29 septembre,1872-09-29-00-00,,,precedent_context,remarqué,1872-10-02-18,1872-09-29-00,temps_different
6046 || 6045 || _,3,125,260,"- Bien, dit Mr. Fogg.",Mr. Fogg,dit,,tout de suite,1872-10-02-18-00,,,precedent_context,.,pendant cette journée du 29 septembre,1872-09-29-00-00,,,precedent_context,remarqué,1872-10-02-18,1872-09-29-00,temps_different
6050 || 6053 || 6056,3,125,261,Le train de Douvres part à huit heures quarante - cinq.,Le train de Douvres,part,à huit heures quarante-cinq,à huit heures quarante - cinq,1872-10-02-20-00,,,objet,part,à huit heures quarante - cinq,1872-09-29-08-45,,,objet,part,1872-10-02-20,1872-09-29-08-45,temps_different
6061 || 6063 || 6062,3,125,262,Je le prendrai.,Je,prendrai,le,à huit heures quarante - cinq,1872-10-02-20-00,,,precedent_context,part,à huit heures quarante - cinq,1872-09-29-08-45,,,precedent_context,part,1872-10-02-20,1872-09-29-08-45,temps_different
6070 || 6069 || _,3,126,263,-Ce soir même? demanda Stuart.,Stuart,demanda,,-ce soir même,1872-10-02-20-00,,,precedent_context,parié,-ce soir même,1872-09-29-20-00,,,precedent_context,parié,1872-10-02-20,1872-09-29-20,temps_different
6077 || 6076 || 6073,3,127,264,"-Ce soir même, répondit Phileas Fogg.",Phileas Fogg,répondit,-Ce soir même,-ce soir même,1872-10-02-20-00,,,objet,répondit,-ce soir même,1872-09-29-20-00,,,objet,répondit,1872-10-02-20,1872-09-29-20,temps_different
6083 || 6086 || 6088,3,127,265,"Donc, ajouta -t -il en consultant un calendrier de poche, puisque c' est aujourd'hui mercredi 2 octobre, je devrai être de retour à Londres, dans ce salon même du Reform - Club, le samedi 21 décembre, à huit heures quarante - cinq du soir, faute de quoi les vingt mille livres déposées actuellement à mon crédit chez Baring frères vous appartiendront de fait et de droit, messieurs.",-t,consultant,un calendrier de poche,-ce soir même,1872-10-02-20-00,,,precedent_context,répondit,-ce soir même,1872-09-29-20-00,,,precedent_context,répondit,1872-10-02-20,1872-09-29-20,temps_different
6100 || 6101 || 6106,3,127,265,"Donc, ajouta -t -il en consultant un calendrier de poche, puisque c' est aujourd'hui mercredi 2 octobre, je devrai être de retour à Londres, dans ce salon même du Reform - Club, le samedi 21 décembre, à huit heures quarante - cinq du soir, faute de quoi les vingt mille livres déposées actuellement à mon crédit chez Baring frères vous appartiendront de fait et de droit, messieurs.",je,devrai,à Londres,-ce soir même,1872-10-02-20-00,,,precedent_context,répondit,-ce soir même,1872-09-29-20-00,,,precedent_context,répondit,1872-10-02-20,1872-09-29-20,temps_different
6100 || 6101 || 6110,3,127,265,"Donc, ajouta -t -il en consultant un calendrier de poche, puisque c' est aujourd'hui mercredi 2 octobre, je devrai être de retour à Londres, dans ce salon même du Reform - Club, le samedi 21 décembre, à huit heures quarante - cinq du soir, faute de quoi les vingt mille livres déposées actuellement à mon crédit chez Baring frères vous appartiendront de fait et de droit, messieurs.",je,devrai,dans ce salon même du Reform-Club,-ce soir même,1872-10-02-20-00,,,precedent_context,répondit,-ce soir même,1872-09-29-20-00,,,precedent_context,répondit,1872-10-02-20,1872-09-29-20,temps_different
6100 || 6101 || 6118,3,127,265,"Donc, ajouta -t -il en consultant un calendrier de poche, puisque c' est aujourd'hui mercredi 2 octobre, je devrai être de retour à Londres, dans ce salon même du Reform - Club, le samedi 21 décembre, à huit heures quarante - cinq du soir, faute de quoi les vingt mille livres déposées actuellement à mon crédit chez Baring frères vous appartiendront de fait et de droit, messieurs.",je,devrai,le samedi 21 décembre,le samedi 21 décembre,1872-12-21-20-00,,,objet,retour,le samedi 21 décembre,1872-12-21-00-00,,,objet,retour,1872-12-21-20,1872-12-21-00,temps_different
6100 || 6101 || 6124,3,127,265,"Donc, ajouta -t -il en consultant un calendrier de poche, puisque c' est aujourd'hui mercredi 2 octobre, je devrai être de retour à Londres, dans ce salon même du Reform - Club, le samedi 21 décembre, à huit heures quarante - cinq du soir, faute de quoi les vingt mille livres déposées actuellement à mon crédit chez Baring frères vous appartiendront de fait et de droit, messieurs.",je,devrai,à huit heures quarante-cinq du soir,à huit heures quarante - cinq du soir,1872-12-21-20-00,,,objet,retour,à huit heures quarante - cinq du soir,1872-12-21-20-45,,,objet,retour,1872-12-21-20,1872-12-21-20-45,temps_different
_ || 6138 || 6142,3,127,265,"Donc, ajouta -t -il en consultant un calendrier de poche, puisque c' est aujourd'hui mercredi 2 octobre, je devrai être de retour à Londres, dans ce salon même du Reform - Club, le samedi 21 décembre, à huit heures quarante - cinq du soir, faute de quoi les vingt mille livres déposées actuellement à mon crédit chez Baring frères vous appartiendront de fait et de droit, messieurs.",,déposées,à mon crédit,-ce soir même,1872-10-02-20-00,,,precedent_context,répondit,-ce soir même,1872-09-29-20-00,,,precedent_context,répondit,1872-10-02-20,1872-09-29-20,temps_different
_ || 6138 || 6144,3,127,265,"Donc, ajouta -t -il en consultant un calendrier de poche, puisque c' est aujourd'hui mercredi 2 octobre, je devrai être de retour à Londres, dans ce salon même du Reform - Club, le samedi 21 décembre, à huit heures quarante - cinq du soir, faute de quoi les vingt mille livres déposées actuellement à mon crédit chez Baring frères vous appartiendront de fait et de droit, messieurs.",,déposées,chez Baring frères,-ce soir même,1872-10-02-20-00,,,precedent_context,répondit,-ce soir même,1872-09-29-20-00,,,precedent_context,répondit,1872-10-02-20,1872-09-29-20,temps_different
6137 || 6147 || 6146,3,127,265,"Donc, ajouta -t -il en consultant un calendrier de poche, puisque c' est aujourd'hui mercredi 2 octobre, je devrai être de retour à Londres, dans ce salon même du Reform - Club, le samedi 21 décembre, à huit heures quarante - cinq du soir, faute de quoi les vingt mille livres déposées actuellement à mon crédit chez Baring frères vous appartiendront de fait et de droit, messieurs.",les vingt mille livres,appartiendront,vous,-ce soir même,1872-10-02-20-00,,,precedent_context,répondit,-ce soir même,1872-09-29-20-00,,,precedent_context,répondit,1872-10-02-20,1872-09-29-20,temps_different
6137 || 6147 || 6149,3,127,265,"Donc, ajouta -t -il en consultant un calendrier de poche, puisque c' est aujourd'hui mercredi 2 octobre, je devrai être de retour à Londres, dans ce salon même du Reform - Club, le samedi 21 décembre, à huit heures quarante - cinq du soir, faute de quoi les vingt mille livres déposées actuellement à mon crédit chez Baring frères vous appartiendront de fait et de droit, messieurs.",les vingt mille livres,appartiendront,de fait et de droit,-ce soir même,1872-10-02-20-00,,,precedent_context,répondit,-ce soir même,1872-09-29-20-00,,,precedent_context,répondit,1872-10-02-20,1872-09-29-20,temps_different
_ || 6157 || 6159,3,127,266,- Voici un chèque de pareille somme.,,Voici,un chèque de pareille somme,-ce soir même,1872-10-02-20-00,,,precedent_context,répondit,-ce soir même,1872-09-29-20-00,,,precedent_context,répondit,1872-10-02-20,1872-09-29-20,temps_different
6166 || 6170 || 6173,3,128,268,Un procès-verbal du pari fut fait et signé sur-le-champ par les six co-intéressés.,Un procès-verbal du pari,fait,sur-le-champ,-ce soir même,1872-10-02-20-00,,,precedent_context,répondit,-ce soir même,1872-09-29-20-00,,,precedent_context,répondit,1872-10-02-20,1872-09-29-20,temps_different
6166 || 6170 || 6177,3,128,268,Un procès-verbal du pari fut fait et signé sur-le-champ par les six co-intéressés.,Un procès-verbal du pari,fait,par les six co-intéressés,-ce soir même,1872-10-02-20-00,,,precedent_context,répondit,-ce soir même,1872-09-29-20-00,,,precedent_context,répondit,1872-10-02-20,1872-09-29-20,temps_different
6166 || 6172 || _,3,128,268,Un procès-verbal du pari fut fait et signé sur-le-champ par les six co-intéressés.,Un procès-verbal du pari,signé,,-ce soir même,1872-10-02-20-00,,,precedent_context,répondit,-ce soir même,1872-09-29-20-00,,,precedent_context,répondit,1872-10-02-20,1872-09-29-20,temps_different
6179 || 6182 || _,3,128,269,Phileas Fogg était demeuré froid.,Phileas Fogg,demeuré,,-ce soir même,1872-10-02-20-00,,,precedent_context,répondit,-ce soir même,1872-09-29-20-00,,,precedent_context,répondit,1872-10-02-20,1872-09-29-20,temps_different
6185 || 6190 || _,3,128,270,"Il n' avait certainement pas parié pour gagner, et n' avait engagé ces vingt mille livres- la moitié de sa fortune- que parce qu' il prévoyait qu' il pourrait avoir à dépenser l' autre pour mener à bien ce difficile, pour ne pas dire inexécutable projet.",Il,parié,,-ce soir même,1872-10-02-20-00,,,precedent_context,répondit,-ce soir même,1872-09-29-20-00,,,precedent_context,répondit,1872-10-02-20,1872-09-29-20,temps_different
6185 || 6192 || _,3,128,270,"Il n' avait certainement pas parié pour gagner, et n' avait engagé ces vingt mille livres- la moitié de sa fortune- que parce qu' il prévoyait qu' il pourrait avoir à dépenser l' autre pour mener à bien ce difficile, pour ne pas dire inexécutable projet.",Il,gagner,,-ce soir même,1872-10-02-20-00,,,precedent_context,répondit,-ce soir même,1872-09-29-20-00,,,precedent_context,répondit,1872-10-02-20,1872-09-29-20,temps_different
6185 || 6197 || 6201,3,128,270,"Il n' avait certainement pas parié pour gagner, et n' avait engagé ces vingt mille livres- la moitié de sa fortune- que parce qu' il prévoyait qu' il pourrait avoir à dépenser l' autre pour mener à bien ce difficile, pour ne pas dire inexécutable projet.",Il,engagé,ces vingt mille livres-la moitié de sa fortune,-ce soir même,1872-10-02-20-00,,,precedent_context,répondit,-ce soir même,1872-09-29-20-00,,,precedent_context,répondit,1872-10-02-20,1872-09-29-20,temps_different
6212 || 6213 || _,3,128,270,"Il n' avait certainement pas parié pour gagner, et n' avait engagé ces vingt mille livres- la moitié de sa fortune- que parce qu' il prévoyait qu' il pourrait avoir à dépenser l' autre pour mener à bien ce difficile, pour ne pas dire inexécutable projet.",il,prévoyait,,-ce soir même,1872-10-02-20-00,,,precedent_context,répondit,-ce soir même,1872-09-29-20-00,,,precedent_context,répondit,1872-10-02-20,1872-09-29-20,temps_different
6215 || 6216 || 6234,3,128,270,"Il n' avait certainement pas parié pour gagner, et n' avait engagé ces vingt mille livres- la moitié de sa fortune- que parce qu' il prévoyait qu' il pourrait avoir à dépenser l' autre pour mener à bien ce difficile, pour ne pas dire inexécutable projet.",il,pourrait,pour inexécutable projet,-ce soir même,1872-10-02-20-00,,,precedent_context,répondit,-ce soir même,1872-09-29-20-00,,,precedent_context,répondit,1872-10-02-20,1872-09-29-20,temps_different
6215 || 6217 || _,3,128,270,"Il n' avait certainement pas parié pour gagner, et n' avait engagé ces vingt mille livres- la moitié de sa fortune- que parce qu' il prévoyait qu' il pourrait avoir à dépenser l' autre pour mener à bien ce difficile, pour ne pas dire inexécutable projet.",il,avoir,,-ce soir même,1872-10-02-20-00,,,precedent_context,répondit,-ce soir même,1872-09-29-20-00,,,precedent_context,répondit,1872-10-02-20,1872-09-29-20,temps_different
_ || 6219 || 6221,3,128,270,"Il n' avait certainement pas parié pour gagner, et n' avait engagé ces vingt mille livres- la moitié de sa fortune- que parce qu' il prévoyait qu' il pourrait avoir à dépenser l' autre pour mener à bien ce difficile, pour ne pas dire inexécutable projet.",,dépenser,l'autre,-ce soir même,1872-10-02-20-00,,,precedent_context,répondit,-ce soir même,1872-09-29-20-00,,,precedent_context,répondit,1872-10-02-20,1872-09-29-20,temps_different
_ || 6223 || 6225,3,128,270,"Il n' avait certainement pas parié pour gagner, et n' avait engagé ces vingt mille livres- la moitié de sa fortune- que parce qu' il prévoyait qu' il pourrait avoir à dépenser l' autre pour mener à bien ce difficile, pour ne pas dire inexécutable projet.",,mener,à bien,-ce soir même,1872-10-02-20-00,,,precedent_context,répondit,-ce soir même,1872-09-29-20-00,,,precedent_context,répondit,1872-10-02-20,1872-09-29-20,temps_different
_ || 6223 || 6228,3,128,270,"Il n' avait certainement pas parié pour gagner, et n' avait engagé ces vingt mille livres- la moitié de sa fortune- que parce qu' il prévoyait qu' il pourrait avoir à dépenser l' autre pour mener à bien ce difficile, pour ne pas dire inexécutable projet.",,mener,"ce difficile,",-ce soir même,1872-10-02-20-00,,,precedent_context,répondit,-ce soir même,1872-09-29-20-00,,,precedent_context,répondit,1872-10-02-20,1872-09-29-20,temps_different
_ || 6232 || _,3,128,270,"Il n' avait certainement pas parié pour gagner, et n' avait engagé ces vingt mille livres- la moitié de sa fortune- que parce qu' il prévoyait qu' il pourrait avoir à dépenser l' autre pour mener à bien ce difficile, pour ne pas dire inexécutable projet.",,dire,,-ce soir même,1872-10-02-20-00,,,precedent_context,répondit,-ce soir même,1872-09-29-20-00,,,precedent_context,répondit,1872-10-02-20,1872-09-29-20,temps_different
6243 || 6244 || 6239,3,128,271,"Quant à ses adversaires, eux, ils paraissaient émus, non pas à cause de la valeur de l' enjeu, mais parce qu' ils se faisaient une sorte de scrupule de lutter dans ces conditions.",ils,paraissaient,Quant à ses adversaires,-ce soir même,1872-10-02-20-00,,,precedent_context,répondit,-ce soir même,1872-09-29-20-00,,,precedent_context,répondit,1872-10-02-20,1872-09-29-20,temps_different
6243 || 6244 || 6241,3,128,271,"Quant à ses adversaires, eux, ils paraissaient émus, non pas à cause de la valeur de l' enjeu, mais parce qu' ils se faisaient une sorte de scrupule de lutter dans ces conditions.",ils,paraissaient,eux,-ce soir même,1872-10-02-20-00,,,precedent_context,répondit,-ce soir même,1872-09-29-20-00,,,precedent_context,répondit,1872-10-02-20,1872-09-29-20,temps_different
6243 || 6244 || 6250,3,128,271,"Quant à ses adversaires, eux, ils paraissaient émus, non pas à cause de la valeur de l' enjeu, mais parce qu' ils se faisaient une sorte de scrupule de lutter dans ces conditions.",ils,paraissaient,non pas à cause de la valeur de l'enjeu,-ce soir même,1872-10-02-20-00,,,precedent_context,répondit,-ce soir même,1872-09-29-20-00,,,precedent_context,répondit,1872-10-02-20,1872-09-29-20,temps_different
6243 || 6245 || _,3,128,271,"Quant à ses adversaires, eux, ils paraissaient émus, non pas à cause de la valeur de l' enjeu, mais parce qu' ils se faisaient une sorte de scrupule de lutter dans ces conditions.",ils,émus,,-ce soir même,1872-10-02-20-00,,,precedent_context,répondit,-ce soir même,1872-09-29-20-00,,,precedent_context,répondit,1872-10-02-20,1872-09-29-20,temps_different
6261 || 6263 || 6262,3,128,271,"Quant à ses adversaires, eux, ils paraissaient émus, non pas à cause de la valeur de l' enjeu, mais parce qu' ils se faisaient une sorte de scrupule de lutter dans ces conditions.",ils,faisaient,se,-ce soir même,1872-10-02-20-00,,,precedent_context,répondit,-ce soir même,1872-09-29-20-00,,,precedent_context,répondit,1872-10-02-20,1872-09-29-20,temps_different
6261 || 6263 || 6265,3,128,271,"Quant à ses adversaires, eux, ils paraissaient émus, non pas à cause de la valeur de l' enjeu, mais parce qu' ils se faisaient une sorte de scrupule de lutter dans ces conditions.",ils,faisaient,une sorte de scrupule,-ce soir même,1872-10-02-20-00,,,precedent_context,répondit,-ce soir même,1872-09-29-20-00,,,precedent_context,répondit,1872-10-02-20,1872-09-29-20,temps_different
_ || 6269 || 6272,3,128,271,"Quant à ses adversaires, eux, ils paraissaient émus, non pas à cause de la valeur de l' enjeu, mais parce qu' ils se faisaient une sorte de scrupule de lutter dans ces conditions.",,lutter,dans ces conditions,-ce soir même,1872-10-02-20-00,,,precedent_context,répondit,-ce soir même,1872-09-29-20-00,,,precedent_context,répondit,1872-10-02-20,1872-09-29-20,temps_different
6275 || 6276 || _,3,129,272,Sept heures sonnaient alors.,Sept heures,sonnaient,,sept heures,1872-10-02-19-00,,,sujet,sonnaient,sept heures sonnaient,1872-12-21-07-00,,,sujet,sonnaient,1872-10-02-19,1872-12-21-07,temps_different
6279 || 6280 || 6282,3,129,273,On offrit à Mr. Fogg de suspendre le whist afin qu' il pût faire ses préparatifs de départ.,On,offrit,à Mr. Fogg,sept heures,1872-10-02-19-00,,,precedent_context,sonnaient,sept heures sonnaient,1872-12-21-07-00,,,precedent_context,sonnaient,1872-10-02-19,1872-12-21-07,temps_different
6279 || 6285 || 6287,3,129,273,On offrit à Mr. Fogg de suspendre le whist afin qu' il pût faire ses préparatifs de départ.,On,suspendre,le whist,sept heures,1872-10-02-19-00,,,precedent_context,sonnaient,sept heures sonnaient,1872-12-21-07-00,,,precedent_context,sonnaient,1872-10-02-19,1872-12-21-07,temps_different
6290 || 6291 || _,3,129,273,On offrit à Mr. Fogg de suspendre le whist afin qu' il pût faire ses préparatifs de départ.,il,pût,,sept heures,1872-10-02-19-00,,,precedent_context,sonnaient,sept heures sonnaient,1872-12-21-07-00,,,precedent_context,sonnaient,1872-10-02-19,1872-12-21-07,temps_different
6290 || 6292 || 6294,3,129,273,On offrit à Mr. Fogg de suspendre le whist afin qu' il pût faire ses préparatifs de départ.,il,faire,ses préparatifs de départ,sept heures,1872-10-02-19-00,,,precedent_context,sonnaient,sept heures sonnaient,1872-12-21-07-00,,,precedent_context,sonnaient,1872-10-02-19,1872-12-21-07,temps_different
_ || 6305 || 6308,3,130,274,"«Je suis toujours prêt!» répondit cet impassible gentleman, et donnant les cartes:",,répondit,cet impassible gentleman,sept heures,1872-10-02-19-00,,,precedent_context,sonnaient,sept heures sonnaient,1872-12-21-07-00,,,precedent_context,sonnaient,1872-10-02-19,1872-12-21-07,temps_different
_ || 6311 || 6313,3,130,274,"«Je suis toujours prêt!» répondit cet impassible gentleman, et donnant les cartes:",,donnant,les cartes,sept heures,1872-10-02-19-00,,,precedent_context,sonnaient,sept heures sonnaient,1872-12-21-07-00,,,precedent_context,sonnaient,1872-10-02-19,1872-12-21-07,temps_different
6316 || 6317 || 6318,3,131,275,"«Je retourne carreau, dit -il.",Je,retourne,carreau,sept heures,1872-10-02-19-00,,,precedent_context,sonnaient,sept heures sonnaient,1872-12-21-07-00,,,precedent_context,sonnaient,1872-10-02-19,1872-12-21-07,temps_different
6321 || 6320 || _,3,131,275,"«Je retourne carreau, dit -il.",-il,dit,,sept heures,1872-10-02-19-00,,,precedent_context,sonnaient,sept heures sonnaient,1872-12-21-07-00,,,precedent_context,sonnaient,1872-10-02-19,1872-12-21-07,temps_different
_ || 6326 || _,3,131,276,"À vous de jouer, monsieur Stuart.",,jouer,,sept heures,1872-10-02-19-00,,,precedent_context,sonnaient,sept heures sonnaient,1872-12-21-07-00,,,precedent_context,sonnaient,1872-10-02-19,1872-12-21-07,temps_different
6337 || 6342 || 6344,4,132,278,"À sept heures vingt-cinq, Phileas Fogg, après avoir gagné une vingtaine de guinées au whist, prit congé de ses honorables collègues, et quitta le Reform - Club.",Phileas Fogg,gagné,une vingtaine de guinées,à sept heures vingt-cinq,1872-10-02-19-00,,,ud_scope_anchor,prit,à sept heures vingt-cinq,1872-12-21-07-25,,,ud_scope_anchor,prit,1872-10-02-19,1872-12-21-07-25,temps_different
6337 || 6342 || 6348,4,132,278,"À sept heures vingt-cinq, Phileas Fogg, après avoir gagné une vingtaine de guinées au whist, prit congé de ses honorables collègues, et quitta le Reform - Club.",Phileas Fogg,gagné,au whist,à sept heures vingt-cinq,1872-10-02-19-00,,,ud_scope_anchor,prit,à sept heures vingt-cinq,1872-12-21-07-25,,,ud_scope_anchor,prit,1872-10-02-19,1872-12-21-07-25,temps_different
6337 || 6350 || 6334,4,132,278,"À sept heures vingt-cinq, Phileas Fogg, après avoir gagné une vingtaine de guinées au whist, prit congé de ses honorables collègues, et quitta le Reform - Club.",Phileas Fogg,prit,À sept heures vingt-cinq,à sept heures vingt-cinq,1872-10-02-19-00,,,objet,prit,à sept heures vingt-cinq,1872-12-21-07-25,,,objet,prit,1872-10-02-19,1872-12-21-07-25,temps_different
6337 || 6350 || 6351,4,132,278,"À sept heures vingt-cinq, Phileas Fogg, après avoir gagné une vingtaine de guinées au whist, prit congé de ses honorables collègues, et quitta le Reform - Club.",Phileas Fogg,prit,congé,à sept heures vingt-cinq,1872-10-02-19-00,,,ud_direct,prit,à sept heures vingt-cinq,1872-12-21-07-25,,,ud_direct,prit,1872-10-02-19,1872-12-21-07-25,temps_different
6337 || 6350 || 6355,4,132,278,"À sept heures vingt-cinq, Phileas Fogg, après avoir gagné une vingtaine de guinées au whist, prit congé de ses honorables collègues, et quitta le Reform - Club.",Phileas Fogg,prit,de ses honorables collègues,à sept heures vingt-cinq,1872-10-02-19-00,,,ud_direct,prit,à sept heures vingt-cinq,1872-12-21-07-25,,,ud_direct,prit,1872-10-02-19,1872-12-21-07-25,temps_different
6337 || 6358 || 6360,4,132,278,"À sept heures vingt-cinq, Phileas Fogg, après avoir gagné une vingtaine de guinées au whist, prit congé de ses honorables collègues, et quitta le Reform - Club.",Phileas Fogg,quitta,le Reform-Club,à sept heures vingt-cinq,1872-10-02-19-00,,,ud_scope_anchor,prit,à sept heures vingt-cinq,1872-12-21-07-25,,,ud_scope_anchor,prit,1872-10-02-19,1872-12-21-07-25,temps_different
6337 || 6358 || 6361,4,132,278,"À sept heures vingt-cinq, Phileas Fogg, après avoir gagné une vingtaine de guinées au whist, prit congé de ses honorables collègues, et quitta le Reform - Club.",Phileas Fogg,quitta,Reform-Club,à sept heures vingt-cinq,1872-10-02-19-00,,,ud_scope_anchor,prit,à sept heures vingt-cinq,1872-12-21-07-25,,,ud_scope_anchor,prit,1872-10-02-19,1872-12-21-07-25,temps_different
6337 || 6358 || 6362,4,132,278,"À sept heures vingt-cinq, Phileas Fogg, après avoir gagné une vingtaine de guinées au whist, prit congé de ses honorables collègues, et quitta le Reform - Club.",Phileas Fogg,quitta,Reform-Club,à sept heures vingt-cinq,1872-10-02-19-00,,,ud_scope_anchor,prit,à sept heures vingt-cinq,1872-12-21-07-25,,,ud_scope_anchor,prit,1872-10-02-19,1872-12-21-07-25,temps_different
6369 || 6370 || 6366,4,132,279,"À sept heures cinquante, il ouvrait la porte de sa maison et rentrait chez lui.",il,ouvrait,À sept heures cinquante,à sept heures cinquante,1872-10-02-19-00,,,objet,ouvrait,à sept heures cinquante,1872-12-21-07-50,,,objet,ouvrait,1872-10-02-19,1872-12-21-07-50,temps_different
6369 || 6370 || 6372,4,132,279,"À sept heures cinquante, il ouvrait la porte de sa maison et rentrait chez lui.",il,ouvrait,la porte de sa maison,à sept heures cinquante,1872-10-02-19-00,,,ud_direct,ouvrait,à sept heures cinquante,1872-12-21-07-50,,,ud_direct,ouvrait,1872-10-02-19,1872-12-21-07-50,temps_different
6369 || 6377 || 6379,4,132,279,"À sept heures cinquante, il ouvrait la porte de sa maison et rentrait chez lui.",il,rentrait,chez lui,à sept heures cinquante,1872-10-02-19-00,,,ud_scope_anchor,ouvrait,à sept heures cinquante,1872-12-21-07-50,,,ud_scope_anchor,ouvrait,1872-10-02-19,1872-12-21-07-50,temps_different
6383 || 6386 || 6388,4,133,280,"Passepartout, qui avait consciencieusement étudié son programme, fut assez surpris en voyant Mr. Fogg, coupable d' inexactitude, apparaître à cette heure insolite.",qui,étudié,son programme,à sept heures cinquante,1872-10-02-19-00,,,precedent_context,ouvrait,à sept heures cinquante,1872-12-21-07-50,,,precedent_context,ouvrait,1872-10-02-19,1872-12-21-07-50,temps_different
6381 || 6392 || _,4,133,280,"Passepartout, qui avait consciencieusement étudié son programme, fut assez surpris en voyant Mr. Fogg, coupable d' inexactitude, apparaître à cette heure insolite.",Passepartout,surpris,,à sept heures cinquante,1872-10-02-19-00,,,precedent_context,ouvrait,à sept heures cinquante,1872-12-21-07-50,,,precedent_context,ouvrait,1872-10-02-19,1872-12-21-07-50,temps_different
6381 || 6394 || 6395,4,133,280,"Passepartout, qui avait consciencieusement étudié son programme, fut assez surpris en voyant Mr. Fogg, coupable d' inexactitude, apparaître à cette heure insolite.",Passepartout,voyant,Mr. Fogg coupable d'inexactitude,à sept heures cinquante,1872-10-02-19-00,,,precedent_context,ouvrait,à sept heures cinquante,1872-12-21-07-50,,,precedent_context,ouvrait,1872-10-02-19,1872-12-21-07-50,temps_different
6381 || 6402 || 6405,4,133,280,"Passepartout, qui avait consciencieusement étudié son programme, fut assez surpris en voyant Mr. Fogg, coupable d' inexactitude, apparaître à cette heure insolite.",Passepartout,apparaître,à cette heure insolite,cette heure insolite,1872-10-02-19-00,,,objet,apparaître,cette heure insolite,1872-12-21-07-50,,,objet,apparaître,1872-10-02-19,1872-12-21-07-50,temps_different
6413 || 6419 || 6410,4,133,281,"Suivant la notice, le locataire de Saville - row ne devait rentrer qu' à minuit précis.",le locataire de Saville-row,devait,Suivant la notice,à sept heures cinquante,1872-10-02-19-00,,,precedent_context,ouvrait,à sept heures cinquante,1872-12-21-07-50,,,precedent_context,ouvrait,1872-10-02-19,1872-12-21-07-50,temps_different
6413 || 6420 || 6423,4,133,281,"Suivant la notice, le locataire de Saville - row ne devait rentrer qu' à minuit précis.",le locataire de Saville-row,rentrer,qu'à minuit précis,minuit précis,1872-10-03-00-00,,,objet,rentrer,minuit précis,1872-12-21-00-00,,,objet,rentrer,1872-10-03-00,1872-12-21-00,temps_different
6426 || 6432 || 6435,4,134,282,"Phileas Fogg était tout d' abord monté à sa chambre, puis il appela:",Phileas Fogg,monté,à sa chambre,à sept heures cinquante,1872-10-02-19-00,,,precedent_context,ouvrait,à sept heures cinquante,1872-12-21-07-50,,,precedent_context,ouvrait,1872-10-02-19,1872-12-21-07-50,temps_different
6438 || 6439 || _,4,134,282,"Phileas Fogg était tout d' abord monté à sa chambre, puis il appela:",il,appela,,à sept heures cinquante,1872-10-02-19-00,,,precedent_context,ouvrait,à sept heures cinquante,1872-12-21-07-50,,,precedent_context,ouvrait,1872-10-02-19,1872-12-21-07-50,temps_different
6445 || 6447 || _,4,136,284,Passepartout ne répondit pas.,Passepartout,répondit,,à sept heures cinquante,1872-10-02-19-00,,,precedent_context,ouvrait,à sept heures cinquante,1872-12-21-07-50,,,precedent_context,ouvrait,1872-10-02-19,1872-12-21-07-50,temps_different
6451 || 6453 || _,4,136,285,Cet appel ne pouvait s' adresser à lui.,Cet appel,pouvait,,à sept heures cinquante,1872-10-02-19-00,,,precedent_context,ouvrait,à sept heures cinquante,1872-12-21-07-50,,,precedent_context,ouvrait,1872-10-02-19,1872-12-21-07-50,temps_different
6451 || 6455 || 6454,4,136,285,Cet appel ne pouvait s' adresser à lui.,Cet appel,adresser,s',à sept heures cinquante,1872-10-02-19-00,,,precedent_context,ouvrait,à sept heures cinquante,1872-12-21-07-50,,,precedent_context,ouvrait,1872-10-02-19,1872-12-21-07-50,temps_different
6451 || 6455 || 6457,4,136,285,Cet appel ne pouvait s' adresser à lui.,Cet appel,adresser,à lui,à sept heures cinquante,1872-10-02-19-00,,,precedent_context,ouvrait,à sept heures cinquante,1872-12-21-07-50,,,precedent_context,ouvrait,1872-10-02-19,1872-12-21-07-50,temps_different
6471 || 6470 || _,4,137,287,"«Passepartout», reprit Mr. Fogg sans élever la voix davantage.",Mr. Fogg,reprit,,à sept heures cinquante,1872-10-02-19-00,,,precedent_context,ouvrait,à sept heures cinquante,1872-12-21-07-50,,,precedent_context,ouvrait,1872-10-02-19,1872-12-21-07-50,temps_different
6471 || 6474 || 6476,4,137,287,"«Passepartout», reprit Mr. Fogg sans élever la voix davantage.",Mr. Fogg,élever,la voix,à sept heures cinquante,1872-10-02-19-00,,,precedent_context,ouvrait,à sept heures cinquante,1872-12-21-07-50,,,precedent_context,ouvrait,1872-10-02-19,1872-12-21-07-50,temps_different
6479 || 6481 || 6480,4,138,288,Passepartout se montra.,Passepartout,montra,se,à sept heures cinquante,1872-10-02-19-00,,,precedent_context,ouvrait,à sept heures cinquante,1872-12-21-07-50,,,precedent_context,ouvrait,1872-10-02-19,1872-12-21-07-50,temps_different
6490 || 6492 || 6491,4,139,289,"«C' est la deuxième fois que je vous appelle, dit Mr. Fogg.",je,appelle,vous,à sept heures cinquante,1872-10-02-19-00,,,precedent_context,ouvrait,à sept heures cinquante,1872-12-21-07-50,,,precedent_context,ouvrait,1872-10-02-19,1872-12-21-07-50,temps_different
6495 || 6494 || _,4,139,289,"«C' est la deuxième fois que je vous appelle, dit Mr. Fogg.",Mr. Fogg,dit,,à sept heures cinquante,1872-10-02-19-00,,,precedent_context,ouvrait,à sept heures cinquante,1872-12-21-07-50,,,precedent_context,ouvrait,1872-10-02-19,1872-12-21-07-50,temps_different
_ || 6502 || _,4,140,290,"- Mais il n' est pas minuit, répondit Passepartout, sa montre à la main.",,est,,à sept heures cinquante,1872-10-02-19-00,,,precedent_context,ouvrait,minuit,1872-12-21-00-00,,,ud_scope_anchor,minuit,1872-10-02-19,1872-12-21-00,temps_different
6507 || 6506 || 6510,4,140,290,"- Mais il n' est pas minuit, répondit Passepartout, sa montre à la main.",Passepartout,répondit,sa montre à la main,à sept heures cinquante,1872-10-02-19-00,,,precedent_context,ouvrait,minuit,1872-12-21-00-00,,,precedent_context,minuit,1872-10-02-19,1872-12-21-00,temps_different
6515 || 6517 || 6516,4,141,291,"-Je le sais, reprit Phileas Fogg, et je ne vous fais pas de reproche.",-Je,sais,le,à sept heures cinquante,1872-10-02-19-00,,,precedent_context,ouvrait,minuit,1872-12-21-00-00,,,precedent_context,minuit,1872-10-02-19,1872-12-21-00,temps_different
6520 || 6519 || _,4,141,291,"-Je le sais, reprit Phileas Fogg, et je ne vous fais pas de reproche.",Phileas Fogg,reprit,,à sept heures cinquante,1872-10-02-19-00,,,precedent_context,ouvrait,minuit,1872-12-21-00-00,,,precedent_context,minuit,1872-10-02-19,1872-12-21-00,temps_different
6524 || 6527 || 6526,4,141,291,"-Je le sais, reprit Phileas Fogg, et je ne vous fais pas de reproche.",je,fais,vous,à sept heures cinquante,1872-10-02-19-00,,,precedent_context,ouvrait,minuit,1872-12-21-00-00,,,precedent_context,minuit,1872-10-02-19,1872-12-21-00,temps_different
6524 || 6527 || 6530,4,141,291,"-Je le sais, reprit Phileas Fogg, et je ne vous fais pas de reproche.",je,fais,de reproche,à sept heures cinquante,1872-10-02-19-00,,,precedent_context,ouvrait,minuit,1872-12-21-00-00,,,precedent_context,minuit,1872-10-02-19,1872-12-21-00,temps_different
6532 || 6533 || 6536,4,141,292,Nous partons dans dix minutes pour Douvres et Calais.»,Nous,partons,dans dix minutes,dans dix minutes,1872-10-02-20-00,,,objet,partons,dans dix minutes,1872-12-21-00-10,,,objet,partons,1872-10-02-20,1872-12-21-00-10,temps_different
6532 || 6533 || 6538,4,141,292,Nous partons dans dix minutes pour Douvres et Calais.»,Nous,partons,pour Douvres et Calais,dans dix minutes,1872-10-02-20-00,,,ud_direct,partons,dans dix minutes,1872-12-21-00-10,,,ud_direct,partons,1872-10-02-20,1872-12-21-00-10,temps_different
6544 || 6548 || 6551,4,142,293,Une sorte de grimace s' ébaucha sur la ronde face du Français.,Une sorte de grimace,ébaucha,sur la ronde face du Français,dans dix minutes,1872-10-02-20-00,,,precedent_context,partons,dans dix minutes,1872-12-21-00-10,,,precedent_context,partons,1872-10-02-20,1872-12-21-00-10,temps_different
6560 || 6563 || _,4,142,294,Il était évident qu' il avait mal entendu.,il,entendu,,dans dix minutes,1872-10-02-20-00,,,precedent_context,partons,dans dix minutes,1872-12-21-00-10,,,precedent_context,partons,1872-10-02-20,1872-12-21-00-10,temps_different
6566 || 6568 || 6567,4,143,295,«Monsieur se déplace? demanda -t -il.,Monsieur,déplace,se,dans dix minutes,1872-10-02-20-00,,,precedent_context,partons,dans dix minutes,1872-12-21-00-10,,,precedent_context,partons,1872-10-02-20,1872-12-21-00-10,temps_different
6571 || 6570 || _,4,143,295,«Monsieur se déplace? demanda -t -il.,-t,demanda,,dans dix minutes,1872-10-02-20-00,,,precedent_context,partons,dans dix minutes,1872-12-21-00-10,,,precedent_context,partons,1872-10-02-20,1872-12-21-00-10,temps_different
6578 || 6577 || _,4,144,296,"- Oui, répondit Phileas Fogg.",Phileas Fogg,répondit,,dans dix minutes,1872-10-02-20-00,,,precedent_context,partons,dans dix minutes,1872-12-21-00-10,,,precedent_context,partons,1872-10-02-20,1872-12-21-00-10,temps_different
6581 || 6582 || _,4,144,297,Nous allons faire le tour du monde.»,Nous,allons,,dans dix minutes,1872-10-02-20-00,,,precedent_context,partons,dans dix minutes,1872-12-21-00-10,,,precedent_context,partons,1872-10-02-20,1872-12-21-00-10,temps_different
6581 || 6583 || 6585,4,144,297,Nous allons faire le tour du monde.»,Nous,faire,le tour du monde,dans dix minutes,1872-10-02-20-00,,,precedent_context,partons,dans dix minutes,1872-12-21-00-10,,,precedent_context,partons,1872-10-02-20,1872-12-21-00-10,temps_different
_ || 6602 || _,4,145,298,"Passepartout, l' œil démesurément ouvert, la paupière et le sourcil surélevés, les bras détendus, le corps affaissé, présentait alors tous les symptômes de l' étonnement poussé jusqu' à la stupeur.",,surélevés,,dans dix minutes,1872-10-02-20-00,,,precedent_context,partons,dans dix minutes,1872-12-21-00-10,,,precedent_context,partons,1872-10-02-20,1872-12-21-00-10,temps_different
_ || 6606 || _,4,145,298,"Passepartout, l' œil démesurément ouvert, la paupière et le sourcil surélevés, les bras détendus, le corps affaissé, présentait alors tous les symptômes de l' étonnement poussé jusqu' à la stupeur.",,détendus,,dans dix minutes,1872-10-02-20-00,,,precedent_context,partons,dans dix minutes,1872-12-21-00-10,,,precedent_context,partons,1872-10-02-20,1872-12-21-00-10,temps_different
_ || 6610 || _,4,145,298,"Passepartout, l' œil démesurément ouvert, la paupière et le sourcil surélevés, les bras détendus, le corps affaissé, présentait alors tous les symptômes de l' étonnement poussé jusqu' à la stupeur.",,affaissé,,dans dix minutes,1872-10-02-20-00,,,precedent_context,partons,dans dix minutes,1872-12-21-00-10,,,precedent_context,partons,1872-10-02-20,1872-12-21-00-10,temps_different
6590 || 6612 || 6616,4,145,298,"Passepartout, l' œil démesurément ouvert, la paupière et le sourcil surélevés, les bras détendus, le corps affaissé, présentait alors tous les symptômes de l' étonnement poussé jusqu' à la stupeur.",Passepartout l'œil démesurément ouvert la paupière et le sourcil les bras le corps,présentait,tous les symptômes de l'étonnement,dans dix minutes,1872-10-02-20-00,,,precedent_context,partons,dans dix minutes,1872-12-21-00-10,,,precedent_context,partons,1872-10-02-20,1872-12-21-00-10,temps_different
_ || 6620 || 6624,4,145,298,"Passepartout, l' œil démesurément ouvert, la paupière et le sourcil surélevés, les bras détendus, le corps affaissé, présentait alors tous les symptômes de l' étonnement poussé jusqu' à la stupeur.",,poussé,jusqu'à la stupeur,dans dix minutes,1872-10-02-20-00,,,precedent_context,partons,dans dix minutes,1872-12-21-00-10,,,precedent_context,partons,1872-10-02-20,1872-12-21-00-10,temps_different
6633 || 6632 || _,4,146,299,«Le tour du monde! murmura -t -il.,-t,murmura,,dans dix minutes,1872-10-02-20-00,,,precedent_context,partons,dans dix minutes,1872-12-21-00-10,,,precedent_context,partons,1872-10-02-20,1872-12-21-00-10,temps_different
6642 || 6641 || 6639,4,147,300,"- En quatre-vingts jours, répondit Mr. Fogg.",Mr. Fogg,répondit,En quatre-vingts jours,en quatre-vingts jours,,,,objet,répondit,en quatre-vingts jours,1873-03-11-00-10,1872-12-21 00:10,1873-03-11 00:10,objet,répondit,,1873-03-11-00-10,seulement_auto
6647 || 6649 || 6652,4,147,301,"Ainsi, nous n' avons pas un instant à perdre.",nous,avons,un instant,dans dix minutes,1872-10-02-20-00,,,precedent_context,partons,dans dix minutes,1872-12-21-00-10,,,precedent_context,partons,1872-10-02-20,1872-12-21-00-10,temps_different
6647 || 6654 || _,4,147,301,"Ainsi, nous n' avons pas un instant à perdre.",nous,perdre,,dans dix minutes,1872-10-02-20-00,,,precedent_context,partons,dans dix minutes,1872-12-21-00-10,,,precedent_context,partons,1872-10-02-20,1872-12-21-00-10,temps_different
6663 || 6662 || _,4,148,303,"… dit Passepartout, qui balançait inconsciemment sa tête de droite et de gauche.",Passepartout,dit,,dans dix minutes,1872-10-02-20-00,,,precedent_context,partons,dans dix minutes,1872-12-21-00-10,,,precedent_context,partons,1872-10-02-20,1872-12-21-00-10,temps_different
6665 || 6666 || 6669,4,148,303,"… dit Passepartout, qui balançait inconsciemment sa tête de droite et de gauche.",qui,balançait,sa tête de droite et de gauche,dans dix minutes,1872-10-02-20-00,,,precedent_context,partons,dans dix minutes,1872-12-21-00-10,,,precedent_context,partons,1872-10-02-20,1872-12-21-00-10,temps_different
6703 || 6704 || 6706,4,149,308,Nous achèterons en route.,Nous,achèterons,en route,dans dix minutes,1872-10-02-20-00,,,precedent_context,partons,dans dix minutes,1872-12-21-00-10,,,precedent_context,partons,1872-10-02-20,1872-12-21-00-10,temps_different
6708 || 6709 || 6711,4,149,309,Vous descendrez mon mackintosh et ma couverture de voyage.,Vous,descendrez,mon mackintosh et ma couverture de voyage,dans dix minutes,1872-10-02-20-00,,,precedent_context,partons,dans dix minutes,1872-12-21-00-10,,,precedent_context,partons,1872-10-02-20,1872-12-21-00-10,temps_different
_ || 6718 || 6721,4,149,310,Ayez de bonnes chaussures.,,Ayez,de bonnes chaussures,dans dix minutes,1872-10-02-20-00,,,precedent_context,partons,dans dix minutes,1872-12-21-00-10,,,precedent_context,partons,1872-10-02-20,1872-12-21-00-10,temps_different
6726 || 6727 || 6724,4,149,311,"D' ailleurs, nous marcherons peu ou pas.",nous,marcherons,D'ailleurs,dans dix minutes,1872-10-02-20-00,,,precedent_context,partons,dans dix minutes,1872-12-21-00-10,,,precedent_context,partons,1872-10-02-20,1872-12-21-00-10,temps_different
_ || 6732 || _,4,149,312,Allez.»,,Allez,,dans dix minutes,1872-10-02-20-00,,,precedent_context,partons,dans dix minutes,1872-12-21-00-10,,,precedent_context,partons,1872-10-02-20,1872-12-21-00-10,temps_different
6735 || 6737 || _,4,150,313,Passepartout aurait voulu répondre.,Passepartout,voulu,,dans dix minutes,1872-10-02-20-00,,,precedent_context,partons,dans dix minutes,1872-12-21-00-10,,,precedent_context,partons,1872-10-02-20,1872-12-21-00-10,temps_different
6735 || 6738 || _,4,150,313,Passepartout aurait voulu répondre.,Passepartout,répondre,,dans dix minutes,1872-10-02-20-00,,,precedent_context,partons,dans dix minutes,1872-12-21-00-10,,,precedent_context,partons,1872-10-02-20,1872-12-21-00-10,temps_different
6740 || 6742 || _,4,150,314,Il ne put.,Il,put,,dans dix minutes,1872-10-02-20-00,,,precedent_context,partons,dans dix minutes,1872-12-21-00-10,,,precedent_context,partons,1872-10-02-20,1872-12-21-00-10,temps_different
6744 || 6745 || 6747,4,150,315,"Il quitta la chambre de Mr. Fogg, monta dans la sienne, tomba sur une chaise, et employant une phrase assez vulgaire de son pays:",Il,quitta,la chambre de Mr. Fogg,quitta,,,,ud_direct,quitta,dans dix minutes,1872-12-21-00-10,,,precedent_context,partons,,1872-12-21-00-10,seulement_auto
6744 || 6752 || 6755,4,150,315,"Il quitta la chambre de Mr. Fogg, monta dans la sienne, tomba sur une chaise, et employant une phrase assez vulgaire de son pays:",Il,monta,dans la sienne,dans dix minutes,1872-10-02-20-00,,,precedent_context,partons,dans dix minutes,1872-12-21-00-10,,,precedent_context,partons,1872-10-02-20,1872-12-21-00-10,temps_different
6744 || 6757 || 6760,4,150,315,"Il quitta la chambre de Mr. Fogg, monta dans la sienne, tomba sur une chaise, et employant une phrase assez vulgaire de son pays:",Il,tomba,sur une chaise,dans dix minutes,1872-10-02-20-00,,,precedent_context,partons,dans dix minutes,1872-12-21-00-10,,,precedent_context,partons,1872-10-02-20,1872-12-21-00-10,temps_different
6744 || 6763 || 6765,4,150,315,"Il quitta la chambre de Mr. Fogg, monta dans la sienne, tomba sur une chaise, et employant une phrase assez vulgaire de son pays:",Il,employant,une phrase assez vulgaire de son pays,dans dix minutes,1872-10-02-20-00,,,precedent_context,partons,dans dix minutes,1872-12-21-00-10,,,precedent_context,partons,1872-10-02-20,1872-12-21-00-10,temps_different
6778 || 6777 || 6776,4,151,316,"«Ah! bien se dit -il, elle est forte, celle -là!",-il,dit,se,dans dix minutes,1872-10-02-20-00,,,precedent_context,partons,dans dix minutes,1872-12-21-00-10,,,precedent_context,partons,1872-10-02-20,1872-12-21-00-10,temps_different
6788 || 6789 || _,4,151,317,Moi qui voulais rester tranquille!,qui,voulais,,dans dix minutes,1872-10-02-20-00,,,precedent_context,partons,dans dix minutes,1872-12-21-00-10,,,precedent_context,partons,1872-10-02-20,1872-12-21-00-10,temps_different
6788 || 6790 || _,4,151,317,Moi qui voulais rester tranquille!,qui,rester,,dans dix minutes,1872-10-02-20-00,,,precedent_context,partons,dans dix minutes,1872-12-21-00-10,,,precedent_context,partons,1872-10-02-20,1872-12-21-00-10,temps_different
6799 || 6800 || 6802,4,152,319,"Et, machinalement, il fit ses préparatifs de départ.",il,fit,ses préparatifs de départ,dans dix minutes,1872-10-02-20-00,,,precedent_context,partons,dans dix minutes,1872-12-21-00-10,,,precedent_context,partons,1872-10-02-20,1872-12-21-00-10,temps_different
_ || 6814 || 6816,4,152,321,Avait -il affaire à un fou?,,Avait,-il affaire,dans dix minutes,1872-10-02-20-00,,,precedent_context,partons,dans dix minutes,1872-12-21-00-10,,,precedent_context,partons,1872-10-02-20,1872-12-21-00-10,temps_different
_ || 6814 || 6819,4,152,321,Avait -il affaire à un fou?,,Avait,à un fou,dans dix minutes,1872-10-02-20-00,,,precedent_context,partons,dans dix minutes,1872-12-21-00-10,,,precedent_context,partons,1872-10-02-20,1872-12-21-00-10,temps_different
6828 || 6829 || 6831,4,152,323,"On allait à Douvres, bien.",On,allait,à Douvres,dans dix minutes,1872-10-02-20-00,,,precedent_context,partons,dans dix minutes,1872-12-21-00-10,,,precedent_context,partons,1872-10-02-20,1872-12-21-00-10,temps_different
_ || 6838 || 6836,4,152,324,"À Calais, soit.",,soit,À Calais,dans dix minutes,1872-10-02-20-00,,,precedent_context,partons,dans dix minutes,1872-12-21-00-10,,,precedent_context,partons,1872-10-02-20,1872-12-21-00-10,temps_different
6843 || 6845 || 6841,4,152,325,"Après tout, cela ne pouvait notablement contrarier le brave garçon, qui, depuis cinq ans, n' avait pas foulé le sol de la patrie.",cela,pouvait,Après tout,dans dix minutes,1872-10-02-20-00,,,precedent_context,partons,dans dix minutes,1872-12-21-00-10,,,precedent_context,partons,1872-10-02-20,1872-12-21-00-10,temps_different
6843 || 6847 || 6850,4,152,325,"Après tout, cela ne pouvait notablement contrarier le brave garçon, qui, depuis cinq ans, n' avait pas foulé le sol de la patrie.",cela,contrarier,le brave garçon,dans dix minutes,1872-10-02-20-00,,,precedent_context,partons,dans dix minutes,1872-12-21-00-10,,,precedent_context,partons,1872-10-02-20,1872-12-21-00-10,temps_different
6852 || 6861 || 6856,4,152,325,"Après tout, cela ne pouvait notablement contrarier le brave garçon, qui, depuis cinq ans, n' avait pas foulé le sol de la patrie.",qui,foulé,depuis cinq ans,depuis cinq ans,1867-00-00-00-00,,,objet,foulé,depuis cinq ans,1872-12-21-00-10,1867-12-21 00:10,1872-12-21 00:10,objet,foulé,1867-00-00-00,1872-12-21-00-10,temps_different
6852 || 6861 || 6863,4,152,325,"Après tout, cela ne pouvait notablement contrarier le brave garçon, qui, depuis cinq ans, n' avait pas foulé le sol de la patrie.",qui,foulé,le sol de la patrie,depuis cinq ans,1867-00-00-00-00,,,ud_direct,foulé,depuis cinq ans,1872-12-21-00-10,1867-12-21 00:10,1872-12-21 00:10,ud_direct,foulé,1867-00-00-00,1872-12-21-00-10,temps_different
_ || 6872 || 6876,4,152,326,"Peut - être même irait -on jusqu' à Paris, et, ma foi, il reverrait avec plaisir la grande capitale.",,irait,jusqu'à Paris,dans dix minutes,1872-10-02-20-00,,,precedent_context,partons,dans dix minutes,1872-12-21-00-10,,,precedent_context,partons,1872-10-02-20,1872-12-21-00-10,temps_different
6883 || 6884 || 6881,4,152,326,"Peut - être même irait -on jusqu' à Paris, et, ma foi, il reverrait avec plaisir la grande capitale.",il,reverrait,ma foi,dans dix minutes,1872-10-02-20-00,,,precedent_context,partons,dans dix minutes,1872-12-21-00-10,,,precedent_context,partons,1872-10-02-20,1872-12-21-00-10,temps_different
6883 || 6884 || 6886,4,152,326,"Peut - être même irait -on jusqu' à Paris, et, ma foi, il reverrait avec plaisir la grande capitale.",il,reverrait,avec plaisir,dans dix minutes,1872-10-02-20-00,,,precedent_context,partons,dans dix minutes,1872-12-21-00-10,,,precedent_context,partons,1872-10-02-20,1872-12-21-00-10,temps_different
6883 || 6884 || 6889,4,152,326,"Peut - être même irait -on jusqu' à Paris, et, ma foi, il reverrait avec plaisir la grande capitale.",il,reverrait,la grande capitale,dans dix minutes,1872-10-02-20-00,,,precedent_context,partons,dans dix minutes,1872-12-21-00-10,,,precedent_context,partons,1872-10-02-20,1872-12-21-00-10,temps_different
_ || 6898 || 6901,4,152,327,"Mais, certainement, un gentleman aussi ménager de ses pas s' arrêterait là… Oui, sans doute, mais il n' en était pas moins vrai qu' il partait, qu' il se déplaçait, ce gentleman, si casanier jusqu' alors!",,ménager,de ses pas,dans dix minutes,1872-10-02-20-00,,,precedent_context,partons,dans dix minutes,1872-12-21-00-10,,,precedent_context,partons,1872-10-02-20,1872-12-21-00-10,temps_different
6896 || 6903 || 6902,4,152,327,"Mais, certainement, un gentleman aussi ménager de ses pas s' arrêterait là… Oui, sans doute, mais il n' en était pas moins vrai qu' il partait, qu' il se déplaçait, ce gentleman, si casanier jusqu' alors!",un gentleman aussi,arrêterait,s',dans dix minutes,1872-10-02-20-00,,,precedent_context,partons,dans dix minutes,1872-12-21-00-10,,,precedent_context,partons,1872-10-02-20,1872-12-21-00-10,temps_different
6896 || 6903 || 6904,4,152,327,"Mais, certainement, un gentleman aussi ménager de ses pas s' arrêterait là… Oui, sans doute, mais il n' en était pas moins vrai qu' il partait, qu' il se déplaçait, ce gentleman, si casanier jusqu' alors!",un gentleman aussi,arrêterait,là,dans dix minutes,1872-10-02-20-00,,,precedent_context,partons,dans dix minutes,1872-12-21-00-10,,,precedent_context,partons,1872-10-02-20,1872-12-21-00-10,temps_different
6920 || 6921 || 6929,4,152,327,"Mais, certainement, un gentleman aussi ménager de ses pas s' arrêterait là… Oui, sans doute, mais il n' en était pas moins vrai qu' il partait, qu' il se déplaçait, ce gentleman, si casanier jusqu' alors!",il,partait,ce gentleman si casanier jusqu'alors,dans dix minutes,1872-10-02-20-00,,,precedent_context,partons,dans dix minutes,1872-12-21-00-10,,,precedent_context,partons,1872-10-02-20,1872-12-21-00-10,temps_different
6924 || 6926 || 6925,4,152,327,"Mais, certainement, un gentleman aussi ménager de ses pas s' arrêterait là… Oui, sans doute, mais il n' en était pas moins vrai qu' il partait, qu' il se déplaçait, ce gentleman, si casanier jusqu' alors!",il,déplaçait,se,dans dix minutes,1872-10-02-20-00,,,precedent_context,partons,dans dix minutes,1872-12-21-00-10,,,precedent_context,partons,1872-10-02-20,1872-12-21-00-10,temps_different
6940 || 6942 || 6938,4,153,328,"À huit heures, Passepartout avait préparé le modeste sac qui contenait sa garde-robe et celle de son maître; puis, l' esprit encore troublé, il quitta sa chambre, dont il ferma soigneusement la porte, et il rejoignit Mr. Fogg.",Passepartout,préparé,À huit heures,à huit heures,1872-10-02-20-00,,,objet,préparé,à huit heures,1872-12-21-08-00,,,objet,préparé,1872-10-02-20,1872-12-21-08,temps_different
6940 || 6942 || 6945,4,153,328,"À huit heures, Passepartout avait préparé le modeste sac qui contenait sa garde-robe et celle de son maître; puis, l' esprit encore troublé, il quitta sa chambre, dont il ferma soigneusement la porte, et il rejoignit Mr. Fogg.",Passepartout,préparé,le modeste sac,à huit heures,1872-10-02-20-00,,,ud_direct,préparé,à huit heures,1872-12-21-08-00,,,ud_direct,préparé,1872-10-02-20,1872-12-21-08,temps_different
6946 || 6947 || 6949,4,153,328,"À huit heures, Passepartout avait préparé le modeste sac qui contenait sa garde-robe et celle de son maître; puis, l' esprit encore troublé, il quitta sa chambre, dont il ferma soigneusement la porte, et il rejoignit Mr. Fogg.",qui,contenait,sa garde-robe et celle de son maître,à huit heures,1872-10-02-20-00,,,ud_scope_anchor,préparé,à huit heures,1872-12-21-08-00,,,ud_scope_anchor,préparé,1872-10-02-20,1872-12-21-08,temps_different
_ || 6961 || _,4,153,328,"À huit heures, Passepartout avait préparé le modeste sac qui contenait sa garde-robe et celle de son maître; puis, l' esprit encore troublé, il quitta sa chambre, dont il ferma soigneusement la porte, et il rejoignit Mr. Fogg.",,troublé,,à huit heures,1872-10-02-20-00,,,precedent_context,préparé,à huit heures,1872-12-21-08-00,,,precedent_context,préparé,1872-10-02-20,1872-12-21-08,temps_different
6963 || 6964 || 6959,4,153,328,"À huit heures, Passepartout avait préparé le modeste sac qui contenait sa garde-robe et celle de son maître; puis, l' esprit encore troublé, il quitta sa chambre, dont il ferma soigneusement la porte, et il rejoignit Mr. Fogg.",il,quitta,l'esprit,à huit heures,1872-10-02-20-00,,,precedent_context,préparé,à huit heures,1872-12-21-08-00,,,precedent_context,préparé,1872-10-02-20,1872-12-21-08,temps_different
6963 || 6964 || 6966,4,153,328,"À huit heures, Passepartout avait préparé le modeste sac qui contenait sa garde-robe et celle de son maître; puis, l' esprit encore troublé, il quitta sa chambre, dont il ferma soigneusement la porte, et il rejoignit Mr. Fogg.",il,quitta,sa chambre,à huit heures,1872-10-02-20-00,,,precedent_context,préparé,à huit heures,1872-12-21-08-00,,,precedent_context,préparé,1872-10-02-20,1872-12-21-08,temps_different
6969 || 6970 || 6973,4,153,328,"À huit heures, Passepartout avait préparé le modeste sac qui contenait sa garde-robe et celle de son maître; puis, l' esprit encore troublé, il quitta sa chambre, dont il ferma soigneusement la porte, et il rejoignit Mr. Fogg.",il,ferma,la porte,à huit heures,1872-10-02-20-00,,,precedent_context,préparé,à huit heures,1872-12-21-08-00,,,precedent_context,préparé,1872-10-02-20,1872-12-21-08,temps_different
6976 || 6977 || 6978,4,153,328,"À huit heures, Passepartout avait préparé le modeste sac qui contenait sa garde-robe et celle de son maître; puis, l' esprit encore troublé, il quitta sa chambre, dont il ferma soigneusement la porte, et il rejoignit Mr. Fogg.",il,rejoignit,Mr. Fogg,à huit heures,1872-10-02-20-00,,,precedent_context,préparé,à huit heures,1872-12-21-08-00,,,precedent_context,préparé,1872-10-02-20,1872-12-21-08,temps_different
6986 || 6987 || 6990,4,154,330,"Il portait sous son bras le Bradshaw' s continental railway steam transit and general guide, qui devait lui fournir toutes les indications nécessaires à son voyage.",Il,portait,sous son bras,à huit heures,1872-10-02-20-00,,,precedent_context,préparé,à huit heures,1872-12-21-08-00,,,precedent_context,préparé,1872-10-02-20,1872-12-21-08,temps_different
6986 || 6987 || 6992,4,154,330,"Il portait sous son bras le Bradshaw' s continental railway steam transit and general guide, qui devait lui fournir toutes les indications nécessaires à son voyage.",Il,portait,le Bradshaw's continental railway steam transit and general guide,à huit heures,1872-10-02-20-00,,,precedent_context,préparé,à huit heures,1872-12-21-08-00,,,precedent_context,préparé,1872-10-02-20,1872-12-21-08,temps_different
7002 || 7003 || _,4,154,330,"Il portait sous son bras le Bradshaw' s continental railway steam transit and general guide, qui devait lui fournir toutes les indications nécessaires à son voyage.",qui,devait,,à huit heures,1872-10-02-20-00,,,precedent_context,préparé,à huit heures,1872-12-21-08-00,,,precedent_context,préparé,1872-10-02-20,1872-12-21-08,temps_different
7002 || 7005 || 7004,4,154,330,"Il portait sous son bras le Bradshaw' s continental railway steam transit and general guide, qui devait lui fournir toutes les indications nécessaires à son voyage.",qui,fournir,lui,à huit heures,1872-10-02-20-00,,,precedent_context,préparé,à huit heures,1872-12-21-08-00,,,precedent_context,préparé,1872-10-02-20,1872-12-21-08,temps_different
7002 || 7005 || 7008,4,154,330,"Il portait sous son bras le Bradshaw' s continental railway steam transit and general guide, qui devait lui fournir toutes les indications nécessaires à son voyage.",qui,fournir,toutes les indications nécessaires à son voyage,à huit heures,1872-10-02-20-00,,,precedent_context,préparé,à huit heures,1872-12-21-08-00,,,precedent_context,préparé,1872-10-02-20,1872-12-21-08,temps_different
7014 || 7015 || 7017,4,154,331,"Il prit le sac des mains de Passepartout, l' ouvrit et y glissa une forte liasse de ces belles bank - notes qui ont cours dans tous les pays.",Il,prit,le sac des mains de Passepartout,à huit heures,1872-10-02-20-00,,,precedent_context,préparé,à huit heures,1872-12-21-08-00,,,precedent_context,préparé,1872-10-02-20,1872-12-21-08,temps_different
7014 || 7024 || 7023,4,154,331,"Il prit le sac des mains de Passepartout, l' ouvrit et y glissa une forte liasse de ces belles bank - notes qui ont cours dans tous les pays.",Il,ouvrit,l',à huit heures,1872-10-02-20-00,,,precedent_context,préparé,à huit heures,1872-12-21-08-00,,,precedent_context,préparé,1872-10-02-20,1872-12-21-08,temps_different
7014 || 7027 || 7026,4,154,331,"Il prit le sac des mains de Passepartout, l' ouvrit et y glissa une forte liasse de ces belles bank - notes qui ont cours dans tous les pays.",Il,glissa,y,à huit heures,1872-10-02-20-00,,,precedent_context,préparé,à huit heures,1872-12-21-08-00,,,precedent_context,préparé,1872-10-02-20,1872-12-21-08,temps_different
7014 || 7027 || 7030,4,154,331,"Il prit le sac des mains de Passepartout, l' ouvrit et y glissa une forte liasse de ces belles bank - notes qui ont cours dans tous les pays.",Il,glissa,une forte liasse de ces belles bank-notes,à huit heures,1872-10-02-20-00,,,precedent_context,préparé,à huit heures,1872-12-21-08-00,,,precedent_context,préparé,1872-10-02-20,1872-12-21-08,temps_different
7037 || 7038 || 7039,4,154,331,"Il prit le sac des mains de Passepartout, l' ouvrit et y glissa une forte liasse de ces belles bank - notes qui ont cours dans tous les pays.",qui,ont,cours,à huit heures,1872-10-02-20-00,,,precedent_context,préparé,à huit heures,1872-12-21-08-00,,,precedent_context,préparé,1872-10-02-20,1872-12-21-08,temps_different
7037 || 7038 || 7043,4,154,331,"Il prit le sac des mains de Passepartout, l' ouvrit et y glissa une forte liasse de ces belles bank - notes qui ont cours dans tous les pays.",qui,ont,dans tous les pays,à huit heures,1872-10-02-20-00,,,precedent_context,préparé,à huit heures,1872-12-21-08-00,,,precedent_context,préparé,1872-10-02-20,1872-12-21-08,temps_different
7046 || 7050 || _,4,155,332,«Vous n' avez rien oublié? demanda -t -il.,Vous,oublié,,à huit heures,1872-10-02-20-00,,,precedent_context,préparé,à huit heures,1872-12-21-08-00,,,precedent_context,préparé,1872-10-02-20,1872-12-21-08,temps_different
7053 || 7052 || _,4,155,332,«Vous n' avez rien oublié? demanda -t -il.,-t,demanda,,à huit heures,1872-10-02-20-00,,,precedent_context,préparé,à huit heures,1872-12-21-08-00,,,precedent_context,préparé,1872-10-02-20,1872-12-21-08,temps_different
_ || 7069 || 7068,4,158,335,- Les voici.,,voici,Les,à huit heures,1872-10-02-20-00,,,precedent_context,préparé,à huit heures,1872-12-21-08-00,,,precedent_context,préparé,1872-10-02-20,1872-12-21-08,temps_different
_ || 7074 || 7076,4,159,336,"- Bien, prenez ce sac.»",,prenez,ce sac,à huit heures,1872-10-02-20-00,,,precedent_context,préparé,à huit heures,1872-12-21-08-00,,,precedent_context,préparé,1872-10-02-20,1872-12-21-08,temps_different
7079 || 7081 || 7083,4,160,337,Mr. Fogg remit le sac à Passepartout.,Mr. Fogg,remit,le sac,à huit heures,1872-10-02-20-00,,,precedent_context,préparé,à huit heures,1872-12-21-08-00,,,precedent_context,préparé,1872-10-02-20,1872-12-21-08,temps_different
7079 || 7081 || 7085,4,160,337,Mr. Fogg remit le sac à Passepartout.,Mr. Fogg,remit,à Passepartout,à huit heures,1872-10-02-20-00,,,precedent_context,préparé,à huit heures,1872-12-21-08-00,,,precedent_context,préparé,1872-10-02-20,1872-12-21-08,temps_different
_ || 7089 || _,4,161,338,"«Et ayez -en soin, ajouta -t -il.",,ayez,,à huit heures,1872-10-02-20-00,,,precedent_context,préparé,à huit heures,1872-12-21-08-00,,,precedent_context,préparé,1872-10-02-20,1872-12-21-08,temps_different
7094 || 7093 || _,4,161,338,"«Et ayez -en soin, ajouta -t -il.",-t,ajouta,,à huit heures,1872-10-02-20-00,,,precedent_context,préparé,à huit heures,1872-12-21-08-00,,,precedent_context,préparé,1872-10-02-20,1872-12-21-08,temps_different
_ || 7099 || 7098,4,161,339,Il y a vingt mille livres dedans( 500 000 F).»,,a,y,à huit heures,1872-10-02-20-00,,,precedent_context,préparé,à huit heures,1872-12-21-08-00,,,precedent_context,préparé,1872-10-02-20,1872-12-21-08,temps_different
_ || 7099 || 7102,4,161,339,Il y a vingt mille livres dedans( 500 000 F).»,,a,vingt mille livres dedans,à huit heures,1872-10-02-20-00,,,precedent_context,préparé,à huit heures,1872-12-21-08-00,,,precedent_context,préparé,1872-10-02-20,1872-12-21-08,temps_different
_ || 7099 || 7107,4,161,339,Il y a vingt mille livres dedans( 500 000 F).»,,a,500 000 F,à huit heures,1872-10-02-20-00,,,precedent_context,préparé,à huit heures,1872-12-21-08-00,,,precedent_context,préparé,1872-10-02-20,1872-12-21-08,temps_different
7112 || 7113 || _,4,162,340,"Le sac faillit s' échapper des mains de Passepartout, comme si les vingt mille livres eussent été en or et pesé considérablement.",Le sac,faillit,,à huit heures,1872-10-02-20-00,,,precedent_context,préparé,à huit heures,1872-12-21-08-00,,,precedent_context,préparé,1872-10-02-20,1872-12-21-08,temps_different
7112 || 7115 || 7114,4,162,340,"Le sac faillit s' échapper des mains de Passepartout, comme si les vingt mille livres eussent été en or et pesé considérablement.",Le sac,échapper,s',à huit heures,1872-10-02-20-00,,,precedent_context,préparé,à huit heures,1872-12-21-08-00,,,precedent_context,préparé,1872-10-02-20,1872-12-21-08,temps_different
7112 || 7115 || 7117,4,162,340,"Le sac faillit s' échapper des mains de Passepartout, comme si les vingt mille livres eussent été en or et pesé considérablement.",Le sac,échapper,des mains de Passepartout,à huit heures,1872-10-02-20-00,,,precedent_context,préparé,à huit heures,1872-12-21-08-00,,,precedent_context,préparé,1872-10-02-20,1872-12-21-08,temps_different
7126 || 7132 || _,4,162,340,"Le sac faillit s' échapper des mains de Passepartout, comme si les vingt mille livres eussent été en or et pesé considérablement.",les vingt mille livres,pesé,,à huit heures,1872-10-02-20-00,,,precedent_context,préparé,à huit heures,1872-12-21-08-00,,,precedent_context,préparé,1872-10-02-20,1872-12-21-08,temps_different
7136 || 7140 || _,4,163,341,"Le maître et le domestique descendirent alors, et la porte de la rue fut fermée à double tour.",Le maître et le domestique,descendirent,,à huit heures,1872-10-02-20-00,,,precedent_context,préparé,à huit heures,1872-12-21-08-00,,,precedent_context,préparé,1872-10-02-20,1872-12-21-08,temps_different
7145 || 7150 || 7153,4,163,341,"Le maître et le domestique descendirent alors, et la porte de la rue fut fermée à double tour.",la porte de la rue,fermée,à double tour,à huit heures,1872-10-02-20-00,,,precedent_context,préparé,à huit heures,1872-12-21-08-00,,,precedent_context,préparé,1872-10-02-20,1872-12-21-08,temps_different
7156 || 7160 || 7159,4,164,342,Une station de voitures se trouvait à l' extrémité de Saville - row.,Une station de voitures,trouvait,se,à huit heures,1872-10-02-20-00,,,precedent_context,préparé,à huit heures,1872-12-21-08-00,,,precedent_context,préparé,1872-10-02-20,1872-12-21-08,temps_different
7156 || 7160 || 7163,4,164,342,Une station de voitures se trouvait à l' extrémité de Saville - row.,Une station de voitures,trouvait,à l'extrémité de Saville-row,à huit heures,1872-10-02-20-00,,,precedent_context,préparé,à huit heures,1872-12-21-08-00,,,precedent_context,préparé,1872-10-02-20,1872-12-21-08,temps_different
7169 || 7174 || 7177,4,164,343,"Phileas Fogg et son domestique montèrent dans un cab, qui se dirigea rapidement vers la gare de Charing - Cross, à laquelle aboutit un des embranchements du South - Eastern - railway.",Phileas Fogg et son domestique,montèrent,dans un cab,à huit heures,1872-10-02-20-00,,,precedent_context,préparé,à huit heures,1872-12-21-08-00,,,precedent_context,préparé,1872-10-02-20,1872-12-21-08,temps_different
7179 || 7181 || 7180,4,164,343,"Phileas Fogg et son domestique montèrent dans un cab, qui se dirigea rapidement vers la gare de Charing - Cross, à laquelle aboutit un des embranchements du South - Eastern - railway.",qui,dirigea,se,à huit heures,1872-10-02-20-00,,,precedent_context,préparé,à huit heures,1872-12-21-08-00,,,precedent_context,préparé,1872-10-02-20,1872-12-21-08,temps_different
7179 || 7181 || 7185,4,164,343,"Phileas Fogg et son domestique montèrent dans un cab, qui se dirigea rapidement vers la gare de Charing - Cross, à laquelle aboutit un des embranchements du South - Eastern - railway.",qui,dirigea,vers la gare de Charing-Cross,à huit heures,1872-10-02-20-00,,,precedent_context,préparé,à huit heures,1872-12-21-08-00,,,precedent_context,préparé,1872-10-02-20,1872-12-21-08,temps_different
7196 || 7193 || _,4,164,343,"Phileas Fogg et son domestique montèrent dans un cab, qui se dirigea rapidement vers la gare de Charing - Cross, à laquelle aboutit un des embranchements du South - Eastern - railway.",un des embranchements du South-Eastern-railway,aboutit,,à huit heures,1872-10-02-20-00,,,precedent_context,préparé,à huit heures,1872-12-21-08-00,,,precedent_context,préparé,1872-10-02-20,1872-12-21-08,temps_different
7210 || 7212 || 7206,4,165,344,"À huit heures vingt, le cab s' arrêta devant la grille de la gare.",le cab,arrêta,À huit heures vingt,à huit heures vingt,1872-10-02-20-00,,,objet,arrêta,à huit heures vingt,1872-12-21-08-20,,,objet,arrêta,1872-10-02-20,1872-12-21-08-20,temps_different
7210 || 7212 || 7211,4,165,344,"À huit heures vingt, le cab s' arrêta devant la grille de la gare.",le cab,arrêta,s',à huit heures vingt,1872-10-02-20-00,,,ud_direct,arrêta,à huit heures vingt,1872-12-21-08-20,,,ud_direct,arrêta,1872-10-02-20,1872-12-21-08-20,temps_different
7210 || 7212 || 7215,4,165,344,"À huit heures vingt, le cab s' arrêta devant la grille de la gare.",le cab,arrêta,devant la grille de la gare,à huit heures vingt,1872-10-02-20-00,,,ud_direct,arrêta,à huit heures vingt,1872-12-21-08-20,,,ud_direct,arrêta,1872-10-02-20,1872-12-21-08-20,temps_different
7220 || 7221 || 7223,4,165,345,Passepartout sauta à terre.,Passepartout,sauta,à terre,à huit heures vingt,1872-10-02-20-00,,,precedent_context,arrêta,à huit heures vingt,1872-12-21-08-20,,,precedent_context,arrêta,1872-10-02-20,1872-12-21-08-20,temps_different
7226 || 7228 || 7227,4,165,346,Son maître le suivit et paya le cocher.,Son maître,suivit,le,à huit heures vingt,1872-10-02-20-00,,,precedent_context,arrêta,à huit heures vingt,1872-12-21-08-20,,,precedent_context,arrêta,1872-10-02-20,1872-12-21-08-20,temps_different
7226 || 7230 || 7232,4,165,346,Son maître le suivit et paya le cocher.,Son maître,paya,le cocher,à huit heures vingt,1872-10-02-20-00,,,precedent_context,arrêta,à huit heures vingt,1872-12-21-08-20,,,precedent_context,arrêta,1872-10-02-20,1872-12-21-08-20,temps_different
_ || 7242 || 7244,4,166,347,"En ce moment, une pauvre mendiante, tenant un enfant à la main, pieds nus dans la boue, coiffée d' un chapeau dépenaillé auquel pendait une plume lamentable, un châle en loques sur ses haillons, s' approcha de Mr. Fogg et lui demanda l' aumône.",,tenant,un enfant,à huit heures vingt,1872-10-02-20-00,,,precedent_context,arrêta,à huit heures vingt,1872-12-21-08-20,,,precedent_context,arrêta,1872-10-02-20,1872-12-21-08-20,temps_different
_ || 7242 || 7247,4,166,347,"En ce moment, une pauvre mendiante, tenant un enfant à la main, pieds nus dans la boue, coiffée d' un chapeau dépenaillé auquel pendait une plume lamentable, un châle en loques sur ses haillons, s' approcha de Mr. Fogg et lui demanda l' aumône.",,tenant,à la main,à huit heures vingt,1872-10-02-20-00,,,precedent_context,arrêta,à huit heures vingt,1872-12-21-08-20,,,precedent_context,arrêta,1872-10-02-20,1872-12-21-08-20,temps_different
_ || 7242 || 7249,4,166,347,"En ce moment, une pauvre mendiante, tenant un enfant à la main, pieds nus dans la boue, coiffée d' un chapeau dépenaillé auquel pendait une plume lamentable, un châle en loques sur ses haillons, s' approcha de Mr. Fogg et lui demanda l' aumône.",,tenant,pieds nus,à huit heures vingt,1872-10-02-20-00,,,precedent_context,arrêta,à huit heures vingt,1872-12-21-08-20,,,precedent_context,arrêta,1872-10-02-20,1872-12-21-08-20,temps_different
_ || 7242 || 7253,4,166,347,"En ce moment, une pauvre mendiante, tenant un enfant à la main, pieds nus dans la boue, coiffée d' un chapeau dépenaillé auquel pendait une plume lamentable, un châle en loques sur ses haillons, s' approcha de Mr. Fogg et lui demanda l' aumône.",,tenant,dans la boue,à huit heures vingt,1872-10-02-20-00,,,precedent_context,arrêta,à huit heures vingt,1872-12-21-08-20,,,precedent_context,arrêta,1872-10-02-20,1872-12-21-08-20,temps_different
_ || 7255 || 7258,4,166,347,"En ce moment, une pauvre mendiante, tenant un enfant à la main, pieds nus dans la boue, coiffée d' un chapeau dépenaillé auquel pendait une plume lamentable, un châle en loques sur ses haillons, s' approcha de Mr. Fogg et lui demanda l' aumône.",,coiffée,d'un chapeau,à huit heures vingt,1872-10-02-20-00,,,precedent_context,arrêta,à huit heures vingt,1872-12-21-08-20,,,precedent_context,arrêta,1872-10-02-20,1872-12-21-08-20,temps_different
_ || 7259 || _,4,166,347,"En ce moment, une pauvre mendiante, tenant un enfant à la main, pieds nus dans la boue, coiffée d' un chapeau dépenaillé auquel pendait une plume lamentable, un châle en loques sur ses haillons, s' approcha de Mr. Fogg et lui demanda l' aumône.",,dépenaillé,,à huit heures vingt,1872-10-02-20-00,,,precedent_context,arrêta,à huit heures vingt,1872-12-21-08-20,,,precedent_context,arrêta,1872-10-02-20,1872-12-21-08-20,temps_different
7263 || 7261 || _,4,166,347,"En ce moment, une pauvre mendiante, tenant un enfant à la main, pieds nus dans la boue, coiffée d' un chapeau dépenaillé auquel pendait une plume lamentable, un châle en loques sur ses haillons, s' approcha de Mr. Fogg et lui demanda l' aumône.",une plume lamentable,pendait,,à huit heures vingt,1872-10-02-20-00,,,precedent_context,arrêta,à huit heures vingt,1872-12-21-08-20,,,precedent_context,arrêta,1872-10-02-20,1872-12-21-08-20,temps_different
7240 || 7275 || 7274,4,166,347,"En ce moment, une pauvre mendiante, tenant un enfant à la main, pieds nus dans la boue, coiffée d' un chapeau dépenaillé auquel pendait une plume lamentable, un châle en loques sur ses haillons, s' approcha de Mr. Fogg et lui demanda l' aumône.",En ce moment une pauvre mendiante un châle en loques sur ses haillons,approcha,s',en ce moment,1872-10-02-20-00,,,sujet,mendiante,en ce moment,1872-12-21-08-20,,,sujet,mendiante,1872-10-02-20,1872-12-21-08-20,temps_different
7240 || 7275 || 7277,4,166,347,"En ce moment, une pauvre mendiante, tenant un enfant à la main, pieds nus dans la boue, coiffée d' un chapeau dépenaillé auquel pendait une plume lamentable, un châle en loques sur ses haillons, s' approcha de Mr. Fogg et lui demanda l' aumône.",En ce moment une pauvre mendiante un châle en loques sur ses haillons,approcha,de Mr. Fogg,en ce moment,1872-10-02-20-00,,,sujet,mendiante,en ce moment,1872-12-21-08-20,,,sujet,mendiante,1872-10-02-20,1872-12-21-08-20,temps_different
7240 || 7281 || 7280,4,166,347,"En ce moment, une pauvre mendiante, tenant un enfant à la main, pieds nus dans la boue, coiffée d' un chapeau dépenaillé auquel pendait une plume lamentable, un châle en loques sur ses haillons, s' approcha de Mr. Fogg et lui demanda l' aumône.",En ce moment une pauvre mendiante un châle en loques sur ses haillons,demanda,lui,en ce moment,1872-10-02-20-00,,,sujet,mendiante,en ce moment,1872-12-21-08-20,,,sujet,mendiante,1872-10-02-20,1872-12-21-08-20,temps_different
7240 || 7281 || 7283,4,166,347,"En ce moment, une pauvre mendiante, tenant un enfant à la main, pieds nus dans la boue, coiffée d' un chapeau dépenaillé auquel pendait une plume lamentable, un châle en loques sur ses haillons, s' approcha de Mr. Fogg et lui demanda l' aumône.",En ce moment une pauvre mendiante un châle en loques sur ses haillons,demanda,l'aumône,en ce moment,1872-10-02-20-00,,,sujet,mendiante,en ce moment,1872-12-21-08-20,,,sujet,mendiante,1872-10-02-20,1872-12-21-08-20,temps_different
7285 || 7287 || 7290,4,167,348,"Mr. Fogg tira de sa poche les vingt guinées qu' il venait de gagner au whist, et, les présentant à la mendiante:",Mr. Fogg,tira,de sa poche,à huit heures vingt,1872-10-02-20-00,,,precedent_context,arrêta,à huit heures vingt,1872-12-21-08-20,,,precedent_context,arrêta,1872-10-02-20,1872-12-21-08-20,temps_different
7285 || 7287 || 7293,4,167,348,"Mr. Fogg tira de sa poche les vingt guinées qu' il venait de gagner au whist, et, les présentant à la mendiante:",Mr. Fogg,tira,les vingt guinées,à huit heures vingt,1872-10-02-20-00,,,precedent_context,arrêta,à huit heures vingt,1872-12-21-08-20,,,precedent_context,arrêta,1872-10-02-20,1872-12-21-08-20,temps_different
7295 || 7296 || _,4,167,348,"Mr. Fogg tira de sa poche les vingt guinées qu' il venait de gagner au whist, et, les présentant à la mendiante:",il,venait,,à huit heures vingt,1872-10-02-20-00,,,precedent_context,arrêta,à huit heures vingt,1872-12-21-08-20,,,precedent_context,arrêta,1872-10-02-20,1872-12-21-08-20,temps_different
7295 || 7298 || 7300,4,167,348,"Mr. Fogg tira de sa poche les vingt guinées qu' il venait de gagner au whist, et, les présentant à la mendiante:",il,gagner,au whist,à huit heures vingt,1872-10-02-20-00,,,precedent_context,arrêta,à huit heures vingt,1872-12-21-08-20,,,precedent_context,arrêta,1872-10-02-20,1872-12-21-08-20,temps_different
7285 || 7305 || 7304,4,167,348,"Mr. Fogg tira de sa poche les vingt guinées qu' il venait de gagner au whist, et, les présentant à la mendiante:",Mr. Fogg,présentant,les,à huit heures vingt,1872-10-02-20-00,,,precedent_context,arrêta,à huit heures vingt,1872-12-21-08-20,,,precedent_context,arrêta,1872-10-02-20,1872-12-21-08-20,temps_different
7285 || 7305 || 7308,4,167,348,"Mr. Fogg tira de sa poche les vingt guinées qu' il venait de gagner au whist, et, les présentant à la mendiante:",Mr. Fogg,présentant,à la mendiante,à huit heures vingt,1872-10-02-20-00,,,precedent_context,arrêta,à huit heures vingt,1872-12-21-08-20,,,precedent_context,arrêta,1872-10-02-20,1872-12-21-08-20,temps_different
_ || 7311 || _,4,168,349,"«Tenez, ma brave femme, dit -il, je suis content de vous avoir rencontrée!»",,Tenez,,à huit heures vingt,1872-10-02-20-00,,,precedent_context,arrêta,à huit heures vingt,1872-12-21-08-20,,,precedent_context,arrêta,1872-10-02-20,1872-12-21-08-20,temps_different
7318 || 7317 || _,4,168,349,"«Tenez, ma brave femme, dit -il, je suis content de vous avoir rencontrée!»",-il,dit,,à huit heures vingt,1872-10-02-20-00,,,precedent_context,arrêta,à huit heures vingt,1872-12-21-08-20,,,precedent_context,arrêta,1872-10-02-20,1872-12-21-08-20,temps_different
7320 || 7326 || 7324,4,168,349,"«Tenez, ma brave femme, dit -il, je suis content de vous avoir rencontrée!»",je,rencontrée,vous,à huit heures vingt,1872-10-02-20-00,,,precedent_context,arrêta,à huit heures vingt,1872-12-21-08-20,,,precedent_context,arrêta,1872-10-02-20,1872-12-21-08-20,temps_different
7330 || 7331 || _,4,169,350,Puis il passa.,il,passa,,à huit heures vingt,1872-10-02-20-00,,,precedent_context,arrêta,à huit heures vingt,1872-12-21-08-20,,,precedent_context,arrêta,1872-10-02-20,1872-12-21-08-20,temps_different
7333 || 7334 || 7337,4,170,351,Passepartout eut comme une sensation d' humidité autour de la prunelle.,Passepartout,eut,comme une sensation d'humidité,à huit heures vingt,1872-10-02-20-00,,,precedent_context,arrêta,à huit heures vingt,1872-12-21-08-20,,,precedent_context,arrêta,1872-10-02-20,1872-12-21-08-20,temps_different
7346 || 7348 || 7350,4,170,352,Son maître avait fait un pas dans son cœur.,Son maître,fait,un pas,à huit heures vingt,1872-10-02-20-00,,,precedent_context,arrêta,à huit heures vingt,1872-12-21-08-20,,,precedent_context,arrêta,1872-10-02-20,1872-12-21-08-20,temps_different
7346 || 7348 || 7353,4,170,352,Son maître avait fait un pas dans son cœur.,Son maître,fait,dans son cœur,à huit heures vingt,1872-10-02-20-00,,,precedent_context,arrêta,à huit heures vingt,1872-12-21-08-20,,,precedent_context,arrêta,1872-10-02-20,1872-12-21-08-20,temps_different
7355 || 7359 || 7358,4,171,353,Mr. Fogg et lui entrèrent aussitôt dans la grande salle de la gare.,Mr. Fogg,entrèrent,lui,à huit heures vingt,1872-10-02-20-00,,,precedent_context,arrêta,à huit heures vingt,1872-12-21-08-20,,,precedent_context,arrêta,1872-10-02-20,1872-12-21-08-20,temps_different
7355 || 7359 || 7364,4,171,353,Mr. Fogg et lui entrèrent aussitôt dans la grande salle de la gare.,Mr. Fogg,entrèrent,dans la grande salle de la gare,à huit heures vingt,1872-10-02-20-00,,,precedent_context,arrêta,à huit heures vingt,1872-12-21-08-20,,,precedent_context,arrêta,1872-10-02-20,1872-12-21-08-20,temps_different
7371 || 7373 || 7375,4,171,354,"Là, Phileas Fogg donna à Passepartout l' ordre de prendre deux billets de première classe pour Paris.",Phileas Fogg,donna,à Passepartout,à huit heures vingt,1872-10-02-20-00,,,precedent_context,arrêta,à huit heures vingt,1872-12-21-08-20,,,precedent_context,arrêta,1872-10-02-20,1872-12-21-08-20,temps_different
7371 || 7373 || 7377,4,171,354,"Là, Phileas Fogg donna à Passepartout l' ordre de prendre deux billets de première classe pour Paris.",Phileas Fogg,donna,l'ordre,à huit heures vingt,1872-10-02-20-00,,,precedent_context,arrêta,à huit heures vingt,1872-12-21-08-20,,,precedent_context,arrêta,1872-10-02-20,1872-12-21-08-20,temps_different
_ || 7379 || 7381,4,171,354,"Là, Phileas Fogg donna à Passepartout l' ordre de prendre deux billets de première classe pour Paris.",,prendre,deux billets de première classe pour Paris,à huit heures vingt,1872-10-02-20-00,,,precedent_context,arrêta,à huit heures vingt,1872-12-21-08-20,,,precedent_context,arrêta,1872-10-02-20,1872-12-21-08-20,temps_different
7393 || 7391 || 7390,4,171,355,"Puis, se retournant, il aperçut ses cinq collègues du Reform - Club.",il,retournant,se,à huit heures vingt,1872-10-02-20-00,,,precedent_context,arrêta,à huit heures vingt,1872-12-21-08-20,,,precedent_context,arrêta,1872-10-02-20,1872-12-21-08-20,temps_different
7393 || 7394 || 7397,4,171,355,"Puis, se retournant, il aperçut ses cinq collègues du Reform - Club.",il,aperçut,ses cinq collègues du Reform-Club,à huit heures vingt,1872-10-02-20-00,,,precedent_context,arrêta,à huit heures vingt,1872-12-21-08-20,,,precedent_context,arrêta,1872-10-02-20,1872-12-21-08-20,temps_different
7406 || 7407 || 7404,4,172,356,"«Messieurs, je pars, dit -il, et les divers visas apposés sur un passeport que j' emporte à cet effet vous permettront, au retour, de contrôler mon itinéraire.",je,pars,Messieurs,à huit heures vingt,1872-10-02-20-00,,,precedent_context,arrêta,à huit heures vingt,1872-12-21-08-20,,,precedent_context,arrêta,1872-10-02-20,1872-12-21-08-20,temps_different
7410 || 7409 || 7430,4,172,356,"«Messieurs, je pars, dit -il, et les divers visas apposés sur un passeport que j' emporte à cet effet vous permettront, au retour, de contrôler mon itinéraire.",-il,dit,au retour,à huit heures vingt,1872-10-02-20-00,,,precedent_context,arrêta,à huit heures vingt,1872-12-21-08-20,,,precedent_context,arrêta,1872-10-02-20,1872-12-21-08-20,temps_different
_ || 7416 || 7419,4,172,356,"«Messieurs, je pars, dit -il, et les divers visas apposés sur un passeport que j' emporte à cet effet vous permettront, au retour, de contrôler mon itinéraire.",,apposés,sur un passeport,à huit heures vingt,1872-10-02-20-00,,,precedent_context,arrêta,à huit heures vingt,1872-12-21-08-20,,,precedent_context,arrêta,1872-10-02-20,1872-12-21-08-20,temps_different
7421 || 7422 || 7420,4,172,356,"«Messieurs, je pars, dit -il, et les divers visas apposés sur un passeport que j' emporte à cet effet vous permettront, au retour, de contrôler mon itinéraire.",j',emporte,que,à huit heures vingt,1872-10-02-20-00,,,precedent_context,arrêta,à huit heures vingt,1872-12-21-08-20,,,precedent_context,arrêta,1872-10-02-20,1872-12-21-08-20,temps_different
7421 || 7422 || 7425,4,172,356,"«Messieurs, je pars, dit -il, et les divers visas apposés sur un passeport que j' emporte à cet effet vous permettront, au retour, de contrôler mon itinéraire.",j',emporte,à cet effet,à huit heures vingt,1872-10-02-20-00,,,precedent_context,arrêta,à huit heures vingt,1872-12-21-08-20,,,precedent_context,arrêta,1872-10-02-20,1872-12-21-08-20,temps_different
7415 || 7427 || 7426,4,172,356,"«Messieurs, je pars, dit -il, et les divers visas apposés sur un passeport que j' emporte à cet effet vous permettront, au retour, de contrôler mon itinéraire.",les divers visas,permettront,vous,à huit heures vingt,1872-10-02-20-00,,,precedent_context,arrêta,à huit heures vingt,1872-12-21-08-20,,,precedent_context,arrêta,1872-10-02-20,1872-12-21-08-20,temps_different
7410 || 7433 || 7435,4,172,356,"«Messieurs, je pars, dit -il, et les divers visas apposés sur un passeport que j' emporte à cet effet vous permettront, au retour, de contrôler mon itinéraire.",-il,contrôler,mon itinéraire,à huit heures vingt,1872-10-02-20-00,,,precedent_context,arrêta,à huit heures vingt,1872-12-21-08-20,,,precedent_context,arrêta,1872-10-02-20,1872-12-21-08-20,temps_different
7445 || 7443 || _,4,173,357,"- Oh! monsieur Fogg, répondit poliment Gauthier Ralph, c' est inutile.",Gauthier Ralph,répondit,,à huit heures vingt,1872-10-02-20-00,,,precedent_context,arrêta,à huit heures vingt,1872-12-21-08-20,,,precedent_context,arrêta,1872-10-02-20,1872-12-21-08-20,temps_different
7452 || 7455 || 7453,4,173,358,Nous nous en rapporterons à votre honneur de gentleman!,Nous,rapporterons,nous,à huit heures vingt,1872-10-02-20-00,,,precedent_context,arrêta,à huit heures vingt,1872-12-21-08-20,,,precedent_context,arrêta,1872-10-02-20,1872-12-21-08-20,temps_different
7452 || 7455 || 7454,4,173,358,Nous nous en rapporterons à votre honneur de gentleman!,Nous,rapporterons,en,à huit heures vingt,1872-10-02-20-00,,,precedent_context,arrêta,à huit heures vingt,1872-12-21-08-20,,,precedent_context,arrêta,1872-10-02-20,1872-12-21-08-20,temps_different
7452 || 7455 || 7458,4,173,358,Nous nous en rapporterons à votre honneur de gentleman!,Nous,rapporterons,à votre honneur de gentleman,à huit heures vingt,1872-10-02-20-00,,,precedent_context,arrêta,à huit heures vingt,1872-12-21-08-20,,,precedent_context,arrêta,1872-10-02-20,1872-12-21-08-20,temps_different
7463 || 7464 || 7465,4,174,359,"- Cela vaut mieux ainsi, dit Mr. Fogg.",Cela,vaut,mieux,à huit heures vingt,1872-10-02-20-00,,,precedent_context,arrêta,à huit heures vingt,1872-12-21-08-20,,,precedent_context,arrêta,1872-10-02-20,1872-12-21-08-20,temps_different
7469 || 7468 || _,4,174,359,"- Cela vaut mieux ainsi, dit Mr. Fogg.",Mr. Fogg,dit,,à huit heures vingt,1872-10-02-20-00,,,precedent_context,arrêta,à huit heures vingt,1872-12-21-08-20,,,precedent_context,arrêta,1872-10-02-20,1872-12-21-08-20,temps_different
7472 || 7474 || _,4,175,360,-Vous n' oubliez pas que vous devez être revenu?,-Vous,oubliez,,à huit heures vingt,1872-10-02-20-00,,,precedent_context,arrêta,à huit heures vingt,1872-12-21-08-20,,,precedent_context,arrêta,1872-10-02-20,1872-12-21-08-20,temps_different
7477 || 7478 || _,4,175,360,-Vous n' oubliez pas que vous devez être revenu?,vous,devez,,à huit heures vingt,1872-10-02-20-00,,,precedent_context,arrêta,à huit heures vingt,1872-12-21-08-20,,,precedent_context,arrêta,1872-10-02-20,1872-12-21-08-20,temps_different
7477 || 7480 || _,4,175,360,-Vous n' oubliez pas que vous devez être revenu?,vous,revenu,,à huit heures vingt,1872-10-02-20-00,,,precedent_context,arrêta,à huit heures vingt,1872-12-21-08-20,,,precedent_context,arrêta,1872-10-02-20,1872-12-21-08-20,temps_different
_ || 7484 || 7485,4,175,361,… fit observer Andrew Stuart.,,observer,Andrew Stuart,à huit heures vingt,1872-10-02-20-00,,,precedent_context,arrêta,à huit heures vingt,1872-12-21-08-20,,,precedent_context,arrêta,1872-10-02-20,1872-12-21-08-20,temps_different
7494 || 7493 || 7491,4,176,362,"- Dans quatre-vingts jours, répondit Mr. Fogg, le samedi 21 décembre 1872, à huit heures quarante - cinq minutes du soir.",Mr. Fogg,répondit,Dans quatre-vingts jours,dans quatre-vingts jours,1872-12-21-20-00,,,objet,répondit,dans quatre-vingts jours,1873-03-11-08-20,,,objet,répondit,1872-12-21-20,1873-03-11-08-20,temps_different
7494 || 7493 || 7498,4,176,362,"- Dans quatre-vingts jours, répondit Mr. Fogg, le samedi 21 décembre 1872, à huit heures quarante - cinq minutes du soir.",Mr. Fogg,répondit,le samedi 21 décembre 1872,le samedi 21 décembre 1872,1872-12-21-20-00,,,objet,répondit,le samedi 21 décembre 1872,1872-12-21-00-00,,,objet,répondit,1872-12-21-20,1872-12-21-00,temps_different
7494 || 7493 || 7505,4,176,362,"- Dans quatre-vingts jours, répondit Mr. Fogg, le samedi 21 décembre 1872, à huit heures quarante - cinq minutes du soir.",Mr. Fogg,répondit,à huit heures quarante-cinq minutes du soir,à huit heures quarante - cinq minutes du soir,1872-12-21-20-00,,,objet,répondit,à huit heures quarante - cinq minutes du soir,1872-12-21-20-45,,,objet,répondit,1872-12-21-20,1872-12-21-20-45,temps_different
7524 || 7529 || 7521,4,177,364,"À huit heures quarante, Phileas Fogg et son domestique prirent place dans le même compartiment.",Phileas Fogg et son domestique,prirent,À huit heures quarante,à huit heures quarante,1872-10-02-20-00,,,objet,prirent,à huit heures quarante,1872-12-21-08-40,,,objet,prirent,1872-10-02-20,1872-12-21-08-40,temps_different
7524 || 7529 || 7530,4,177,364,"À huit heures quarante, Phileas Fogg et son domestique prirent place dans le même compartiment.",Phileas Fogg et son domestique,prirent,place,à huit heures quarante,1872-10-02-20-00,,,ud_direct,prirent,à huit heures quarante,1872-12-21-08-40,,,ud_direct,prirent,1872-10-02-20,1872-12-21-08-40,temps_different
7524 || 7529 || 7534,4,177,364,"À huit heures quarante, Phileas Fogg et son domestique prirent place dans le même compartiment.",Phileas Fogg et son domestique,prirent,dans le même compartiment,à huit heures quarante,1872-10-02-20-00,,,ud_direct,prirent,à huit heures quarante,1872-12-21-08-40,,,ud_direct,prirent,1872-10-02-20,1872-12-21-08-40,temps_different
7544 || 7547 || 7538,4,177,365,"À huit heures quarante - cinq, un coup de sifflet retentit, et le train se mit en marche.",un coup de sifflet,retentit,À huit heures quarante-cinq,à huit heures quarante - cinq,1872-10-02-20-00,,,objet,retentit,à huit heures quarante - cinq,1872-12-21-08-45,,,objet,retentit,1872-10-02-20,1872-12-21-08-45,temps_different
7551 || 7553 || 7555,4,177,365,"À huit heures quarante - cinq, un coup de sifflet retentit, et le train se mit en marche.",le train,mit,en marche,à huit heures quarante - cinq,1872-10-02-20-00,,,ud_scope_anchor,retentit,à huit heures quarante - cinq,1872-12-21-08-45,,,ud_scope_anchor,retentit,1872-10-02-20,1872-12-21-08-45,temps_different
7562 || 7563 || 7565,4,178,367,Il tombait une pluie fine.,Il,tombait,une pluie fine,à huit heures quarante - cinq,1872-10-02-20-00,,,precedent_context,retentit,la nuit,1872-12-21-22-00,,,precedent_context,noire,1872-10-02-20,1872-12-21-22,temps_different
7568 || 7571 || 7574,4,178,368,"Phileas Fogg, accoté dans son coin, ne parlait pas.",Phileas Fogg,accoté,dans son coin,à huit heures quarante - cinq,1872-10-02-20-00,,,precedent_context,retentit,la nuit,1872-12-21-22-00,,,precedent_context,noire,1872-10-02-20,1872-12-21-22,temps_different
7568 || 7577 || _,4,178,368,"Phileas Fogg, accoté dans son coin, ne parlait pas.",Phileas Fogg,parlait,,à huit heures quarante - cinq,1872-10-02-20-00,,,precedent_context,retentit,la nuit,1872-12-21-22-00,,,precedent_context,noire,1872-10-02-20,1872-12-21-22,temps_different
7580 || 7583 || _,4,178,369,"Passepartout, encore abasourdi, pressait machinalement contre lui le sac aux bank - notes.",Passepartout,abasourdi,,à huit heures quarante - cinq,1872-10-02-20-00,,,precedent_context,retentit,la nuit,1872-12-21-22-00,,,precedent_context,noire,1872-10-02-20,1872-12-21-22,temps_different
7580 || 7585 || 7588,4,178,369,"Passepartout, encore abasourdi, pressait machinalement contre lui le sac aux bank - notes.",Passepartout,pressait,contre lui,à huit heures quarante - cinq,1872-10-02-20-00,,,precedent_context,retentit,la nuit,1872-12-21-22-00,,,precedent_context,noire,1872-10-02-20,1872-12-21-22,temps_different
7580 || 7585 || 7590,4,178,369,"Passepartout, encore abasourdi, pressait machinalement contre lui le sac aux bank - notes.",Passepartout,pressait,le sac aux bank-notes,à huit heures quarante - cinq,1872-10-02-20-00,,,precedent_context,retentit,la nuit,1872-12-21-22-00,,,precedent_context,noire,1872-10-02-20,1872-12-21-22,temps_different
7580 || 7585 || 7593,4,178,369,"Passepartout, encore abasourdi, pressait machinalement contre lui le sac aux bank - notes.",Passepartout,pressait,bank-notes,à huit heures quarante - cinq,1872-10-02-20-00,,,precedent_context,retentit,la nuit,1872-12-21-22-00,,,precedent_context,noire,1872-10-02-20,1872-12-21-22,temps_different
7598 || 7602 || 7603,4,179,370,"Mais le train n' avait pas dépassé Sydenham, que Passepartout poussait un véritable cri de désespoir!",le train,dépassé,Sydenham,à huit heures quarante - cinq,1872-10-02-20-00,,,precedent_context,retentit,la nuit,1872-12-21-22-00,,,precedent_context,noire,1872-10-02-20,1872-12-21-22,temps_different
7606 || 7607 || 7610,4,179,370,"Mais le train n' avait pas dépassé Sydenham, que Passepartout poussait un véritable cri de désespoir!",Passepartout,poussait,un véritable cri de désespoir,à huit heures quarante - cinq,1872-10-02-20-00,,,precedent_context,retentit,la nuit,1872-12-21-22-00,,,precedent_context,noire,1872-10-02-20,1872-12-21-22,temps_different
7617 || 7616 || _,4,180,371,«Qu' avez -vous? demanda Mr. Fogg.,-vous,avez,,à huit heures quarante - cinq,1872-10-02-20-00,,,precedent_context,retentit,la nuit,1872-12-21-22-00,,,precedent_context,noire,1872-10-02-20,1872-12-21-22,temps_different
7620 || 7619 || _,4,180,371,«Qu' avez -vous? demanda Mr. Fogg.,Mr. Fogg,demanda,,à huit heures quarante - cinq,1872-10-02-20-00,,,precedent_context,retentit,la nuit,1872-12-21-22-00,,,precedent_context,noire,1872-10-02-20,1872-12-21-22,temps_different
_ || 7626 || 7625,4,181,372,- Il y a… que… dans ma précipitation… mon trouble… j' ai oublié…,,a,y,à huit heures quarante - cinq,1872-10-02-20-00,,,precedent_context,retentit,la nuit,1872-12-21-22-00,,,precedent_context,noire,1872-10-02-20,1872-12-21-22,temps_different
7637 || 7639 || 7632,4,181,372,- Il y a… que… dans ma précipitation… mon trouble… j' ai oublié…,j',oublié,dans ma précipitation mon trouble,à huit heures quarante - cinq,1872-10-02-20-00,,,precedent_context,retentit,la nuit,1872-12-21-22-00,,,precedent_context,noire,1872-10-02-20,1872-12-21-22,temps_different
_ || 7646 || 7648,4,183,374,- D' éteindre le bec de gaz de ma chambre!,,éteindre,le bec de gaz de ma chambre,à huit heures quarante - cinq,1872-10-02-20-00,,,precedent_context,retentit,la nuit,1872-12-21-22-00,,,precedent_context,noire,1872-10-02-20,1872-12-21-22,temps_different
7664 || 7662 || 7660,4,184,375,"- Eh bien, mon garçon, répondit froidement Mr. Fogg, il brûle à votre compte!»",Mr. Fogg,répondit,mon garçon,à huit heures quarante - cinq,1872-10-02-20-00,,,precedent_context,retentit,la nuit,1872-12-21-22-00,,,precedent_context,noire,1872-10-02-20,1872-12-21-22,temps_different
7667 || 7668 || 7671,4,184,375,"- Eh bien, mon garçon, répondit froidement Mr. Fogg, il brûle à votre compte!»",il,brûle,à votre compte,à huit heures quarante - cinq,1872-10-02-20-00,,,precedent_context,retentit,la nuit,1872-12-21-22-00,,,precedent_context,noire,1872-10-02-20,1872-12-21-22,temps_different
7674 || 7678 || 7679,5,185,376,"Phileas Fogg, en quittant Londres, ne se doutait guère, sans doute, du grand retentissement qu' allait provoquer son départ.",Phileas Fogg,quittant,Londres,à huit heures quarante - cinq,1872-10-02-20-00,,,precedent_context,retentit,la nuit,1872-12-21-22-00,,,precedent_context,noire,1872-10-02-20,1872-12-21-22,temps_different
7674 || 7683 || 7682,5,185,376,"Phileas Fogg, en quittant Londres, ne se doutait guère, sans doute, du grand retentissement qu' allait provoquer son départ.",Phileas Fogg,doutait,se,à huit heures quarante - cinq,1872-10-02-20-00,,,precedent_context,retentit,la nuit,1872-12-21-22-00,,,precedent_context,noire,1872-10-02-20,1872-12-21-22,temps_different
7674 || 7683 || 7687,5,185,376,"Phileas Fogg, en quittant Londres, ne se doutait guère, sans doute, du grand retentissement qu' allait provoquer son départ.",Phileas Fogg,doutait,sans doute,à huit heures quarante - cinq,1872-10-02-20-00,,,precedent_context,retentit,la nuit,1872-12-21-22-00,,,precedent_context,noire,1872-10-02-20,1872-12-21-22,temps_different
7674 || 7683 || 7691,5,185,376,"Phileas Fogg, en quittant Londres, ne se doutait guère, sans doute, du grand retentissement qu' allait provoquer son départ.",Phileas Fogg,doutait,du grand retentissement,à huit heures quarante - cinq,1872-10-02-20-00,,,precedent_context,retentit,la nuit,1872-12-21-22-00,,,precedent_context,noire,1872-10-02-20,1872-12-21-22,temps_different
7696 || 7693 || 7692,5,185,376,"Phileas Fogg, en quittant Londres, ne se doutait guère, sans doute, du grand retentissement qu' allait provoquer son départ.",son départ,allait,qu',à huit heures quarante - cinq,1872-10-02-20-00,,,precedent_context,retentit,la nuit,1872-12-21-22-00,,,precedent_context,noire,1872-10-02-20,1872-12-21-22,temps_different
7696 || 7694 || _,5,185,376,"Phileas Fogg, en quittant Londres, ne se doutait guère, sans doute, du grand retentissement qu' allait provoquer son départ.",son départ,provoquer,,à huit heures quarante - cinq,1872-10-02-20-00,,,precedent_context,retentit,la nuit,1872-12-21-22-00,,,precedent_context,noire,1872-10-02-20,1872-12-21-22,temps_different
7699 || 7703 || 7702,5,185,377,"La nouvelle du pari se répandit d' abord dans le Reform - Club, et produisit une véritable émotion parmi les membres de l' honorable cercle.",La nouvelle du pari,répandit,se,à huit heures quarante - cinq,1872-10-02-20-00,,,precedent_context,retentit,la nuit,1872-12-21-22-00,,,precedent_context,noire,1872-10-02-20,1872-12-21-22,temps_different
7699 || 7703 || 7708,5,185,377,"La nouvelle du pari se répandit d' abord dans le Reform - Club, et produisit une véritable émotion parmi les membres de l' honorable cercle.",La nouvelle du pari,répandit,dans le Reform-Club,à huit heures quarante - cinq,1872-10-02-20-00,,,precedent_context,retentit,la nuit,1872-12-21-22-00,,,precedent_context,noire,1872-10-02-20,1872-12-21-22,temps_different
7699 || 7703 || 7709,5,185,377,"La nouvelle du pari se répandit d' abord dans le Reform - Club, et produisit une véritable émotion parmi les membres de l' honorable cercle.",La nouvelle du pari,répandit,Reform-Club,à huit heures quarante - cinq,1872-10-02-20-00,,,precedent_context,retentit,la nuit,1872-12-21-22-00,,,precedent_context,noire,1872-10-02-20,1872-12-21-22,temps_different
7699 || 7703 || 7710,5,185,377,"La nouvelle du pari se répandit d' abord dans le Reform - Club, et produisit une véritable émotion parmi les membres de l' honorable cercle.",La nouvelle du pari,répandit,Reform-Club,à huit heures quarante - cinq,1872-10-02-20-00,,,precedent_context,retentit,la nuit,1872-12-21-22-00,,,precedent_context,noire,1872-10-02-20,1872-12-21-22,temps_different
7699 || 7713 || 7716,5,185,377,"La nouvelle du pari se répandit d' abord dans le Reform - Club, et produisit une véritable émotion parmi les membres de l' honorable cercle.",La nouvelle du pari,produisit,une véritable émotion,à huit heures quarante - cinq,1872-10-02-20-00,,,precedent_context,retentit,la nuit,1872-12-21-22-00,,,precedent_context,noire,1872-10-02-20,1872-12-21-22,temps_different
7699 || 7713 || 7719,5,185,377,"La nouvelle du pari se répandit d' abord dans le Reform - Club, et produisit une véritable émotion parmi les membres de l' honorable cercle.",La nouvelle du pari,produisit,parmi les membres de l'honorable cercle,à huit heures quarante - cinq,1872-10-02-20-00,,,precedent_context,retentit,la nuit,1872-12-21-22-00,,,precedent_context,noire,1872-10-02-20,1872-12-21-22,temps_different
7731 || 7732 || 7728,5,185,378,"Puis, du club, cette émotion passa aux journaux par la voie des reporters, et des journaux au public de Londres et de tout le Royaume - Uni.",cette émotion,passa,du club,à huit heures quarante - cinq,1872-10-02-20-00,,,precedent_context,retentit,la nuit,1872-12-21-22-00,,,precedent_context,noire,1872-10-02-20,1872-12-21-22,temps_different
7731 || 7732 || 7734,5,185,378,"Puis, du club, cette émotion passa aux journaux par la voie des reporters, et des journaux au public de Londres et de tout le Royaume - Uni.",cette émotion,passa,aux journaux,à huit heures quarante - cinq,1872-10-02-20-00,,,precedent_context,retentit,la nuit,1872-12-21-22-00,,,precedent_context,noire,1872-10-02-20,1872-12-21-22,temps_different
7731 || 7732 || 7737,5,185,378,"Puis, du club, cette émotion passa aux journaux par la voie des reporters, et des journaux au public de Londres et de tout le Royaume - Uni.",cette émotion,passa,par la voie des reporters et des journaux,à huit heures quarante - cinq,1872-10-02-20-00,,,precedent_context,retentit,la nuit,1872-12-21-22-00,,,precedent_context,noire,1872-10-02-20,1872-12-21-22,temps_different
7731 || 7732 || 7745,5,185,378,"Puis, du club, cette émotion passa aux journaux par la voie des reporters, et des journaux au public de Londres et de tout le Royaume - Uni.",cette émotion,passa,au public de Londres et de tout le Royaume-Uni,à huit heures quarante - cinq,1872-10-02-20-00,,,precedent_context,retentit,la nuit,1872-12-21-22-00,,,precedent_context,noire,1872-10-02-20,1872-12-21-22,temps_different
7758 || 7765 || 7772,5,186,379,"Cette« question du tour du monde» fut commentée, discutée, disséquée, avec autant de passion et d' ardeur que s' il se fût agi d' une nouvelle affaire de l' Alabama.",Cette question du tour du monde,commentée,avec autant de passion et d'ardeur,à huit heures quarante - cinq,1872-10-02-20-00,,,precedent_context,retentit,la nuit,1872-12-21-22-00,,,precedent_context,noire,1872-10-02-20,1872-12-21-22,temps_different
7758 || 7767 || _,5,186,379,"Cette« question du tour du monde» fut commentée, discutée, disséquée, avec autant de passion et d' ardeur que s' il se fût agi d' une nouvelle affaire de l' Alabama.",Cette question du tour du monde,discutée,,à huit heures quarante - cinq,1872-10-02-20-00,,,precedent_context,retentit,la nuit,1872-12-21-22-00,,,precedent_context,noire,1872-10-02-20,1872-12-21-22,temps_different
7758 || 7769 || _,5,186,379,"Cette« question du tour du monde» fut commentée, discutée, disséquée, avec autant de passion et d' ardeur que s' il se fût agi d' une nouvelle affaire de l' Alabama.",Cette question du tour du monde,disséquée,,à huit heures quarante - cinq,1872-10-02-20-00,,,precedent_context,retentit,la nuit,1872-12-21-22-00,,,precedent_context,noire,1872-10-02-20,1872-12-21-22,temps_different
7758 || 7783 || 7781,5,186,379,"Cette« question du tour du monde» fut commentée, discutée, disséquée, avec autant de passion et d' ardeur que s' il se fût agi d' une nouvelle affaire de l' Alabama.",Cette question du tour du monde,agi,se,à huit heures quarante - cinq,1872-10-02-20-00,,,precedent_context,retentit,la nuit,1872-12-21-22-00,,,precedent_context,noire,1872-10-02-20,1872-12-21-22,temps_different
7758 || 7783 || 7787,5,186,379,"Cette« question du tour du monde» fut commentée, discutée, disséquée, avec autant de passion et d' ardeur que s' il se fût agi d' une nouvelle affaire de l' Alabama.",Cette question du tour du monde,agi,d'une nouvelle affaire de l'Alabama,à huit heures quarante - cinq,1872-10-02-20-00,,,precedent_context,retentit,la nuit,1872-12-21-22-00,,,precedent_context,noire,1872-10-02-20,1872-12-21-22,temps_different
7793 || 7794 || 7795,5,186,380,"Les uns prirent parti pour Phileas Fogg, les autres- et ils formèrent bientôt une majorité considérable- se prononcèrent contre lui.",Les uns,prirent,parti,à huit heures quarante - cinq,1872-10-02-20-00,,,precedent_context,retentit,la nuit,1872-12-21-22-00,,,precedent_context,noire,1872-10-02-20,1872-12-21-22,temps_different
7793 || 7794 || 7797,5,186,380,"Les uns prirent parti pour Phileas Fogg, les autres- et ils formèrent bientôt une majorité considérable- se prononcèrent contre lui.",Les uns,prirent,pour Phileas Fogg,à huit heures quarante - cinq,1872-10-02-20-00,,,precedent_context,retentit,la nuit,1872-12-21-22-00,,,precedent_context,noire,1872-10-02-20,1872-12-21-22,temps_different
7801 || 7805 || 7808,5,186,380,"Les uns prirent parti pour Phileas Fogg, les autres- et ils formèrent bientôt une majorité considérable- se prononcèrent contre lui.",les autres,formèrent,une majorité considérable,à huit heures quarante - cinq,1872-10-02-20-00,,,precedent_context,retentit,la nuit,1872-12-21-22-00,,,precedent_context,noire,1872-10-02-20,1872-12-21-22,temps_different
7793 || 7812 || 7811,5,186,380,"Les uns prirent parti pour Phileas Fogg, les autres- et ils formèrent bientôt une majorité considérable- se prononcèrent contre lui.",Les uns,prononcèrent,considérable-se,à huit heures quarante - cinq,1872-10-02-20-00,,,precedent_context,retentit,la nuit,1872-12-21-22-00,,,precedent_context,noire,1872-10-02-20,1872-12-21-22,temps_different
7793 || 7812 || 7814,5,186,380,"Les uns prirent parti pour Phileas Fogg, les autres- et ils formèrent bientôt une majorité considérable- se prononcèrent contre lui.",Les uns,prononcèrent,contre lui,à huit heures quarante - cinq,1872-10-02-20-00,,,precedent_context,retentit,la nuit,1872-12-21-22-00,,,precedent_context,noire,1872-10-02-20,1872-12-21-22,temps_different
_ || 7821 || 7834,5,186,381,"Ce tour du monde à accomplir, autrement qu' en théorie et sur le papier, dans ce minimum de temps, avec les moyens de communication actuellement en usage, ce n' était pas seulement impossible, c' était insensé!",,accomplir,dans ce minimum de temps,à huit heures quarante - cinq,1872-10-02-20-00,,,precedent_context,retentit,la nuit,1872-12-21-22-00,,,precedent_context,noire,1872-10-02-20,1872-12-21-22,temps_different
_ || 7821 || 7840,5,186,381,"Ce tour du monde à accomplir, autrement qu' en théorie et sur le papier, dans ce minimum de temps, avec les moyens de communication actuellement en usage, ce n' était pas seulement impossible, c' était insensé!",,accomplir,avec les moyens de communication actuellement en usage,à huit heures quarante - cinq,1872-10-02-20-00,,,precedent_context,retentit,la nuit,1872-12-21-22-00,,,precedent_context,noire,1872-10-02-20,1872-12-21-22,temps_different
7859 || 7881 || 7880,5,187,382,"Le Times, le Standard, l' Evening Star, le Morning Chronicle, et vingt autres journaux de grande publicité, se déclarèrent contre Mr. Fogg.",Le Times le Standard l'Evening Star le Morning Chronicle et vingt autres journaux de grande publicité,déclarèrent,se,à huit heures quarante - cinq,1872-10-02-20-00,,,precedent_context,retentit,la nuit,1872-12-21-22-00,,,precedent_context,noire,1872-10-02-20,1872-12-21-22,temps_different
7859 || 7881 || 7883,5,187,382,"Le Times, le Standard, l' Evening Star, le Morning Chronicle, et vingt autres journaux de grande publicité, se déclarèrent contre Mr. Fogg.",Le Times le Standard l'Evening Star le Morning Chronicle et vingt autres journaux de grande publicité,déclarèrent,contre Mr. Fogg,à huit heures quarante - cinq,1872-10-02-20-00,,,precedent_context,retentit,la nuit,1872-12-21-22-00,,,precedent_context,noire,1872-10-02-20,1872-12-21-22,temps_different
7889 || 7892 || 7891,5,187,383,"Seul, le Daily Telegraph le soutint dans une certaine mesure.",le Daily Telegraph,soutint,le,à huit heures quarante - cinq,1872-10-02-20-00,,,precedent_context,retentit,la nuit,1872-12-21-22-00,,,precedent_context,noire,1872-10-02-20,1872-12-21-22,temps_different
7889 || 7892 || 7896,5,187,383,"Seul, le Daily Telegraph le soutint dans une certaine mesure.",le Daily Telegraph,soutint,dans une certaine mesure,à huit heures quarante - cinq,1872-10-02-20-00,,,precedent_context,retentit,la nuit,1872-12-21-22-00,,,precedent_context,noire,1872-10-02-20,1872-12-21-22,temps_different
7898 || 7902 || _,5,187,384,"Phileas Fogg fut généralement traité de maniaque, de fou, et ses collègues du Reform - Club furent blâmés d' avoir tenu ce pari, qui accusait un affaiblissement dans les facultés mentales de son auteur.",Phileas Fogg,traité,,à huit heures quarante - cinq,1872-10-02-20-00,,,precedent_context,retentit,la nuit,1872-12-21-22-00,,,precedent_context,noire,1872-10-02-20,1872-12-21-22,temps_different
7911 || 7917 || _,5,187,384,"Phileas Fogg fut généralement traité de maniaque, de fou, et ses collègues du Reform - Club furent blâmés d' avoir tenu ce pari, qui accusait un affaiblissement dans les facultés mentales de son auteur.",ses collègues du Reform-Club,blâmés,,à huit heures quarante - cinq,1872-10-02-20-00,,,precedent_context,retentit,la nuit,1872-12-21-22-00,,,precedent_context,noire,1872-10-02-20,1872-12-21-22,temps_different
7911 || 7920 || 7922,5,187,384,"Phileas Fogg fut généralement traité de maniaque, de fou, et ses collègues du Reform - Club furent blâmés d' avoir tenu ce pari, qui accusait un affaiblissement dans les facultés mentales de son auteur.",ses collègues du Reform-Club,tenu,ce pari,à huit heures quarante - cinq,1872-10-02-20-00,,,precedent_context,retentit,la nuit,1872-12-21-22-00,,,precedent_context,noire,1872-10-02-20,1872-12-21-22,temps_different
7924 || 7925 || 7927,5,187,384,"Phileas Fogg fut généralement traité de maniaque, de fou, et ses collègues du Reform - Club furent blâmés d' avoir tenu ce pari, qui accusait un affaiblissement dans les facultés mentales de son auteur.",qui,accusait,un affaiblissement dans les facultés mentales de son auteur,à huit heures quarante - cinq,1872-10-02-20-00,,,precedent_context,retentit,la nuit,1872-12-21-22-00,,,precedent_context,noire,1872-10-02-20,1872-12-21-22,temps_different
7937 || 7944 || 7947,5,188,385,"Des articles extrêmement passionnés, mais logiques, parurent sur la question.",Des articles extrêmement passionnés mais logiques,parurent,sur la question,à huit heures quarante - cinq,1872-10-02-20-00,,,precedent_context,retentit,la nuit,1872-12-21-22-00,,,precedent_context,noire,1872-10-02-20,1872-12-21-22,temps_different
7949 || 7950 || 7952,5,188,386,On sait l' intérêt que l' on porte en Angleterre à tout ce qui touche à la géographie.,On,sait,l'intérêt à tout ce,à huit heures quarante - cinq,1872-10-02-20-00,,,precedent_context,retentit,la nuit,1872-12-21-22-00,,,precedent_context,noire,1872-10-02-20,1872-12-21-22,temps_different
7954 || 7956 || 7953,5,188,386,On sait l' intérêt que l' on porte en Angleterre à tout ce qui touche à la géographie.,l',porte,que,à huit heures quarante - cinq,1872-10-02-20-00,,,precedent_context,retentit,la nuit,1872-12-21-22-00,,,precedent_context,noire,1872-10-02-20,1872-12-21-22,temps_different
7954 || 7956 || 7958,5,188,386,On sait l' intérêt que l' on porte en Angleterre à tout ce qui touche à la géographie.,l',porte,en Angleterre,à huit heures quarante - cinq,1872-10-02-20-00,,,precedent_context,retentit,la nuit,1872-12-21-22-00,,,precedent_context,noire,1872-10-02-20,1872-12-21-22,temps_different
7962 || 7963 || 7966,5,188,386,On sait l' intérêt que l' on porte en Angleterre à tout ce qui touche à la géographie.,qui,touche,à la géographie,à huit heures quarante - cinq,1872-10-02-20-00,,,precedent_context,retentit,la nuit,1872-12-21-22-00,,,precedent_context,noire,1872-10-02-20,1872-12-21-22,temps_different
7978 || 7981 || _,5,188,387,"Aussi n' était -il pas un lecteur, à quelque classe qu' il appartînt, qui ne dévorât les colonnes consacrées au cas de Phileas Fogg.",à quelque classe,appartînt,,à huit heures quarante - cinq,1872-10-02-20-00,,,precedent_context,retentit,la nuit,1872-12-21-22-00,,,precedent_context,noire,1872-10-02-20,1872-12-21-22,temps_different
7983 || 7985 || 7987,5,188,387,"Aussi n' était -il pas un lecteur, à quelque classe qu' il appartînt, qui ne dévorât les colonnes consacrées au cas de Phileas Fogg.",qui,dévorât,les colonnes,à huit heures quarante - cinq,1872-10-02-20-00,,,precedent_context,retentit,la nuit,1872-12-21-22-00,,,precedent_context,noire,1872-10-02-20,1872-12-21-22,temps_different
_ || 7988 || 7990,5,188,387,"Aussi n' était -il pas un lecteur, à quelque classe qu' il appartînt, qui ne dévorât les colonnes consacrées au cas de Phileas Fogg.",,consacrées,au cas de Phileas Fogg,à huit heures quarante - cinq,1872-10-02-20-00,,,precedent_context,retentit,la nuit,1872-12-21-22-00,,,precedent_context,noire,1872-10-02-20,1872-12-21-22,temps_different
_ || 8019 || 8021,5,189,388,"Pendant les premiers jours, quelques esprits audacieux- les femmes principalement- furent pour lui, surtout quand l' Illustrated London News eut publié son portrait d' après sa photographie déposée aux archives du Reform - Club.",,publié,son portrait,pendant les premiers jours,1872-10-05-00-00,,,precedent_context,esprits,la nuit,1872-12-21-22-00,,,precedent_context,noire,1872-10-05-00,1872-12-21-22,temps_different
_ || 8019 || 8025,5,189,388,"Pendant les premiers jours, quelques esprits audacieux- les femmes principalement- furent pour lui, surtout quand l' Illustrated London News eut publié son portrait d' après sa photographie déposée aux archives du Reform - Club.",,publié,d'après sa photographie,pendant les premiers jours,1872-10-05-00-00,,,precedent_context,esprits,la nuit,1872-12-21-22-00,,,precedent_context,noire,1872-10-05-00,1872-12-21-22,temps_different
_ || 8026 || 8028,5,189,388,"Pendant les premiers jours, quelques esprits audacieux- les femmes principalement- furent pour lui, surtout quand l' Illustrated London News eut publié son portrait d' après sa photographie déposée aux archives du Reform - Club.",,déposée,aux archives du Reform-Club,pendant les premiers jours,1872-10-05-00-00,,,precedent_context,esprits,la nuit,1872-12-21-22-00,,,precedent_context,noire,1872-10-05-00,1872-12-21-22,temps_different
8035 || 8036 || 8040,5,189,389,"Certains gentlemen osaient dire:« Hé! hé! pourquoi pas, après tout?",Certains gentlemen,osaient,Hé,pendant les premiers jours,1872-10-05-00-00,,,precedent_context,esprits,la nuit,1872-12-21-22-00,,,precedent_context,noire,1872-10-05-00,1872-12-21-22,temps_different
8035 || 8036 || 8048,5,189,389,"Certains gentlemen osaient dire:« Hé! hé! pourquoi pas, après tout?",Certains gentlemen,osaient,après tout,pendant les premiers jours,1872-10-05-00-00,,,precedent_context,esprits,la nuit,1872-12-21-22-00,,,precedent_context,noire,1872-10-05-00,1872-12-21-22,temps_different
8035 || 8037 || _,5,189,389,"Certains gentlemen osaient dire:« Hé! hé! pourquoi pas, après tout?",Certains gentlemen,dire,,pendant les premiers jours,1872-10-05-00-00,,,precedent_context,esprits,la nuit,1872-12-21-22-00,,,precedent_context,noire,1872-10-05-00,1872-12-21-22,temps_different
8050 || 8052 || 8054,5,189,390,On a vu des choses plus extraordinaires!» C' étaient surtout les lecteurs du Daily Telegraph.,On,vu,des choses plus extraordinaires,pendant les premiers jours,1872-10-05-00-00,,,precedent_context,esprits,la nuit,1872-12-21-22-00,,,precedent_context,noire,1872-10-05-00,1872-12-21-22,temps_different
8069 || 8070 || _,5,189,391,Mais on sentit bientôt que ce journal lui-même commençait à faiblir.,on,sentit,,pendant les premiers jours,1872-10-05-00-00,,,precedent_context,esprits,la nuit,1872-12-21-22-00,,,precedent_context,noire,1872-10-05-00,1872-12-21-22,temps_different
8074 || 8076 || _,5,189,391,Mais on sentit bientôt que ce journal lui-même commençait à faiblir.,ce journal lui-même,commençait,,pendant les premiers jours,1872-10-05-00-00,,,precedent_context,esprits,la nuit,1872-12-21-22-00,,,precedent_context,noire,1872-10-05-00,1872-12-21-22,temps_different
8074 || 8078 || _,5,189,391,Mais on sentit bientôt que ce journal lui-même commençait à faiblir.,ce journal lui-même,faiblir,,pendant les premiers jours,1872-10-05-00-00,,,precedent_context,esprits,la nuit,1872-12-21-22-00,,,precedent_context,noire,1872-10-05-00,1872-12-21-22,temps_different
8559 || 8560 || 8545,5,192,410,"Mais cinq jours après son départ, après l' article du Bulletin de la Société de géographie, les offres commencèrent à affluer.",les offres,commencèrent,cinq jours après son départ,cinq jours après son départ,1872-10-07-00-00,,,objet,commencèrent,cinq jours après son départ,1872-10-12-03-00,,,objet,commencèrent,1872-10-07-00,1872-10-12-03,temps_different
8559 || 8560 || 8549,5,192,410,"Mais cinq jours après son départ, après l' article du Bulletin de la Société de géographie, les offres commencèrent à affluer.",les offres,commencèrent,après l'article du Bulletin de la Société de géographie,cinq jours après son départ,1872-10-07-00-00,,,ud_direct,commencèrent,cinq jours après son départ,1872-10-12-03-00,,,ud_direct,commencèrent,1872-10-07-00,1872-10-12-03,temps_different
8559 || 8562 || _,5,192,410,"Mais cinq jours après son départ, après l' article du Bulletin de la Société de géographie, les offres commencèrent à affluer.",les offres,affluer,,cinq jours après son départ,1872-10-07-00-00,,,ud_scope_anchor,commencèrent,cinq jours après son départ,1872-10-12-03-00,,,ud_scope_anchor,commencèrent,1872-10-07-00,1872-10-12-03,temps_different
8565 || 8567 || _,5,192,411,Le Phileas Fogg baissa.,Le Phileas Fogg,baissa,,cinq jours après son départ,1872-10-07-00-00,,,precedent_context,commencèrent,cinq jours après son départ,1872-10-12-03-00,,,precedent_context,commencèrent,1872-10-07-00,1872-10-12-03,temps_different
8569 || 8571 || 8570,5,192,412,On l' offrit par paquets.,On,offrit,l',cinq jours après son départ,1872-10-07-00-00,,,precedent_context,commencèrent,cinq jours après son départ,1872-10-12-03-00,,,precedent_context,commencèrent,1872-10-07-00,1872-10-12-03,temps_different
8569 || 8571 || 8573,5,192,412,On l' offrit par paquets.,On,offrit,par paquets,cinq jours après son départ,1872-10-07-00-00,,,precedent_context,commencèrent,cinq jours après son départ,1872-10-12-03-00,,,precedent_context,commencèrent,1872-10-07-00,1872-10-12-03,temps_different
8585 || 8575 || 8579,5,192,413,"Pris d' abord à cinq, puis à dix, on ne le prit plus qu' à vingt, à cinquante, à cent!",on,Pris,à cinq puis à dix,cinq jours après son départ,1872-10-07-00-00,,,precedent_context,commencèrent,cinq jours après son départ,1872-10-12-03-00,,,precedent_context,commencèrent,1872-10-07-00,1872-10-12-03,temps_different
8585 || 8588 || 8587,5,192,413,"Pris d' abord à cinq, puis à dix, on ne le prit plus qu' à vingt, à cinquante, à cent!",on,prit,le,cinq jours après son départ,1872-10-07-00-00,,,precedent_context,commencèrent,cinq jours après son départ,1872-10-12-03-00,,,precedent_context,commencèrent,1872-10-07-00,1872-10-12-03,temps_different
8602 || 8604 || 8603,5,193,414,Un seul partisan lui resta.,Un seul partisan,resta,lui,cinq jours après son départ,1872-10-07-00-00,,,precedent_context,commencèrent,cinq jours après son départ,1872-10-12-03-00,,,precedent_context,commencèrent,1872-10-07-00,1872-10-12-03,temps_different
_ || 8619 || 8622,5,193,416,"L' honorable gentleman, cloué sur son fauteuil, eût donné sa fortune pour pouvoir faire le tour du monde, même en dix ans! et il paria cinq mille livres( 100 000 F) en faveur de Phileas Fogg.",,cloué,sur son fauteuil,cinq jours après son départ,1872-10-07-00-00,,,precedent_context,commencèrent,cinq jours après son départ,1872-10-12-03-00,,,precedent_context,commencèrent,1872-10-07-00,1872-10-12-03,temps_different
8617 || 8625 || 8627,5,193,416,"L' honorable gentleman, cloué sur son fauteuil, eût donné sa fortune pour pouvoir faire le tour du monde, même en dix ans! et il paria cinq mille livres( 100 000 F) en faveur de Phileas Fogg.",L'honorable gentleman,donné,sa fortune,cinq jours après son départ,1872-10-07-00-00,,,precedent_context,commencèrent,cinq jours après son départ,1872-10-12-03-00,,,precedent_context,commencèrent,1872-10-07-00,1872-10-12-03,temps_different
8617 || 8629 || _,5,193,416,"L' honorable gentleman, cloué sur son fauteuil, eût donné sa fortune pour pouvoir faire le tour du monde, même en dix ans! et il paria cinq mille livres( 100 000 F) en faveur de Phileas Fogg.",L'honorable gentleman,pouvoir,,cinq jours après son départ,1872-10-07-00-00,,,precedent_context,commencèrent,cinq jours après son départ,1872-10-12-03-00,,,precedent_context,commencèrent,1872-10-07-00,1872-10-12-03,temps_different
_ || 8630 || 8632,5,193,416,"L' honorable gentleman, cloué sur son fauteuil, eût donné sa fortune pour pouvoir faire le tour du monde, même en dix ans! et il paria cinq mille livres( 100 000 F) en faveur de Phileas Fogg.",,faire,le tour du monde,en dix ans,,,,ud_direct,faire,en dix ans,1882-10-12-03-00,1872-10-12 03:00,1882-10-12 03:00,ud_direct,faire,,1882-10-12-03,seulement_auto
_ || 8630 || 8639,5,193,416,"L' honorable gentleman, cloué sur son fauteuil, eût donné sa fortune pour pouvoir faire le tour du monde, même en dix ans! et il paria cinq mille livres( 100 000 F) en faveur de Phileas Fogg.",,faire,même en dix ans,en dix ans,,,,objet,faire,en dix ans,1882-10-12-03-00,1872-10-12 03:00,1882-10-12 03:00,objet,faire,,1882-10-12-03,seulement_auto
8642 || 8643 || 8646,5,193,416,"L' honorable gentleman, cloué sur son fauteuil, eût donné sa fortune pour pouvoir faire le tour du monde, même en dix ans! et il paria cinq mille livres( 100 000 F) en faveur de Phileas Fogg.",il,paria,cinq mille livres 100 000 F,cinq jours après son départ,1872-10-07-00-00,,,precedent_context,commencèrent,cinq jours après son départ,1872-10-12-03-00,,,precedent_context,commencèrent,1872-10-07-00,1872-10-12-03,temps_different
8642 || 8643 || 8653,5,193,416,"L' honorable gentleman, cloué sur son fauteuil, eût donné sa fortune pour pouvoir faire le tour du monde, même en dix ans! et il paria cinq mille livres( 100 000 F) en faveur de Phileas Fogg.",il,paria,en faveur de Phileas Fogg,cinq jours après son départ,1872-10-07-00-00,,,precedent_context,commencèrent,cinq jours après son départ,1872-10-12-03-00,,,precedent_context,commencèrent,1872-10-07-00,1872-10-12-03,temps_different
8670 || 8673 || 8663,5,193,417,"Et quand, en même temps que la sottise du projet, on lui en démontrait l' inutilité, il se contentait de répondre:« Si la chose est faisable, il est bon que ce soit un Anglais qui le premier l' ait faite!",on,démontrait,en même temps que la sottise du projet,cinq jours après son départ,1872-10-07-00-00,,,precedent_context,commencèrent,cinq jours après son départ,1872-10-12-03-00,,,precedent_context,commencèrent,1872-10-07-00,1872-10-12-03,temps_different
8670 || 8673 || 8672,5,193,417,"Et quand, en même temps que la sottise du projet, on lui en démontrait l' inutilité, il se contentait de répondre:« Si la chose est faisable, il est bon que ce soit un Anglais qui le premier l' ait faite!",on,démontrait,lui en,cinq jours après son départ,1872-10-07-00-00,,,precedent_context,commencèrent,cinq jours après son départ,1872-10-12-03-00,,,precedent_context,commencèrent,1872-10-07-00,1872-10-12-03,temps_different
8670 || 8673 || 8675,5,193,417,"Et quand, en même temps que la sottise du projet, on lui en démontrait l' inutilité, il se contentait de répondre:« Si la chose est faisable, il est bon que ce soit un Anglais qui le premier l' ait faite!",on,démontrait,l'inutilité,cinq jours après son départ,1872-10-07-00-00,,,precedent_context,commencèrent,cinq jours après son départ,1872-10-12-03-00,,,precedent_context,commencèrent,1872-10-07-00,1872-10-12-03,temps_different
8677 || 8679 || 8678,5,193,417,"Et quand, en même temps que la sottise du projet, on lui en démontrait l' inutilité, il se contentait de répondre:« Si la chose est faisable, il est bon que ce soit un Anglais qui le premier l' ait faite!",il,contentait,se,cinq jours après son départ,1872-10-07-00-00,,,precedent_context,commencèrent,cinq jours après son départ,1872-10-12-03-00,,,precedent_context,commencèrent,1872-10-07-00,1872-10-12-03,temps_different
8677 || 8681 || _,5,193,417,"Et quand, en même temps que la sottise du projet, on lui en démontrait l' inutilité, il se contentait de répondre:« Si la chose est faisable, il est bon que ce soit un Anglais qui le premier l' ait faite!",il,répondre,,cinq jours après son départ,1872-10-07-00-00,,,precedent_context,commencèrent,cinq jours après son départ,1872-10-12-03-00,,,precedent_context,commencèrent,1872-10-07-00,1872-10-12-03,temps_different
8698 || 8703 || 8701,5,193,417,"Et quand, en même temps que la sottise du projet, on lui en démontrait l' inutilité, il se contentait de répondre:« Si la chose est faisable, il est bon que ce soit un Anglais qui le premier l' ait faite!",qui le premier,faite,l',cinq jours après son départ,1872-10-07-00-00,,,precedent_context,commencèrent,cinq jours après son départ,1872-10-12-03-00,,,precedent_context,commencèrent,1872-10-07-00,1872-10-12-03,temps_different
8708 || 8710 || 8709,5,194,419,"Or, on en était là, les partisans de Phileas Fogg se raréfiaient de plus en plus; tout le monde, et non sans raison, se mettait contre lui; on ne le prenait plus qu' à cent cinquante, à deux cents contre un, quand, sept jours après son départ, un incident, complètement inattendu, fit qu' on ne le prit plus du tout.",on,était,en,cinq jours après son départ,1872-10-07-00-00,,,precedent_context,commencèrent,cinq jours après son départ,1872-10-12-03-00,,,precedent_context,commencèrent,1872-10-07-00,1872-10-12-03,temps_different
8708 || 8710 || 8711,5,194,419,"Or, on en était là, les partisans de Phileas Fogg se raréfiaient de plus en plus; tout le monde, et non sans raison, se mettait contre lui; on ne le prenait plus qu' à cent cinquante, à deux cents contre un, quand, sept jours après son départ, un incident, complètement inattendu, fit qu' on ne le prit plus du tout.",on,était,là,cinq jours après son départ,1872-10-07-00-00,,,precedent_context,commencèrent,cinq jours après son départ,1872-10-12-03-00,,,precedent_context,commencèrent,1872-10-07-00,1872-10-12-03,temps_different
8714 || 8719 || 8718,5,194,419,"Or, on en était là, les partisans de Phileas Fogg se raréfiaient de plus en plus; tout le monde, et non sans raison, se mettait contre lui; on ne le prenait plus qu' à cent cinquante, à deux cents contre un, quand, sept jours après son départ, un incident, complètement inattendu, fit qu' on ne le prit plus du tout.",les partisans de Phileas Fogg,raréfiaient,se,cinq jours après son départ,1872-10-07-00-00,,,precedent_context,commencèrent,cinq jours après son départ,1872-10-12-03-00,,,precedent_context,commencèrent,1872-10-07-00,1872-10-12-03,temps_different
_ || 8735 || 8727,5,194,419,"Or, on en était là, les partisans de Phileas Fogg se raréfiaient de plus en plus; tout le monde, et non sans raison, se mettait contre lui; on ne le prenait plus qu' à cent cinquante, à deux cents contre un, quand, sept jours après son départ, un incident, complètement inattendu, fit qu' on ne le prit plus du tout.",,mettait,tout le monde et non sans raison,cinq jours après son départ,1872-10-07-00-00,,,precedent_context,commencèrent,cinq jours après son départ,1872-10-12-03-00,,,precedent_context,commencèrent,1872-10-07-00,1872-10-12-03,temps_different
_ || 8735 || 8734,5,194,419,"Or, on en était là, les partisans de Phileas Fogg se raréfiaient de plus en plus; tout le monde, et non sans raison, se mettait contre lui; on ne le prenait plus qu' à cent cinquante, à deux cents contre un, quand, sept jours après son départ, un incident, complètement inattendu, fit qu' on ne le prit plus du tout.",,mettait,se,cinq jours après son départ,1872-10-07-00-00,,,precedent_context,commencèrent,cinq jours après son départ,1872-10-12-03-00,,,precedent_context,commencèrent,1872-10-07-00,1872-10-12-03,temps_different
_ || 8735 || 8737,5,194,419,"Or, on en était là, les partisans de Phileas Fogg se raréfiaient de plus en plus; tout le monde, et non sans raison, se mettait contre lui; on ne le prenait plus qu' à cent cinquante, à deux cents contre un, quand, sept jours après son départ, un incident, complètement inattendu, fit qu' on ne le prit plus du tout.",,mettait,contre lui,cinq jours après son départ,1872-10-07-00-00,,,precedent_context,commencèrent,cinq jours après son départ,1872-10-12-03-00,,,precedent_context,commencèrent,1872-10-07-00,1872-10-12-03,temps_different
8739 || 8742 || 8741,5,194,419,"Or, on en était là, les partisans de Phileas Fogg se raréfiaient de plus en plus; tout le monde, et non sans raison, se mettait contre lui; on ne le prenait plus qu' à cent cinquante, à deux cents contre un, quand, sept jours après son départ, un incident, complètement inattendu, fit qu' on ne le prit plus du tout.",on,prenait,le,cinq jours après son départ,1872-10-07-00-00,,,precedent_context,commencèrent,cinq jours après son départ,1872-10-12-03-00,,,precedent_context,commencèrent,1872-10-07-00,1872-10-12-03,temps_different
8739 || 8742 || 8747,5,194,419,"Or, on en était là, les partisans de Phileas Fogg se raréfiaient de plus en plus; tout le monde, et non sans raison, se mettait contre lui; on ne le prenait plus qu' à cent cinquante, à deux cents contre un, quand, sept jours après son départ, un incident, complètement inattendu, fit qu' on ne le prit plus du tout.",on,prenait,qu'à cent cinquante,cinq jours après son départ,1872-10-07-00-00,,,precedent_context,commencèrent,cinq jours après son départ,1872-10-12-03-00,,,precedent_context,commencèrent,1872-10-07-00,1872-10-12-03,temps_different
8739 || 8742 || 8751,5,194,419,"Or, on en était là, les partisans de Phileas Fogg se raréfiaient de plus en plus; tout le monde, et non sans raison, se mettait contre lui; on ne le prenait plus qu' à cent cinquante, à deux cents contre un, quand, sept jours après son départ, un incident, complètement inattendu, fit qu' on ne le prit plus du tout.",on,prenait,à deux cents contre un,cinq jours après son départ,1872-10-07-00-00,,,precedent_context,commencèrent,cinq jours après son départ,1872-10-12-03-00,,,precedent_context,commencèrent,1872-10-07-00,1872-10-12-03,temps_different
8764 || 8769 || 8761,5,194,419,"Or, on en était là, les partisans de Phileas Fogg se raréfiaient de plus en plus; tout le monde, et non sans raison, se mettait contre lui; on ne le prenait plus qu' à cent cinquante, à deux cents contre un, quand, sept jours après son départ, un incident, complètement inattendu, fit qu' on ne le prit plus du tout.",un incident complètement inattendu,fit,sept jours après son départ,cinq jours après son départ,1872-10-07-00-00,,,precedent_context,commencèrent,sept jours après,1872-10-19-03-00,,,objet,départ,1872-10-07-00,1872-10-19-03,temps_different
8771 || 8774 || 8773,5,194,419,"Or, on en était là, les partisans de Phileas Fogg se raréfiaient de plus en plus; tout le monde, et non sans raison, se mettait contre lui; on ne le prenait plus qu' à cent cinquante, à deux cents contre un, quand, sept jours après son départ, un incident, complètement inattendu, fit qu' on ne le prit plus du tout.",on,prit,le,cinq jours après son départ,1872-10-07-00-00,,,precedent_context,commencèrent,cinq jours après son départ,1872-10-12-03-00,,,precedent_context,commencèrent,1872-10-07-00,1872-10-12-03,temps_different
8771 || 8774 || 8777,5,194,419,"Or, on en était là, les partisans de Phileas Fogg se raréfiaient de plus en plus; tout le monde, et non sans raison, se mettait contre lui; on ne le prenait plus qu' à cent cinquante, à deux cents contre un, quand, sept jours après son départ, un incident, complètement inattendu, fit qu' on ne le prit plus du tout.",on,prit,du tout,cinq jours après son départ,1872-10-07-00-00,,,precedent_context,commencèrent,cinq jours après son départ,1872-10-12-03-00,,,precedent_context,commencèrent,1872-10-07-00,1872-10-12-03,temps_different
8793 || 8799 || 8780,5,195,420,"En effet, pendant cette journée, à neuf heures du soir, le directeur de la police métropolitaine avait reçu une dépêche télégraphique ainsi conçue:",le directeur de la police métropolitaine,reçu,En effet,à neuf heures du soir,1872-10-09-21-00,,,ud_direct,reçu,à neuf heures du soir,1872-10-19-21-00,,,ud_direct,reçu,1872-10-09-21,1872-10-19-21,temps_different
8793 || 8799 || 8784,5,195,420,"En effet, pendant cette journée, à neuf heures du soir, le directeur de la police métropolitaine avait reçu une dépêche télégraphique ainsi conçue:",le directeur de la police métropolitaine,reçu,pendant cette journée,pendant cette journée,1872-10-09-21-00,,,objet,reçu,pendant cette journée,1872-10-19-03-00,,,objet,reçu,1872-10-09-21,1872-10-19-03,temps_different
8793 || 8799 || 8788,5,195,420,"En effet, pendant cette journée, à neuf heures du soir, le directeur de la police métropolitaine avait reçu une dépêche télégraphique ainsi conçue:",le directeur de la police métropolitaine,reçu,à neuf heures du soir,à neuf heures du soir,1872-10-09-21-00,,,objet,reçu,à neuf heures du soir,1872-10-19-21-00,,,objet,reçu,1872-10-09-21,1872-10-19-21,temps_different
8793 || 8799 || 8801,5,195,420,"En effet, pendant cette journée, à neuf heures du soir, le directeur de la police métropolitaine avait reçu une dépêche télégraphique ainsi conçue:",le directeur de la police métropolitaine,reçu,une dépêche télégraphique,à neuf heures du soir,1872-10-09-21-00,,,ud_direct,reçu,à neuf heures du soir,1872-10-19-21-00,,,ud_direct,reçu,1872-10-09-21,1872-10-19-21,temps_different
_ || 8804 || _,5,195,420,"En effet, pendant cette journée, à neuf heures du soir, le directeur de la police métropolitaine avait reçu une dépêche télégraphique ainsi conçue:",,conçue,,à neuf heures du soir,1872-10-09-21-00,,,ud_scope_anchor,reçu,à neuf heures du soir,1872-10-19-21-00,,,ud_scope_anchor,reçu,1872-10-09-21,1872-10-19-21,temps_different
8824 || 8825 || 8826,5,198,423,"«Je file voleur de Banque, Phileas Fogg.",Je,file,voleur de Banque,à neuf heures du soir,1872-10-09-21-00,,,precedent_context,reçu,à neuf heures du soir,1872-10-19-21-00,,,precedent_context,reçu,1872-10-09-21,1872-10-19-21,temps_different
8824 || 8825 || 8830,5,198,423,"«Je file voleur de Banque, Phileas Fogg.",Je,file,Phileas Fogg,à neuf heures du soir,1872-10-09-21-00,,,precedent_context,reçu,à neuf heures du soir,1872-10-19-21-00,,,precedent_context,reçu,1872-10-09-21,1872-10-19-21,temps_different
_ || 8833 || 8835,5,198,424,Envoyez sans retard mandat d' arrestation à Bombay( Inde anglaise).,,Envoyez,sans retard,à neuf heures du soir,1872-10-09-21-00,,,precedent_context,reçu,à neuf heures du soir,1872-10-19-21-00,,,precedent_context,reçu,1872-10-09-21,1872-10-19-21,temps_different
_ || 8833 || 8836,5,198,424,Envoyez sans retard mandat d' arrestation à Bombay( Inde anglaise).,,Envoyez,mandat d'arrestation,à neuf heures du soir,1872-10-09-21-00,,,precedent_context,reçu,à neuf heures du soir,1872-10-19-21-00,,,precedent_context,reçu,1872-10-09-21,1872-10-19-21,temps_different
_ || 8833 || 8840,5,198,424,Envoyez sans retard mandat d' arrestation à Bombay( Inde anglaise).,,Envoyez,à Bombay Inde anglaise,à neuf heures du soir,1872-10-09-21-00,,,precedent_context,reçu,à neuf heures du soir,1872-10-19-21-00,,,precedent_context,reçu,1872-10-09-21,1872-10-19-21,temps_different
8862 || 8863 || _,5,200,427,L' honorable gentleman disparut pour faire place au voleur de bank - notes.,L'honorable gentleman,disparut,,à neuf heures du soir,1872-10-09-21-00,,,precedent_context,reçu,à neuf heures du soir,1872-10-19-21-00,,,precedent_context,reçu,1872-10-09-21,1872-10-19-21,temps_different
8862 || 8865 || 8866,5,200,427,L' honorable gentleman disparut pour faire place au voleur de bank - notes.,L'honorable gentleman,faire,place,à neuf heures du soir,1872-10-09-21-00,,,precedent_context,reçu,à neuf heures du soir,1872-10-19-21-00,,,precedent_context,reçu,1872-10-09-21,1872-10-19-21,temps_different
8862 || 8865 || 8868,5,200,427,L' honorable gentleman disparut pour faire place au voleur de bank - notes.,L'honorable gentleman,faire,au voleur de bank-notes,à neuf heures du soir,1872-10-09-21-00,,,precedent_context,reçu,à neuf heures du soir,1872-10-19-21-00,,,precedent_context,reçu,1872-10-09-21,1872-10-19-21,temps_different
_ || 8877 || 8879,5,200,428,"Sa photographie, déposée au Reform - Club avec celles de tous ses collègues, fut examinée.",,déposée,au Reform-Club,à neuf heures du soir,1872-10-09-21-00,,,precedent_context,reçu,à neuf heures du soir,1872-10-19-21-00,,,precedent_context,reçu,1872-10-09-21,1872-10-19-21,temps_different
_ || 8877 || 8881,5,200,428,"Sa photographie, déposée au Reform - Club avec celles de tous ses collègues, fut examinée.",,déposée,Reform-Club,à neuf heures du soir,1872-10-09-21-00,,,precedent_context,reçu,à neuf heures du soir,1872-10-19-21-00,,,precedent_context,reçu,1872-10-09-21,1872-10-19-21,temps_different
_ || 8877 || 8883,5,200,428,"Sa photographie, déposée au Reform - Club avec celles de tous ses collègues, fut examinée.",,déposée,avec celles de tous ses collègues,à neuf heures du soir,1872-10-09-21-00,,,precedent_context,reçu,à neuf heures du soir,1872-10-19-21-00,,,precedent_context,reçu,1872-10-09-21,1872-10-19-21,temps_different
8875 || 8890 || _,5,200,428,"Sa photographie, déposée au Reform - Club avec celles de tous ses collègues, fut examinée.",Sa photographie,examinée,,à neuf heures du soir,1872-10-09-21-00,,,precedent_context,reçu,à neuf heures du soir,1872-10-19-21-00,,,precedent_context,reçu,1872-10-09-21,1872-10-19-21,temps_different
8892 || 8893 || 8894,5,200,429,Elle reproduisait trait pour trait l' homme dont le signalement avait été fourni par l' enquête.,Elle,reproduisait,trait pour trait,à neuf heures du soir,1872-10-09-21-00,,,precedent_context,reçu,à neuf heures du soir,1872-10-19-21-00,,,precedent_context,reçu,1872-10-09-21,1872-10-19-21,temps_different
8892 || 8893 || 8898,5,200,429,Elle reproduisait trait pour trait l' homme dont le signalement avait été fourni par l' enquête.,Elle,reproduisait,l'homme,à neuf heures du soir,1872-10-09-21-00,,,precedent_context,reçu,à neuf heures du soir,1872-10-19-21-00,,,precedent_context,reçu,1872-10-09-21,1872-10-19-21,temps_different
8901 || 8904 || 8907,5,200,429,Elle reproduisait trait pour trait l' homme dont le signalement avait été fourni par l' enquête.,dont le signalement,fourni,par l'enquête,à neuf heures du soir,1872-10-09-21-00,,,precedent_context,reçu,à neuf heures du soir,1872-10-19-21-00,,,precedent_context,reçu,1872-10-09-21,1872-10-19-21,temps_different
8909 || 8910 || 8911,5,200,430,"On rappela ce que l' existence de Phileas Fogg avait de mystérieux, son isolement, son départ subit, et il parut évident que ce personnage, prétextant un voyage autour du monde et l' appuyant sur un pari insensé, n' avait eu d' autre but que de dépister les agents de la police anglaise.",On,rappela,ce,à neuf heures du soir,1872-10-09-21-00,,,precedent_context,reçu,à neuf heures du soir,1872-10-19-21-00,,,precedent_context,reçu,1872-10-09-21,1872-10-19-21,temps_different
8909 || 8910 || 8923,5,200,430,"On rappela ce que l' existence de Phileas Fogg avait de mystérieux, son isolement, son départ subit, et il parut évident que ce personnage, prétextant un voyage autour du monde et l' appuyant sur un pari insensé, n' avait eu d' autre but que de dépister les agents de la police anglaise.",On,rappela,son isolement son départ,à neuf heures du soir,1872-10-09-21-00,,,precedent_context,reçu,à neuf heures du soir,1872-10-19-21-00,,,precedent_context,reçu,1872-10-09-21,1872-10-19-21,temps_different
8914 || 8918 || 8912,5,200,430,"On rappela ce que l' existence de Phileas Fogg avait de mystérieux, son isolement, son départ subit, et il parut évident que ce personnage, prétextant un voyage autour du monde et l' appuyant sur un pari insensé, n' avait eu d' autre but que de dépister les agents de la police anglaise.",l'existence de Phileas Fogg,avait,que,à neuf heures du soir,1872-10-09-21-00,,,precedent_context,reçu,à neuf heures du soir,1872-10-19-21-00,,,precedent_context,reçu,1872-10-09-21,1872-10-19-21,temps_different
_ || 8927 || _,5,200,430,"On rappela ce que l' existence de Phileas Fogg avait de mystérieux, son isolement, son départ subit, et il parut évident que ce personnage, prétextant un voyage autour du monde et l' appuyant sur un pari insensé, n' avait eu d' autre but que de dépister les agents de la police anglaise.",,subit,,à neuf heures du soir,1872-10-09-21-00,,,precedent_context,reçu,à neuf heures du soir,1872-10-19-21-00,,,precedent_context,reçu,1872-10-09-21,1872-10-19-21,temps_different
8909 || 8931 || _,5,200,430,"On rappela ce que l' existence de Phileas Fogg avait de mystérieux, son isolement, son départ subit, et il parut évident que ce personnage, prétextant un voyage autour du monde et l' appuyant sur un pari insensé, n' avait eu d' autre but que de dépister les agents de la police anglaise.",On,parut,,à neuf heures du soir,1872-10-09-21-00,,,precedent_context,reçu,à neuf heures du soir,1872-10-19-21-00,,,precedent_context,reçu,1872-10-09-21,1872-10-19-21,temps_different
_ || 8937 || 8939,5,200,430,"On rappela ce que l' existence de Phileas Fogg avait de mystérieux, son isolement, son départ subit, et il parut évident que ce personnage, prétextant un voyage autour du monde et l' appuyant sur un pari insensé, n' avait eu d' autre but que de dépister les agents de la police anglaise.",,prétextant,un voyage,à neuf heures du soir,1872-10-09-21-00,,,precedent_context,reçu,à neuf heures du soir,1872-10-19-21-00,,,precedent_context,reçu,1872-10-09-21,1872-10-19-21,temps_different
_ || 8945 || 8944,5,200,430,"On rappela ce que l' existence de Phileas Fogg avait de mystérieux, son isolement, son départ subit, et il parut évident que ce personnage, prétextant un voyage autour du monde et l' appuyant sur un pari insensé, n' avait eu d' autre but que de dépister les agents de la police anglaise.",,appuyant,l',à neuf heures du soir,1872-10-09-21-00,,,precedent_context,reçu,à neuf heures du soir,1872-10-19-21-00,,,precedent_context,reçu,1872-10-09-21,1872-10-19-21,temps_different
_ || 8945 || 8948,5,200,430,"On rappela ce que l' existence de Phileas Fogg avait de mystérieux, son isolement, son départ subit, et il parut évident que ce personnage, prétextant un voyage autour du monde et l' appuyant sur un pari insensé, n' avait eu d' autre but que de dépister les agents de la police anglaise.",,appuyant,sur un pari insensé,à neuf heures du soir,1872-10-09-21-00,,,precedent_context,reçu,à neuf heures du soir,1872-10-19-21-00,,,precedent_context,reçu,1872-10-09-21,1872-10-19-21,temps_different
8935 || 8953 || 8956,5,200,430,"On rappela ce que l' existence de Phileas Fogg avait de mystérieux, son isolement, son départ subit, et il parut évident que ce personnage, prétextant un voyage autour du monde et l' appuyant sur un pari insensé, n' avait eu d' autre but que de dépister les agents de la police anglaise.",ce personnage,eu,d'autre but,à neuf heures du soir,1872-10-09-21-00,,,precedent_context,reçu,à neuf heures du soir,1872-10-19-21-00,,,precedent_context,reçu,1872-10-09-21,1872-10-19-21,temps_different
_ || 8959 || 8961,5,200,430,"On rappela ce que l' existence de Phileas Fogg avait de mystérieux, son isolement, son départ subit, et il parut évident que ce personnage, prétextant un voyage autour du monde et l' appuyant sur un pari insensé, n' avait eu d' autre but que de dépister les agents de la police anglaise.",,dépister,les agents de la police anglaise,à neuf heures du soir,1872-10-09-21-00,,,precedent_context,reçu,à neuf heures du soir,1872-10-19-21-00,,,precedent_context,reçu,1872-10-09-21,1872-10-19-21,temps_different
