triplet_id,chapter,Num_paragr,Num_phrase,Sentence_index,Phrase,Sujet,Verbe,Objet,Lemme_verbe,personnages_triptyque,lieux_triptyque,types_lieux_triptyque,time_texte_phrase,time_code_phrase,date_jour_phrase,jour_romanesque_phrase,time_texte_precedent,time_code_precedent,date_jour_precedent,jour_romanesque_precedent,time_texte_auto,time_code_auto,date_jour_auto,jour_romanesque_auto,source_temps_auto,lieux_labels,a_personnage,a_lieu,deplacement
0,1,0,0,1,"En l' année 1872, la maison portant le numéro 7 de Saville - row, Burlington Gardens- maison dans laquelle Sheridan mourut en 1814-, était habitée par Phileas Fogg, esq., l' un des membres les plus singuliers et les plus remarqués du Reform - Club de Londres, bien qu' il semblât prendre à tâche de ne rien faire qui pût attirer l' attention.",,portant,le numéro 7 de Saville-row Burlington Gardens-maison,porter,[],"['5', '10']",['FAC'],l' année 1872,1872-00-00-00,,,l' année 1872,1872-00-00-00,,,l' année 1872,1872-00-00-00,,,phrase,"['maison_fogg', 'rue_fogg']",False,True,False
1,1,0,0,1,"En l' année 1872, la maison portant le numéro 7 de Saville - row, Burlington Gardens- maison dans laquelle Sheridan mourut en 1814-, était habitée par Phileas Fogg, esq., l' un des membres les plus singuliers et les plus remarqués du Reform - Club de Londres, bien qu' il semblât prendre à tâche de ne rien faire qui pût attirer l' attention.",Sheridan,mourut,en 1814,mourir,[],[],[],en 1814,1814-00-00-00,,,l' année 1872,1872-00-00-00,,,en 1814,1814-00-00-00,,,phrase,[],False,False,False
2,1,0,0,1,"En l' année 1872, la maison portant le numéro 7 de Saville - row, Burlington Gardens- maison dans laquelle Sheridan mourut en 1814-, était habitée par Phileas Fogg, esq., l' un des membres les plus singuliers et les plus remarqués du Reform - Club de Londres, bien qu' il semblât prendre à tâche de ne rien faire qui pût attirer l' attention.",la maison,habitée,En l'année 1872,habiter,[],['5'],['FAC'],l' année 1872,1872-00-00-00,,,l' année 1872,1872-00-00-00,,,l' année 1872,1872-00-00-00,,,phrase,['maison_fogg'],False,True,False
3,1,0,0,1,"En l' année 1872, la maison portant le numéro 7 de Saville - row, Burlington Gardens- maison dans laquelle Sheridan mourut en 1814-, était habitée par Phileas Fogg, esq., l' un des membres les plus singuliers et les plus remarqués du Reform - Club de Londres, bien qu' il semblât prendre à tâche de ne rien faire qui pût attirer l' attention.",la maison,habitée,par Phileas Fogg esq.,habiter,['0'],['5'],['FAC'],l' année 1872,1872-00-00-00,,,l' année 1872,1872-00-00-00,,,l' année 1872,1872-00-00-00,,,phrase,['maison_fogg'],True,True,True
4,1,0,0,1,"En l' année 1872, la maison portant le numéro 7 de Saville - row, Burlington Gardens- maison dans laquelle Sheridan mourut en 1814-, était habitée par Phileas Fogg, esq., l' un des membres les plus singuliers et les plus remarqués du Reform - Club de Londres, bien qu' il semblât prendre à tâche de ne rien faire qui pût attirer l' attention.",la maison,habitée,l'un des membres les plus singuliers et les plus remarqués du Reform-Club de Londres,habiter,['0'],"['5', '3']",['FAC'],l' année 1872,1872-00-00-00,,,l' année 1872,1872-00-00-00,,,l' année 1872,1872-00-00-00,,,phrase,"['maison_fogg', 'reform_club']",True,True,True
5,1,0,0,1,"En l' année 1872, la maison portant le numéro 7 de Saville - row, Burlington Gardens- maison dans laquelle Sheridan mourut en 1814-, était habitée par Phileas Fogg, esq., l' un des membres les plus singuliers et les plus remarqués du Reform - Club de Londres, bien qu' il semblât prendre à tâche de ne rien faire qui pût attirer l' attention.",la maison,semblât,,sembler,[],['5'],['FAC'],l' année 1872,1872-00-00-00,,,l' année 1872,1872-00-00-00,,,l' année 1872,1872-00-00-00,,,phrase,['maison_fogg'],False,True,False
6,1,0,0,1,"En l' année 1872, la maison portant le numéro 7 de Saville - row, Burlington Gardens- maison dans laquelle Sheridan mourut en 1814-, était habitée par Phileas Fogg, esq., l' un des membres les plus singuliers et les plus remarqués du Reform - Club de Londres, bien qu' il semblât prendre à tâche de ne rien faire qui pût attirer l' attention.",,prendre,à tâche,prendre,[],[],[],l' année 1872,1872-00-00-00,,,l' année 1872,1872-00-00-00,,,l' année 1872,1872-00-00-00,,,phrase,[],False,False,False
7,1,0,0,1,"En l' année 1872, la maison portant le numéro 7 de Saville - row, Burlington Gardens- maison dans laquelle Sheridan mourut en 1814-, était habitée par Phileas Fogg, esq., l' un des membres les plus singuliers et les plus remarqués du Reform - Club de Londres, bien qu' il semblât prendre à tâche de ne rien faire qui pût attirer l' attention.",,faire,,faire,[],[],[],l' année 1872,1872-00-00-00,,,l' année 1872,1872-00-00-00,,,l' année 1872,1872-00-00-00,,,phrase,[],False,False,False
8,1,0,0,1,"En l' année 1872, la maison portant le numéro 7 de Saville - row, Burlington Gardens- maison dans laquelle Sheridan mourut en 1814-, était habitée par Phileas Fogg, esq., l' un des membres les plus singuliers et les plus remarqués du Reform - Club de Londres, bien qu' il semblât prendre à tâche de ne rien faire qui pût attirer l' attention.",qui,pût,,pouvoir,[],[],[],l' année 1872,1872-00-00-00,,,l' année 1872,1872-00-00-00,,,l' année 1872,1872-00-00-00,,,phrase,[],False,False,False
9,1,0,0,1,"En l' année 1872, la maison portant le numéro 7 de Saville - row, Burlington Gardens- maison dans laquelle Sheridan mourut en 1814-, était habitée par Phileas Fogg, esq., l' un des membres les plus singuliers et les plus remarqués du Reform - Club de Londres, bien qu' il semblât prendre à tâche de ne rien faire qui pût attirer l' attention.",qui,attirer,l'attention,attirer,[],[],[],l' année 1872,1872-00-00-00,,,l' année 1872,1872-00-00-00,,,l' année 1872,1872-00-00-00,,,phrase,[],False,False,False
10,1,1,1,2,"À l' un des plus grands orateurs qui honorent l' Angleterre, succédait donc ce Phileas Fogg, personnage énigmatique, dont on ne savait rien, sinon que c' était un fort galant homme et l' un des plus beaux gentlemen de la haute société anglaise.",qui,honorent,l'Angleterre,honorer,[],[],[],,,,,l' année 1872,1872-00-00-00,,,l' année 1872,1872-00-00-00,,,precedent,[],False,False,False
11,1,1,1,2,"À l' un des plus grands orateurs qui honorent l' Angleterre, succédait donc ce Phileas Fogg, personnage énigmatique, dont on ne savait rien, sinon que c' était un fort galant homme et l' un des plus beaux gentlemen de la haute société anglaise.",,succédait,À l'un des plus grands orateurs,succéder,[],[],[],,,,,l' année 1872,1872-00-00-00,,,l' année 1872,1872-00-00-00,,,precedent,[],False,False,False
12,1,1,1,2,"À l' un des plus grands orateurs qui honorent l' Angleterre, succédait donc ce Phileas Fogg, personnage énigmatique, dont on ne savait rien, sinon que c' était un fort galant homme et l' un des plus beaux gentlemen de la haute société anglaise.",,succédait,ce Phileas Fogg personnage énigmatique sinon que c'était un fort galant homme et l'un des plus beaux gentlemen de la haute société anglaise,succéder,['0'],[],[],,,,,l' année 1872,1872-00-00-00,,,l' année 1872,1872-00-00-00,,,precedent,[],True,False,False
13,1,1,1,2,"À l' un des plus grands orateurs qui honorent l' Angleterre, succédait donc ce Phileas Fogg, personnage énigmatique, dont on ne savait rien, sinon que c' était un fort galant homme et l' un des plus beaux gentlemen de la haute société anglaise.",on,savait,rien,savoir,[],[],[],,,,,l' année 1872,1872-00-00-00,,,l' année 1872,1872-00-00-00,,,precedent,[],False,False,False
14,1,2,2,3,"On disait qu' il ressemblait à Byron - par la tête, car il était irréprochable quant aux pieds -, mais un Byron à moustaches et à favoris, un Byron impassible, qui aurait vécu mille ans sans vieillir.",On,disait,,dire,[],[],[],,,,,l' année 1872,1872-00-00-00,,,l' année 1872,1872-00-00-00,,,precedent,[],False,False,False
15,1,2,2,3,"On disait qu' il ressemblait à Byron - par la tête, car il était irréprochable quant aux pieds -, mais un Byron à moustaches et à favoris, un Byron impassible, qui aurait vécu mille ans sans vieillir.",il,ressemblait,à Byron,ressembler,['0'],[],[],,,,,l' année 1872,1872-00-00-00,,,l' année 1872,1872-00-00-00,,,precedent,[],True,False,False
16,1,2,2,3,"On disait qu' il ressemblait à Byron - par la tête, car il était irréprochable quant aux pieds -, mais un Byron à moustaches et à favoris, un Byron impassible, qui aurait vécu mille ans sans vieillir.",il,ressemblait,Byron-par,ressembler,['0'],[],[],,,,,l' année 1872,1872-00-00-00,,,l' année 1872,1872-00-00-00,,,precedent,[],True,False,False
17,1,2,2,3,"On disait qu' il ressemblait à Byron - par la tête, car il était irréprochable quant aux pieds -, mais un Byron à moustaches et à favoris, un Byron impassible, qui aurait vécu mille ans sans vieillir.",il,ressemblait,Byron-par la tête,ressembler,['0'],[],[],,,,,l' année 1872,1872-00-00-00,,,l' année 1872,1872-00-00-00,,,precedent,[],True,False,False
18,1,2,2,3,"On disait qu' il ressemblait à Byron - par la tête, car il était irréprochable quant aux pieds -, mais un Byron à moustaches et à favoris, un Byron impassible, qui aurait vécu mille ans sans vieillir.",il,ressemblait,quant aux pieds,ressembler,['0'],[],[],,,,,l' année 1872,1872-00-00-00,,,l' année 1872,1872-00-00-00,,,precedent,[],True,False,False
19,1,2,2,3,"On disait qu' il ressemblait à Byron - par la tête, car il était irréprochable quant aux pieds -, mais un Byron à moustaches et à favoris, un Byron impassible, qui aurait vécu mille ans sans vieillir.",il,ressemblait,"pieds-,",ressembler,['0'],[],[],,,,,l' année 1872,1872-00-00-00,,,l' année 1872,1872-00-00-00,,,precedent,[],True,False,False
20,1,2,2,3,"On disait qu' il ressemblait à Byron - par la tête, car il était irréprochable quant aux pieds -, mais un Byron à moustaches et à favoris, un Byron impassible, qui aurait vécu mille ans sans vieillir.",qui,vécu,mille ans,vivre,[],[],[],,,,,l' année 1872,1872-00-00-00,,,l' année 1872,1872-00-00-00,,,precedent,[],False,False,False
21,1,2,2,3,"On disait qu' il ressemblait à Byron - par la tête, car il était irréprochable quant aux pieds -, mais un Byron à moustaches et à favoris, un Byron impassible, qui aurait vécu mille ans sans vieillir.",qui,vieillir,,vieillir,[],[],[],,,,,l' année 1872,1872-00-00-00,,,l' année 1872,1872-00-00-00,,,precedent,[],False,False,False
22,1,3,3,4,"Anglais, à coup sûr, Phileas Fogg n' était peut-être pas Londonner.",Phileas Fogg,Londonner,,londonner,['0'],[],[],,,,,l' année 1872,1872-00-00-00,,,l' année 1872,1872-00-00-00,,,precedent,[],True,False,False
23,1,3,4,5,"On ne l' avait jamais vu ni à la Bourse, ni à la Banque, ni dans aucun des comptoirs de la Cité.",On,vu,l',voir,['0'],[],[],,,,,l' année 1872,1872-00-00-00,,,l' année 1872,1872-00-00-00,,,precedent,[],True,False,False
24,1,3,5,6,Ni les bassins ni les docks de Londres n' avaient jamais reçu un navire ayant pour armateur Phileas Fogg.,les bassins ni les docks de Londres,reçu,un navire,recevoir,[],[],[],,,,,l' année 1872,1872-00-00-00,,,l' année 1872,1872-00-00-00,,,precedent,[],False,False,False
25,1,3,5,6,Ni les bassins ni les docks de Londres n' avaient jamais reçu un navire ayant pour armateur Phileas Fogg.,,ayant,Phileas Fogg,avoir,['0'],[],[],,,,,l' année 1872,1872-00-00-00,,,l' année 1872,1872-00-00-00,,,precedent,[],True,False,False
26,1,3,6,7,Ce gentleman ne figurait dans aucun comité d' administration.,Ce gentleman,figurait,dans aucun comité d'administration,figurer,['0'],[],[],,,,,l' année 1872,1872-00-00-00,,,l' année 1872,1872-00-00-00,,,precedent,[],True,False,False
27,1,3,7,8,"Son nom n' avait jamais retenti dans un collège d' avocats, ni au Temple, ni à Lincoln' s - inn, ni à Gray' s - inn.",Son nom,retenti,dans un collège d'avocats ni au Temple ni à Lincoln's-inn ni à Gray's-inn,retentir,['0'],[],[],,,,,l' année 1872,1872-00-00-00,,,l' année 1872,1872-00-00-00,,,precedent,[],True,False,False
28,1,3,8,9,"Jamais il ne plaida ni à la Cour du chancelier, ni au Banc de la Reine, ni à l' Échiquier, ni en Cour ecclésiastique.",il,plaida,ni à la Cour du chancelier ni au Banc de la Reine ni à l'Échiquier ni en Cour ecclésiastique,plaider,['0'],[],[],,,,,l' année 1872,1872-00-00-00,,,l' année 1872,1872-00-00-00,,,precedent,[],True,False,False
29,1,3,10,11,"Il ne faisait partie ni de l' Institution royale de la Grande-Bretagne, ni de l' Institution de Londres, ni de l' Institution des Artisans, ni de l' Institution Russell, ni de l' Institution littéraire de l' Ouest, ni de l' Institution du Droit, ni de cette Institution des Arts et des Sciences réunis, qui est placée sous le patronage direct de Sa Gracieuse Majesté.",Il,faisait,partie,faire,['0'],[],[],,,,,l' année 1872,1872-00-00-00,,,l' année 1872,1872-00-00-00,,,precedent,[],True,False,False
30,1,3,10,11,"Il ne faisait partie ni de l' Institution royale de la Grande-Bretagne, ni de l' Institution de Londres, ni de l' Institution des Artisans, ni de l' Institution Russell, ni de l' Institution littéraire de l' Ouest, ni de l' Institution du Droit, ni de cette Institution des Arts et des Sciences réunis, qui est placée sous le patronage direct de Sa Gracieuse Majesté.",,réunis,,réunir,[],[],[],,,,,l' année 1872,1872-00-00-00,,,l' année 1872,1872-00-00-00,,,precedent,[],False,False,False
31,1,3,10,11,"Il ne faisait partie ni de l' Institution royale de la Grande-Bretagne, ni de l' Institution de Londres, ni de l' Institution des Artisans, ni de l' Institution Russell, ni de l' Institution littéraire de l' Ouest, ni de l' Institution du Droit, ni de cette Institution des Arts et des Sciences réunis, qui est placée sous le patronage direct de Sa Gracieuse Majesté.",qui,placée,sous le patronage direct de Sa Gracieuse Majesté,placer,[],[],[],,,,,l' année 1872,1872-00-00-00,,,l' année 1872,1872-00-00-00,,,precedent,[],False,False,False
32,1,3,11,12,"Il n' appartenait enfin à aucune des nombreuses sociétés qui pullulent dans la capitale de l' Angleterre, depuis la Société de l' Armonica jusqu' à la Société entomologique, fondée principalement dans le but de détruire les insectes nuisibles.",,appartenait,à aucune des nombreuses sociétés,appartenir,[],[],[],,,,,l' année 1872,1872-00-00-00,,,l' année 1872,1872-00-00-00,,,precedent,[],False,False,False
33,1,3,11,12,"Il n' appartenait enfin à aucune des nombreuses sociétés qui pullulent dans la capitale de l' Angleterre, depuis la Société de l' Armonica jusqu' à la Société entomologique, fondée principalement dans le but de détruire les insectes nuisibles.",qui,pullulent,dans la capitale de l'Angleterre,pulluler,[],[],[],,,,,l' année 1872,1872-00-00-00,,,l' année 1872,1872-00-00-00,,,precedent,[],False,False,False
34,1,3,11,12,"Il n' appartenait enfin à aucune des nombreuses sociétés qui pullulent dans la capitale de l' Angleterre, depuis la Société de l' Armonica jusqu' à la Société entomologique, fondée principalement dans le but de détruire les insectes nuisibles.",qui,pullulent,depuis la Société de l'Armonica jusqu'à la Société entomologique,pulluler,[],[],[],,,,,l' année 1872,1872-00-00-00,,,l' année 1872,1872-00-00-00,,,precedent,[],False,False,False
35,1,3,11,12,"Il n' appartenait enfin à aucune des nombreuses sociétés qui pullulent dans la capitale de l' Angleterre, depuis la Société de l' Armonica jusqu' à la Société entomologique, fondée principalement dans le but de détruire les insectes nuisibles.",,fondée,dans le but,fonder,[],[],[],,,,,l' année 1872,1872-00-00-00,,,l' année 1872,1872-00-00-00,,,precedent,[],False,False,False
36,1,3,11,12,"Il n' appartenait enfin à aucune des nombreuses sociétés qui pullulent dans la capitale de l' Angleterre, depuis la Société de l' Armonica jusqu' à la Société entomologique, fondée principalement dans le but de détruire les insectes nuisibles.",,détruire,les insectes nuisibles,détruire,[],[],[],,,,,l' année 1872,1872-00-00-00,,,l' année 1872,1872-00-00-00,,,precedent,[],False,False,False
37,1,4,12,13,"Phileas Fogg était membre du Reform - Club, et voilà tout.",Phileas Fogg,voilà,,voilà,['0'],[],[],,,,,l' année 1872,1872-00-00-00,,,l' année 1872,1872-00-00-00,,,precedent,[],True,False,False
38,1,5,13,14,"À qui s' étonnerait de ce qu' un gentleman aussi mystérieux comptât parmi les membres de cette honorable association, on répondra qu' il passa sur la recommandation de MM. Baring frères, chez lesquels il avait un crédit ouvert.",on,étonnerait,À qui,étonner,[],[],[],,,,,l' année 1872,1872-00-00-00,,,l' année 1872,1872-00-00-00,,,precedent,[],False,False,False
39,1,5,13,14,"À qui s' étonnerait de ce qu' un gentleman aussi mystérieux comptât parmi les membres de cette honorable association, on répondra qu' il passa sur la recommandation de MM. Baring frères, chez lesquels il avait un crédit ouvert.",on,étonnerait,s',étonner,[],[],[],,,,,l' année 1872,1872-00-00-00,,,l' année 1872,1872-00-00-00,,,precedent,[],False,False,False
40,1,5,13,14,"À qui s' étonnerait de ce qu' un gentleman aussi mystérieux comptât parmi les membres de cette honorable association, on répondra qu' il passa sur la recommandation de MM. Baring frères, chez lesquels il avait un crédit ouvert.",on,étonnerait,de ce,étonner,[],[],[],,,,,l' année 1872,1872-00-00-00,,,l' année 1872,1872-00-00-00,,,precedent,[],False,False,False
41,1,5,13,14,"À qui s' étonnerait de ce qu' un gentleman aussi mystérieux comptât parmi les membres de cette honorable association, on répondra qu' il passa sur la recommandation de MM. Baring frères, chez lesquels il avait un crédit ouvert.",un gentleman aussi mystérieux,comptât,parmi les membres de cette honorable association,compter,['0'],['3'],['FAC'],,,,,l' année 1872,1872-00-00-00,,,l' année 1872,1872-00-00-00,,,precedent,['reform_club'],True,True,True
42,1,5,13,14,"À qui s' étonnerait de ce qu' un gentleman aussi mystérieux comptât parmi les membres de cette honorable association, on répondra qu' il passa sur la recommandation de MM. Baring frères, chez lesquels il avait un crédit ouvert.",on,répondra,,répondre,[],[],[],,,,,l' année 1872,1872-00-00-00,,,l' année 1872,1872-00-00-00,,,precedent,[],False,False,False
43,1,5,13,14,"À qui s' étonnerait de ce qu' un gentleman aussi mystérieux comptât parmi les membres de cette honorable association, on répondra qu' il passa sur la recommandation de MM. Baring frères, chez lesquels il avait un crédit ouvert.",il,passa,sur la recommandation de MM. Baring frères,passer,"['0', '46']",[],[],,,,,l' année 1872,1872-00-00-00,,,l' année 1872,1872-00-00-00,,,precedent,[],True,False,False
44,1,5,13,14,"À qui s' étonnerait de ce qu' un gentleman aussi mystérieux comptât parmi les membres de cette honorable association, on répondra qu' il passa sur la recommandation de MM. Baring frères, chez lesquels il avait un crédit ouvert.",il,avait,chez lesquels,avoir,"['0', '46']",[],[],,,,,l' année 1872,1872-00-00-00,,,l' année 1872,1872-00-00-00,,,precedent,[],True,False,False
45,1,5,13,14,"À qui s' étonnerait de ce qu' un gentleman aussi mystérieux comptât parmi les membres de cette honorable association, on répondra qu' il passa sur la recommandation de MM. Baring frères, chez lesquels il avait un crédit ouvert.",il,avait,un crédit ouvert,avoir,['0'],[],[],,,,,l' année 1872,1872-00-00-00,,,l' année 1872,1872-00-00-00,,,precedent,[],True,False,False
46,1,5,14,15,"De là une certaine« surface», due à ce que ses chèques étaient régulièrement payés à vue par le débit de son compte courant invariablement créditeur.",ses chèques,payés,à vue,payer,['0'],[],[],,,,,l' année 1872,1872-00-00-00,,,l' année 1872,1872-00-00-00,,,precedent,[],True,False,False
47,1,5,14,15,"De là une certaine« surface», due à ce que ses chèques étaient régulièrement payés à vue par le débit de son compte courant invariablement créditeur.",ses chèques,payés,par le débit de son compte courant invariablement créditeur,payer,['0'],[],[],,,,,l' année 1872,1872-00-00-00,,,l' année 1872,1872-00-00-00,,,precedent,[],True,False,False
48,1,6,17,18,"Mais comment il avait fait fortune, c' est ce que les mieux informés ne pouvaient dire, et Mr. Fogg était le dernier auquel il convînt de s' adresser pour l' apprendre. En tout cas, il n' était prodigue de rien, mais non avare, car partout où il manquait un appoint pour une chose noble, utile ou généreuse, il l' apportait silencieusement et même anonymement.",il,fait,fortune,faire,['0'],[],[],,,,,l' année 1872,1872-00-00-00,,,l' année 1872,1872-00-00-00,,,precedent,[],True,False,False
49,1,6,17,18,"Mais comment il avait fait fortune, c' est ce que les mieux informés ne pouvaient dire, et Mr. Fogg était le dernier auquel il convînt de s' adresser pour l' apprendre. En tout cas, il n' était prodigue de rien, mais non avare, car partout où il manquait un appoint pour une chose noble, utile ou généreuse, il l' apportait silencieusement et même anonymement.",il,fait,En tout cas,faire,['0'],[],[],,,,,l' année 1872,1872-00-00-00,,,l' année 1872,1872-00-00-00,,,precedent,[],True,False,False
50,1,6,17,18,"Mais comment il avait fait fortune, c' est ce que les mieux informés ne pouvaient dire, et Mr. Fogg était le dernier auquel il convînt de s' adresser pour l' apprendre. En tout cas, il n' était prodigue de rien, mais non avare, car partout où il manquait un appoint pour une chose noble, utile ou généreuse, il l' apportait silencieusement et même anonymement.",il,fait,de rien,faire,['0'],[],[],,,,,l' année 1872,1872-00-00-00,,,l' année 1872,1872-00-00-00,,,precedent,[],True,False,False
51,1,6,17,18,"Mais comment il avait fait fortune, c' est ce que les mieux informés ne pouvaient dire, et Mr. Fogg était le dernier auquel il convînt de s' adresser pour l' apprendre. En tout cas, il n' était prodigue de rien, mais non avare, car partout où il manquait un appoint pour une chose noble, utile ou généreuse, il l' apportait silencieusement et même anonymement.",,pouvaient,,pouvoir,[],[],[],,,,,l' année 1872,1872-00-00-00,,,l' année 1872,1872-00-00-00,,,precedent,[],False,False,False
52,1,6,17,18,"Mais comment il avait fait fortune, c' est ce que les mieux informés ne pouvaient dire, et Mr. Fogg était le dernier auquel il convînt de s' adresser pour l' apprendre. En tout cas, il n' était prodigue de rien, mais non avare, car partout où il manquait un appoint pour une chose noble, utile ou généreuse, il l' apportait silencieusement et même anonymement.",,dire,,dire,[],[],[],,,,,l' année 1872,1872-00-00-00,,,l' année 1872,1872-00-00-00,,,precedent,[],False,False,False
53,1,6,17,18,"Mais comment il avait fait fortune, c' est ce que les mieux informés ne pouvaient dire, et Mr. Fogg était le dernier auquel il convînt de s' adresser pour l' apprendre. En tout cas, il n' était prodigue de rien, mais non avare, car partout où il manquait un appoint pour une chose noble, utile ou généreuse, il l' apportait silencieusement et même anonymement.",il,convînt,,convenir,[],[],[],,,,,l' année 1872,1872-00-00-00,,,l' année 1872,1872-00-00-00,,,precedent,[],False,False,False
54,1,6,17,18,"Mais comment il avait fait fortune, c' est ce que les mieux informés ne pouvaient dire, et Mr. Fogg était le dernier auquel il convînt de s' adresser pour l' apprendre. En tout cas, il n' était prodigue de rien, mais non avare, car partout où il manquait un appoint pour une chose noble, utile ou généreuse, il l' apportait silencieusement et même anonymement.",il,adresser,s',adresser,[],[],[],,,,,l' année 1872,1872-00-00-00,,,l' année 1872,1872-00-00-00,,,precedent,[],False,False,False
55,1,6,17,18,"Mais comment il avait fait fortune, c' est ce que les mieux informés ne pouvaient dire, et Mr. Fogg était le dernier auquel il convînt de s' adresser pour l' apprendre. En tout cas, il n' était prodigue de rien, mais non avare, car partout où il manquait un appoint pour une chose noble, utile ou généreuse, il l' apportait silencieusement et même anonymement.",il,apprendre,l',apprendre,[],[],[],,,,,l' année 1872,1872-00-00-00,,,l' année 1872,1872-00-00-00,,,precedent,[],False,False,False
56,1,6,17,18,"Mais comment il avait fait fortune, c' est ce que les mieux informés ne pouvaient dire, et Mr. Fogg était le dernier auquel il convînt de s' adresser pour l' apprendre. En tout cas, il n' était prodigue de rien, mais non avare, car partout où il manquait un appoint pour une chose noble, utile ou généreuse, il l' apportait silencieusement et même anonymement.",il,manquait,où,manquer,['0'],[],[],,,,,l' année 1872,1872-00-00-00,,,l' année 1872,1872-00-00-00,,,precedent,[],True,False,False
57,1,6,17,18,"Mais comment il avait fait fortune, c' est ce que les mieux informés ne pouvaient dire, et Mr. Fogg était le dernier auquel il convînt de s' adresser pour l' apprendre. En tout cas, il n' était prodigue de rien, mais non avare, car partout où il manquait un appoint pour une chose noble, utile ou généreuse, il l' apportait silencieusement et même anonymement.",il,manquait,il,manquer,['0'],[],[],,,,,l' année 1872,1872-00-00-00,,,l' année 1872,1872-00-00-00,,,precedent,[],True,False,False
58,1,6,17,18,"Mais comment il avait fait fortune, c' est ce que les mieux informés ne pouvaient dire, et Mr. Fogg était le dernier auquel il convînt de s' adresser pour l' apprendre. En tout cas, il n' était prodigue de rien, mais non avare, car partout où il manquait un appoint pour une chose noble, utile ou généreuse, il l' apportait silencieusement et même anonymement.",il,manquait,un appoint pour une chose noble utile ou généreuse,manquer,['0'],[],[],,,,,l' année 1872,1872-00-00-00,,,l' année 1872,1872-00-00-00,,,precedent,[],True,False,False
59,1,6,17,18,"Mais comment il avait fait fortune, c' est ce que les mieux informés ne pouvaient dire, et Mr. Fogg était le dernier auquel il convînt de s' adresser pour l' apprendre. En tout cas, il n' était prodigue de rien, mais non avare, car partout où il manquait un appoint pour une chose noble, utile ou généreuse, il l' apportait silencieusement et même anonymement.",il,apportait,l',apporter,['0'],[],[],,,,,l' année 1872,1872-00-00-00,,,l' année 1872,1872-00-00-00,,,precedent,[],True,False,False
60,1,7,19,20,"Il parlait aussi peu que possible, et semblait d' autant plus mystérieux qu' il était silencieux.",Il,parlait,,parler,['0'],[],[],,,,,l' année 1872,1872-00-00-00,,,l' année 1872,1872-00-00-00,,,precedent,[],True,False,False
61,1,7,19,20,"Il parlait aussi peu que possible, et semblait d' autant plus mystérieux qu' il était silencieux.",Il,semblait,,sembler,['0'],[],[],,,,,l' année 1872,1872-00-00-00,,,l' année 1872,1872-00-00-00,,,precedent,[],True,False,False
62,1,7,20,21,"Cependant sa vie était à jour, mais ce qu' il faisait était si mathématiquement toujours la même chose, que l' imagination, mécontente, cherchait au-delà.",il,faisait,qu',faire,['0'],[],[],,,,,l' année 1872,1872-00-00-00,,,l' année 1872,1872-00-00-00,,,precedent,[],True,False,False
63,1,7,20,21,"Cependant sa vie était à jour, mais ce qu' il faisait était si mathématiquement toujours la même chose, que l' imagination, mécontente, cherchait au-delà.",l'imagination mécontente,cherchait,au-delà,chercher,[],[],[],,,,,l' année 1872,1872-00-00-00,,,l' année 1872,1872-00-00-00,,,precedent,[],False,False,False
64,1,8,21,22,Avait -il voyagé?,-il,voyagé,,voyager,['0'],[],[],,,,,l' année 1872,1872-00-00-00,,,l' année 1872,1872-00-00-00,,,precedent,[],True,False,False
65,1,8,22,23,"C' était probable, car personne ne possédait mieux que lui la carte du monde.",personne,possédait,la carte du monde,posséder,[],[],[],,,,,l' année 1872,1872-00-00-00,,,l' année 1872,1872-00-00-00,,,precedent,[],False,False,False
66,1,8,23,24,Il n' était endroit si reculé dont il ne parût avoir une connaissance spéciale.,il,parût,dont,paraître,['0'],[],[],,,,,l' année 1872,1872-00-00-00,,,l' année 1872,1872-00-00-00,,,precedent,[],True,False,False
67,1,8,23,24,Il n' était endroit si reculé dont il ne parût avoir une connaissance spéciale.,il,avoir,une connaissance spéciale,avoir,['0'],[],[],,,,,l' année 1872,1872-00-00-00,,,l' année 1872,1872-00-00-00,,,precedent,[],True,False,False
68,1,8,24,25,"Quelquefois, mais en peu de mots, brefs et clairs, il redressait les mille propos qui circulaient dans le club au sujet des voyageurs perdus ou égarés; il indiquait les vraies probabilités, et ses paroles s' étaient trouvées souvent comme inspirées par une seconde vue, tant l' événement finissait toujours par les justifier.",il,redressait,en peu de mots brefs et clairs,redresser,['0'],[],[],,,,,l' année 1872,1872-00-00-00,,,l' année 1872,1872-00-00-00,,,precedent,[],True,False,False
69,1,8,24,25,"Quelquefois, mais en peu de mots, brefs et clairs, il redressait les mille propos qui circulaient dans le club au sujet des voyageurs perdus ou égarés; il indiquait les vraies probabilités, et ses paroles s' étaient trouvées souvent comme inspirées par une seconde vue, tant l' événement finissait toujours par les justifier.",il,redressait,les mille propos,redresser,['0'],[],[],,,,,l' année 1872,1872-00-00-00,,,l' année 1872,1872-00-00-00,,,precedent,[],True,False,False
70,1,8,24,25,"Quelquefois, mais en peu de mots, brefs et clairs, il redressait les mille propos qui circulaient dans le club au sujet des voyageurs perdus ou égarés; il indiquait les vraies probabilités, et ses paroles s' étaient trouvées souvent comme inspirées par une seconde vue, tant l' événement finissait toujours par les justifier.",qui,circulaient,dans le club,circuler,[],['3'],['FAC'],,,,,l' année 1872,1872-00-00-00,,,l' année 1872,1872-00-00-00,,,precedent,['reform_club'],False,True,False
71,1,8,24,25,"Quelquefois, mais en peu de mots, brefs et clairs, il redressait les mille propos qui circulaient dans le club au sujet des voyageurs perdus ou égarés; il indiquait les vraies probabilités, et ses paroles s' étaient trouvées souvent comme inspirées par une seconde vue, tant l' événement finissait toujours par les justifier.",qui,circulaient,au sujet des voyageurs,circuler,[],[],[],,,,,l' année 1872,1872-00-00-00,,,l' année 1872,1872-00-00-00,,,precedent,[],False,False,False
72,1,8,24,25,"Quelquefois, mais en peu de mots, brefs et clairs, il redressait les mille propos qui circulaient dans le club au sujet des voyageurs perdus ou égarés; il indiquait les vraies probabilités, et ses paroles s' étaient trouvées souvent comme inspirées par une seconde vue, tant l' événement finissait toujours par les justifier.",,perdus,,perdre,[],[],[],,,,,l' année 1872,1872-00-00-00,,,l' année 1872,1872-00-00-00,,,precedent,[],False,False,False
73,1,8,24,25,"Quelquefois, mais en peu de mots, brefs et clairs, il redressait les mille propos qui circulaient dans le club au sujet des voyageurs perdus ou égarés; il indiquait les vraies probabilités, et ses paroles s' étaient trouvées souvent comme inspirées par une seconde vue, tant l' événement finissait toujours par les justifier.",,égarés,,égarer,[],[],[],,,,,l' année 1872,1872-00-00-00,,,l' année 1872,1872-00-00-00,,,precedent,[],False,False,False
74,1,8,24,25,"Quelquefois, mais en peu de mots, brefs et clairs, il redressait les mille propos qui circulaient dans le club au sujet des voyageurs perdus ou égarés; il indiquait les vraies probabilités, et ses paroles s' étaient trouvées souvent comme inspirées par une seconde vue, tant l' événement finissait toujours par les justifier.",il,indiquait,les vraies probabilités,indiquer,['0'],[],[],,,,,l' année 1872,1872-00-00-00,,,l' année 1872,1872-00-00-00,,,precedent,[],True,False,False
75,1,8,24,25,"Quelquefois, mais en peu de mots, brefs et clairs, il redressait les mille propos qui circulaient dans le club au sujet des voyageurs perdus ou égarés; il indiquait les vraies probabilités, et ses paroles s' étaient trouvées souvent comme inspirées par une seconde vue, tant l' événement finissait toujours par les justifier.",ses paroles,trouvées,s',trouver,['0'],[],[],,,,,l' année 1872,1872-00-00-00,,,l' année 1872,1872-00-00-00,,,precedent,[],True,False,False
76,1,8,24,25,"Quelquefois, mais en peu de mots, brefs et clairs, il redressait les mille propos qui circulaient dans le club au sujet des voyageurs perdus ou égarés; il indiquait les vraies probabilités, et ses paroles s' étaient trouvées souvent comme inspirées par une seconde vue, tant l' événement finissait toujours par les justifier.",ses paroles,inspirées,par une seconde vue,inspirer,['0'],[],[],,,,,l' année 1872,1872-00-00-00,,,l' année 1872,1872-00-00-00,,,precedent,[],True,False,False
77,1,8,24,25,"Quelquefois, mais en peu de mots, brefs et clairs, il redressait les mille propos qui circulaient dans le club au sujet des voyageurs perdus ou égarés; il indiquait les vraies probabilités, et ses paroles s' étaient trouvées souvent comme inspirées par une seconde vue, tant l' événement finissait toujours par les justifier.",l'événement,finissait,,finir,[],[],[],,,,,l' année 1872,1872-00-00-00,,,l' année 1872,1872-00-00-00,,,precedent,[],False,False,False
78,1,8,24,25,"Quelquefois, mais en peu de mots, brefs et clairs, il redressait les mille propos qui circulaient dans le club au sujet des voyageurs perdus ou égarés; il indiquait les vraies probabilités, et ses paroles s' étaient trouvées souvent comme inspirées par une seconde vue, tant l' événement finissait toujours par les justifier.",l'événement,justifier,les,justifier,[],[],[],,,,,l' année 1872,1872-00-00-00,,,l' année 1872,1872-00-00-00,,,precedent,[],False,False,False
79,1,8,25,26,"C' était un homme qui avait dû voyager partout,- en esprit, tout au moins.",qui,dû,en esprit,devoir,['0'],[],[],,,,,l' année 1872,1872-00-00-00,,,l' année 1872,1872-00-00-00,,,precedent,[],True,False,False
80,1,8,25,26,"C' était un homme qui avait dû voyager partout,- en esprit, tout au moins.",qui,voyager,,voyager,['0'],[],[],,,,,l' année 1872,1872-00-00-00,,,l' année 1872,1872-00-00-00,,,precedent,[],True,False,False
81,1,9,26,27,"Ce qui était certain toutefois, c' est que, depuis de longues années, Phileas Fogg n' avait pas quitté Londres.",,est,,être,[],[],[],depuis de longues années,1862-00-00-00,,,l' année 1872,1872-00-00-00,,,depuis de longues années,1862-00-00-00,,,phrase,[],False,False,False
82,1,9,26,27,"Ce qui était certain toutefois, c' est que, depuis de longues années, Phileas Fogg n' avait pas quitté Londres.",Phileas Fogg,quitté,depuis de longues années,quitter,['0'],[],[],depuis de longues années,1862-00-00-00,,,depuis de longues années,1862-00-00-00,,,depuis de longues années,1862-00-00-00,,,phrase,[],True,False,False
83,1,9,26,27,"Ce qui était certain toutefois, c' est que, depuis de longues années, Phileas Fogg n' avait pas quitté Londres.",Phileas Fogg,quitté,Londres,quitter,['0'],[],[],depuis de longues années,1862-00-00-00,,,depuis de longues années,1862-00-00-00,,,depuis de longues années,1862-00-00-00,,,phrase,[],True,False,False
84,1,9,27,28,Ceux qui avaient l' honneur de le connaître un peu plus que les autres attestaient que- si ce n' est sur ce chemin direct qu' il parcourait chaque jour pour venir de sa maison au club- personne ne pouvait prétendre l' avoir jamais vu ailleurs.,qui,avaient,l'honneur,avoir,[],[],[],chaque jour,1872-00-00-10,,,depuis de longues années,1862-00-00-00,,,chaque jour,1872-00-00-10,,,phrase,[],False,False,False
85,1,9,27,28,Ceux qui avaient l' honneur de le connaître un peu plus que les autres attestaient que- si ce n' est sur ce chemin direct qu' il parcourait chaque jour pour venir de sa maison au club- personne ne pouvait prétendre l' avoir jamais vu ailleurs.,qui,connaître,le,connaître,['0'],[],[],chaque jour,1872-00-00-10,,,depuis de longues années,1862-00-00-00,,,chaque jour,1872-00-00-10,,,phrase,[],True,False,False
86,1,9,27,28,Ceux qui avaient l' honneur de le connaître un peu plus que les autres attestaient que- si ce n' est sur ce chemin direct qu' il parcourait chaque jour pour venir de sa maison au club- personne ne pouvait prétendre l' avoir jamais vu ailleurs.,Ceux,attestaient,que,attester,[],[],[],chaque jour,1872-00-00-10,,,depuis de longues années,1862-00-00-00,,,chaque jour,1872-00-00-10,,,phrase,[],False,False,False
87,1,9,27,28,Ceux qui avaient l' honneur de le connaître un peu plus que les autres attestaient que- si ce n' est sur ce chemin direct qu' il parcourait chaque jour pour venir de sa maison au club- personne ne pouvait prétendre l' avoir jamais vu ailleurs.,Ceux,est,sur ce chemin direct,être,[],['19'],['FAC'],chaque jour,1872-00-00-10,,,depuis de longues années,1862-00-00-00,,,chaque jour,1872-00-00-10,,,phrase,['M1'],False,True,False
88,1,9,27,28,Ceux qui avaient l' honneur de le connaître un peu plus que les autres attestaient que- si ce n' est sur ce chemin direct qu' il parcourait chaque jour pour venir de sa maison au club- personne ne pouvait prétendre l' avoir jamais vu ailleurs.,il,parcourait,qu',parcourir,['0'],['19'],['FAC'],chaque jour,1872-00-00-10,,,depuis de longues années,1862-00-00-00,,,chaque jour,1872-00-00-10,,,phrase,['M1'],True,True,True
89,1,9,27,28,Ceux qui avaient l' honneur de le connaître un peu plus que les autres attestaient que- si ce n' est sur ce chemin direct qu' il parcourait chaque jour pour venir de sa maison au club- personne ne pouvait prétendre l' avoir jamais vu ailleurs.,il,parcourait,chaque jour,parcourir,['0'],[],[],chaque jour,1872-00-00-10,,,depuis de longues années,1862-00-00-00,,,chaque jour,1872-00-00-10,,,phrase,[],True,False,False
90,1,9,27,28,Ceux qui avaient l' honneur de le connaître un peu plus que les autres attestaient que- si ce n' est sur ce chemin direct qu' il parcourait chaque jour pour venir de sa maison au club- personne ne pouvait prétendre l' avoir jamais vu ailleurs.,il,venir,de sa maison au club,venir,['0'],"['5', '3']",['FAC'],chaque jour,1872-00-00-10,,,chaque jour,1872-00-00-10,,,chaque jour,1872-00-00-10,,,phrase,"['maison_fogg', 'reform_club']",True,True,True
91,1,9,27,28,Ceux qui avaient l' honneur de le connaître un peu plus que les autres attestaient que- si ce n' est sur ce chemin direct qu' il parcourait chaque jour pour venir de sa maison au club- personne ne pouvait prétendre l' avoir jamais vu ailleurs.,club-personne,pouvait,,pouvoir,[],[],[],chaque jour,1872-00-00-10,,,chaque jour,1872-00-00-10,,,chaque jour,1872-00-00-10,,,phrase,[],False,False,False
92,1,9,27,28,Ceux qui avaient l' honneur de le connaître un peu plus que les autres attestaient que- si ce n' est sur ce chemin direct qu' il parcourait chaque jour pour venir de sa maison au club- personne ne pouvait prétendre l' avoir jamais vu ailleurs.,club-personne,prétendre,,prétendre,[],[],[],chaque jour,1872-00-00-10,,,chaque jour,1872-00-00-10,,,chaque jour,1872-00-00-10,,,phrase,[],False,False,False
93,1,9,27,28,Ceux qui avaient l' honneur de le connaître un peu plus que les autres attestaient que- si ce n' est sur ce chemin direct qu' il parcourait chaque jour pour venir de sa maison au club- personne ne pouvait prétendre l' avoir jamais vu ailleurs.,,vu,l',voir,['0'],[],[],chaque jour,1872-00-00-10,,,chaque jour,1872-00-00-10,,,chaque jour,1872-00-00-10,,,phrase,[],True,False,False
94,1,9,28,29,Son seul passe-temps était de lire les journaux et de jouer au whist.,Son seul passe-temps,était,,être,['0'],[],[],,,,,chaque jour,1872-00-00-10,,,chaque jour,1872-00-00-10,,,precedent,[],True,False,False
95,1,9,28,29,Son seul passe-temps était de lire les journaux et de jouer au whist.,Son seul passe-temps,lire,les journaux,lire,['0'],[],[],,,,,chaque jour,1872-00-00-10,,,chaque jour,1872-00-00-10,,,precedent,[],True,False,False
96,1,9,28,29,Son seul passe-temps était de lire les journaux et de jouer au whist.,Son seul passe-temps,jouer,au whist,jouer,['0'],[],[],,,,,chaque jour,1872-00-00-10,,,chaque jour,1872-00-00-10,,,precedent,[],True,False,False
97,1,9,29,30,"À ce jeu du silence, si bien approprié à sa nature, il gagnait souvent, mais ses gains n' entraient jamais dans sa bourse et figuraient pour une somme importante à son budget de charité.",il,gagnait,À ce jeu du silence si bien approprié à sa nature,gagner,['0'],[],[],,,,,chaque jour,1872-00-00-10,,,chaque jour,1872-00-00-10,,,precedent,[],True,False,False
98,1,9,29,30,"À ce jeu du silence, si bien approprié à sa nature, il gagnait souvent, mais ses gains n' entraient jamais dans sa bourse et figuraient pour une somme importante à son budget de charité.",ses gains,entraient,dans sa bourse,entrer,['0'],[],[],,,,,chaque jour,1872-00-00-10,,,chaque jour,1872-00-00-10,,,precedent,[],True,False,False
99,1,9,29,30,"À ce jeu du silence, si bien approprié à sa nature, il gagnait souvent, mais ses gains n' entraient jamais dans sa bourse et figuraient pour une somme importante à son budget de charité.",ses gains,figuraient,pour une somme importante à son budget de charité,figurer,['0'],[],[],,,,,chaque jour,1872-00-00-10,,,chaque jour,1872-00-00-10,,,precedent,[],True,False,False
100,1,9,30,31,"D' ailleurs, il faut le remarquer, Mr. Fogg jouait évidemment pour jouer, non pour gagner.",,faut,D'ailleurs,falloir,[],[],[],,,,,chaque jour,1872-00-00-10,,,chaque jour,1872-00-00-10,,,precedent,[],False,False,False
101,1,9,30,31,"D' ailleurs, il faut le remarquer, Mr. Fogg jouait évidemment pour jouer, non pour gagner.",,remarquer,le,remarquer,[],[],[],,,,,chaque jour,1872-00-00-10,,,chaque jour,1872-00-00-10,,,precedent,[],False,False,False
102,1,9,30,31,"D' ailleurs, il faut le remarquer, Mr. Fogg jouait évidemment pour jouer, non pour gagner.",Mr. Fogg,jouait,,jouer,['0'],[],[],,,,,chaque jour,1872-00-00-10,,,chaque jour,1872-00-00-10,,,precedent,[],True,False,False
103,1,9,30,31,"D' ailleurs, il faut le remarquer, Mr. Fogg jouait évidemment pour jouer, non pour gagner.",Mr. Fogg,jouer,,jouer,['0'],[],[],,,,,chaque jour,1872-00-00-10,,,chaque jour,1872-00-00-10,,,precedent,[],True,False,False
104,1,9,30,31,"D' ailleurs, il faut le remarquer, Mr. Fogg jouait évidemment pour jouer, non pour gagner.",,gagner,,gagner,[],[],[],,,,,chaque jour,1872-00-00-10,,,chaque jour,1872-00-00-10,,,precedent,[],False,False,False
105,1,9,31,32,"Le jeu était pour lui un combat, une lutte contre une difficulté, mais une lutte sans mouvement, sans déplacement, sans fatigue, et cela allait à son caractère.",cela,allait,à son caractère,aller,['0'],[],[],,,,,chaque jour,1872-00-00-10,,,chaque jour,1872-00-00-10,,,precedent,[],True,False,False
106,1,10,32,33,"On ne connaissait à Phileas Fogg ni femme ni enfants,- ce qui peut arriver aux gens les plus honnêtes,- ni parents ni amis,- ce qui est plus rare en vérité.",On,connaissait,à Phileas Fogg ni femme ni enfants,connaître,['0'],[],[],,,,,chaque jour,1872-00-00-10,,,chaque jour,1872-00-00-10,,,precedent,[],True,False,False
107,1,10,32,33,"On ne connaissait à Phileas Fogg ni femme ni enfants,- ce qui peut arriver aux gens les plus honnêtes,- ni parents ni amis,- ce qui est plus rare en vérité.",On,connaissait,ce,connaître,[],[],[],,,,,chaque jour,1872-00-00-10,,,chaque jour,1872-00-00-10,,,precedent,[],False,False,False
108,1,10,32,33,"On ne connaissait à Phileas Fogg ni femme ni enfants,- ce qui peut arriver aux gens les plus honnêtes,- ni parents ni amis,- ce qui est plus rare en vérité.",qui,peut,,pouvoir,[],[],[],,,,,chaque jour,1872-00-00-10,,,chaque jour,1872-00-00-10,,,precedent,[],False,False,False
109,1,10,32,33,"On ne connaissait à Phileas Fogg ni femme ni enfants,- ce qui peut arriver aux gens les plus honnêtes,- ni parents ni amis,- ce qui est plus rare en vérité.",qui,arriver,aux gens les plus honnêtes,arriver,[],[],[],,,,,chaque jour,1872-00-00-10,,,chaque jour,1872-00-00-10,,,precedent,[],False,False,False
110,1,10,33,34,"Phileas Fogg vivait seul dans sa maison de Saville - row, où personne ne pénétrait.",Phileas Fogg,vivait,dans sa maison de Saville-row,vivre,['0'],"['5', '10']",['FAC'],,,,,chaque jour,1872-00-00-10,,,chaque jour,1872-00-00-10,,,precedent,"['maison_fogg', 'rue_fogg']",True,True,True
111,1,10,33,34,"Phileas Fogg vivait seul dans sa maison de Saville - row, où personne ne pénétrait.",personne,pénétrait,où,pénétrer,[],['5'],['FAC'],,,,,chaque jour,1872-00-00-10,,,chaque jour,1872-00-00-10,,,precedent,['maison_fogg'],False,True,False
112,1,10,35,36,Un seul domestique suffisait à le servir.,Un seul domestique,suffisait,,suffire,['12'],[],[],,,,,chaque jour,1872-00-00-10,,,chaque jour,1872-00-00-10,,,precedent,[],True,False,False
113,1,10,35,36,Un seul domestique suffisait à le servir.,Un seul domestique,servir,le,servir,"['12', '0']",[],[],,,,,chaque jour,1872-00-00-10,,,chaque jour,1872-00-00-10,,,precedent,[],True,False,False
114,1,10,36,37,"Déjeunant, dînant au club à des heures chronométriquement déterminées, dans la même salle, à la même table, ne traitant point ses collègues, n' invitant aucun étranger, il ne rentrait chez lui que pour se coucher, à minuit précis, sans jamais user de ces chambres confortables que le Reform - Club tient à la disposition des membres du cercle.",,Déjeunant,,déjeuner,[],[],[],à des heures chronométriquement déterminées,1872-00-00-12-17,,,chaque jour,1872-00-00-10,,,à des heures chronométriquement déterminées,1872-00-00-12-17,,,phrase,[],False,False,False
115,1,10,36,37,"Déjeunant, dînant au club à des heures chronométriquement déterminées, dans la même salle, à la même table, ne traitant point ses collègues, n' invitant aucun étranger, il ne rentrait chez lui que pour se coucher, à minuit précis, sans jamais user de ces chambres confortables que le Reform - Club tient à la disposition des membres du cercle.",,dînant,au club,dîner,[],['3'],['FAC'],à des heures chronométriquement déterminées,1872-00-00-12-17,,,chaque jour,1872-00-00-10,,,à des heures chronométriquement déterminées,1872-00-00-12-17,,,phrase,['reform_club'],False,True,False
116,1,10,36,37,"Déjeunant, dînant au club à des heures chronométriquement déterminées, dans la même salle, à la même table, ne traitant point ses collègues, n' invitant aucun étranger, il ne rentrait chez lui que pour se coucher, à minuit précis, sans jamais user de ces chambres confortables que le Reform - Club tient à la disposition des membres du cercle.",,dînant,à des heures,dîner,[],[],[],à des heures chronométriquement déterminées,1872-00-00-12-17,,,chaque jour,1872-00-00-10,,,à des heures chronométriquement déterminées,1872-00-00-12-17,,,phrase,[],False,False,False
117,1,10,36,37,"Déjeunant, dînant au club à des heures chronométriquement déterminées, dans la même salle, à la même table, ne traitant point ses collègues, n' invitant aucun étranger, il ne rentrait chez lui que pour se coucher, à minuit précis, sans jamais user de ces chambres confortables que le Reform - Club tient à la disposition des membres du cercle.",,dînant,dans la même salle,dîner,[],['66'],['FAC'],à des heures chronométriquement déterminées,1872-00-00-12-17,,,chaque jour,1872-00-00-10,,,à des heures chronométriquement déterminées,1872-00-00-12-17,,,phrase,['salle_a_manger_club'],False,True,False
118,1,10,36,37,"Déjeunant, dînant au club à des heures chronométriquement déterminées, dans la même salle, à la même table, ne traitant point ses collègues, n' invitant aucun étranger, il ne rentrait chez lui que pour se coucher, à minuit précis, sans jamais user de ces chambres confortables que le Reform - Club tient à la disposition des membres du cercle.",,dînant,à la même table,dîner,[],[],[],à des heures chronométriquement déterminées,1872-00-00-12-17,,,chaque jour,1872-00-00-10,,,à des heures chronométriquement déterminées,1872-00-00-12-17,,,phrase,[],False,False,False
119,1,10,36,37,"Déjeunant, dînant au club à des heures chronométriquement déterminées, dans la même salle, à la même table, ne traitant point ses collègues, n' invitant aucun étranger, il ne rentrait chez lui que pour se coucher, à minuit précis, sans jamais user de ces chambres confortables que le Reform - Club tient à la disposition des membres du cercle.",,déterminées,,déterminer,[],[],[],à des heures chronométriquement déterminées,1872-00-00-12-17,,,à des heures chronométriquement déterminées,1872-00-00-12-17,,,à des heures chronométriquement déterminées,1872-00-00-12-17,,,phrase,[],False,False,False
120,1,10,36,37,"Déjeunant, dînant au club à des heures chronométriquement déterminées, dans la même salle, à la même table, ne traitant point ses collègues, n' invitant aucun étranger, il ne rentrait chez lui que pour se coucher, à minuit précis, sans jamais user de ces chambres confortables que le Reform - Club tient à la disposition des membres du cercle.",il,traitant,ses collègues,traiter,"['0', '118']",[],[],à des heures chronométriquement déterminées,1872-00-00-12-17,,,à des heures chronométriquement déterminées,1872-00-00-12-17,,,à des heures chronométriquement déterminées,1872-00-00-12-17,,,phrase,[],True,False,False
121,1,10,36,37,"Déjeunant, dînant au club à des heures chronométriquement déterminées, dans la même salle, à la même table, ne traitant point ses collègues, n' invitant aucun étranger, il ne rentrait chez lui que pour se coucher, à minuit précis, sans jamais user de ces chambres confortables que le Reform - Club tient à la disposition des membres du cercle.",il,invitant,aucun étranger,inviter,['0'],[],[],à des heures chronométriquement déterminées,1872-00-00-12-17,,,à des heures chronométriquement déterminées,1872-00-00-12-17,,,à des heures chronométriquement déterminées,1872-00-00-12-17,,,phrase,[],True,False,False
122,1,10,36,37,"Déjeunant, dînant au club à des heures chronométriquement déterminées, dans la même salle, à la même table, ne traitant point ses collègues, n' invitant aucun étranger, il ne rentrait chez lui que pour se coucher, à minuit précis, sans jamais user de ces chambres confortables que le Reform - Club tient à la disposition des membres du cercle.",il,rentrait,chez lui,rentraire,['0'],['5'],['FAC'],à des heures chronométriquement déterminées,1872-00-00-12-17,,,à des heures chronométriquement déterminées,1872-00-00-12-17,,,à des heures chronométriquement déterminées,1872-00-00-12-17,,,phrase,['maison_fogg'],True,True,True
123,1,10,36,37,"Déjeunant, dînant au club à des heures chronométriquement déterminées, dans la même salle, à la même table, ne traitant point ses collègues, n' invitant aucun étranger, il ne rentrait chez lui que pour se coucher, à minuit précis, sans jamais user de ces chambres confortables que le Reform - Club tient à la disposition des membres du cercle.",il,coucher,se,coucher,['0'],[],[],à des heures chronométriquement déterminées,1872-00-00-12-17,,,à des heures chronométriquement déterminées,1872-00-00-12-17,,,à des heures chronométriquement déterminées,1872-00-00-12-17,,,phrase,[],True,False,False
124,1,10,36,37,"Déjeunant, dînant au club à des heures chronométriquement déterminées, dans la même salle, à la même table, ne traitant point ses collègues, n' invitant aucun étranger, il ne rentrait chez lui que pour se coucher, à minuit précis, sans jamais user de ces chambres confortables que le Reform - Club tient à la disposition des membres du cercle.",il,coucher,à minuit précis,coucher,['0'],[],[],à minuit précis,1872-00-00-12,,,à des heures chronométriquement déterminées,1872-00-00-12-17,,,à minuit précis,1872-00-00-12,,,phrase,[],True,False,False
125,1,10,36,37,"Déjeunant, dînant au club à des heures chronométriquement déterminées, dans la même salle, à la même table, ne traitant point ses collègues, n' invitant aucun étranger, il ne rentrait chez lui que pour se coucher, à minuit précis, sans jamais user de ces chambres confortables que le Reform - Club tient à la disposition des membres du cercle.",,user,de ces chambres confortables,user,[],['149'],['FAC'],à des heures chronométriquement déterminées,1872-00-00-12-17,,,à des heures chronométriquement déterminées,1872-00-00-12-17,,,à des heures chronométriquement déterminées,1872-00-00-12-17,,,phrase,['noRef_2594'],False,True,False
126,1,10,36,37,"Déjeunant, dînant au club à des heures chronométriquement déterminées, dans la même salle, à la même table, ne traitant point ses collègues, n' invitant aucun étranger, il ne rentrait chez lui que pour se coucher, à minuit précis, sans jamais user de ces chambres confortables que le Reform - Club tient à la disposition des membres du cercle.",le Reform-Club,tient,que,tenir,[],['3'],['FAC'],à des heures chronométriquement déterminées,1872-00-00-12-17,,,à des heures chronométriquement déterminées,1872-00-00-12-17,,,à des heures chronométriquement déterminées,1872-00-00-12-17,,,phrase,['reform_club'],False,True,False
127,1,10,36,37,"Déjeunant, dînant au club à des heures chronométriquement déterminées, dans la même salle, à la même table, ne traitant point ses collègues, n' invitant aucun étranger, il ne rentrait chez lui que pour se coucher, à minuit précis, sans jamais user de ces chambres confortables que le Reform - Club tient à la disposition des membres du cercle.",le Reform-Club,tient,à la disposition des membres du cercle,tenir,[],['3'],['FAC'],à des heures chronométriquement déterminées,1872-00-00-12-17,,,à des heures chronométriquement déterminées,1872-00-00-12-17,,,à des heures chronométriquement déterminées,1872-00-00-12-17,,,phrase,['reform_club'],False,True,False
128,1,10,37,38,"Sur vingt-quatre heures, il en passait dix à son domicile, soit qu' il dormît, soit qu' il s' occupât de sa toilette.",il,passait,Sur vingt-quatre heures,passer,['0'],[],[],,,,,à des heures chronométriquement déterminées,1872-00-00-12-17,,,à des heures chronométriquement déterminées,1872-00-00-12-17,,,precedent,[],True,False,False
129,1,10,37,38,"Sur vingt-quatre heures, il en passait dix à son domicile, soit qu' il dormît, soit qu' il s' occupât de sa toilette.",il,passait,dix,passer,['0'],[],[],,,,,à des heures chronométriquement déterminées,1872-00-00-12-17,,,à des heures chronométriquement déterminées,1872-00-00-12-17,,,precedent,[],True,False,False
130,1,10,37,38,"Sur vingt-quatre heures, il en passait dix à son domicile, soit qu' il dormît, soit qu' il s' occupât de sa toilette.",il,passait,à son domicile,passer,['0'],['5'],['FAC'],,,,,à des heures chronométriquement déterminées,1872-00-00-12-17,,,à des heures chronométriquement déterminées,1872-00-00-12-17,,,precedent,['maison_fogg'],True,True,True
131,1,10,37,38,"Sur vingt-quatre heures, il en passait dix à son domicile, soit qu' il dormît, soit qu' il s' occupât de sa toilette.",il,dormît,,dormir,['0'],[],[],,,,,à des heures chronométriquement déterminées,1872-00-00-12-17,,,à des heures chronométriquement déterminées,1872-00-00-12-17,,,precedent,[],True,False,False
132,1,10,37,38,"Sur vingt-quatre heures, il en passait dix à son domicile, soit qu' il dormît, soit qu' il s' occupât de sa toilette.",il,occupât,s',occuper,['0'],[],[],,,,,à des heures chronométriquement déterminées,1872-00-00-12-17,,,à des heures chronométriquement déterminées,1872-00-00-12-17,,,precedent,[],True,False,False
133,1,10,37,38,"Sur vingt-quatre heures, il en passait dix à son domicile, soit qu' il dormît, soit qu' il s' occupât de sa toilette.",il,occupât,de sa toilette,occuper,['0'],[],[],,,,,à des heures chronométriquement déterminées,1872-00-00-12-17,,,à des heures chronométriquement déterminées,1872-00-00-12-17,,,precedent,[],True,False,False
134,1,10,38,39,"S' il se promenait, c' était invariablement, d' un pas égal, dans la salle d' entrée parquetée en marqueterie, ou sur la galerie circulaire, au-dessus de laquelle s' arrondit un dôme à vitraux bleus, que supportent vingt colonnes ioniques en porphyre rouge.",il,promenait,se,promener,['0'],[],[],,,,,à des heures chronométriquement déterminées,1872-00-00-12-17,,,à des heures chronométriquement déterminées,1872-00-00-12-17,,,precedent,[],True,False,False
135,1,10,38,39,"S' il se promenait, c' était invariablement, d' un pas égal, dans la salle d' entrée parquetée en marqueterie, ou sur la galerie circulaire, au-dessus de laquelle s' arrondit un dôme à vitraux bleus, que supportent vingt colonnes ioniques en porphyre rouge.",il,promenait,d'un pas égal,promener,['0'],[],[],,,,,à des heures chronométriquement déterminées,1872-00-00-12-17,,,à des heures chronométriquement déterminées,1872-00-00-12-17,,,precedent,[],True,False,False
136,1,10,38,39,"S' il se promenait, c' était invariablement, d' un pas égal, dans la salle d' entrée parquetée en marqueterie, ou sur la galerie circulaire, au-dessus de laquelle s' arrondit un dôme à vitraux bleus, que supportent vingt colonnes ioniques en porphyre rouge.",il,promenait,dans la salle d'entrée ou sur la galerie circulaire,promener,['0'],"['174', '172']",['FAC'],,,,,à des heures chronométriquement déterminées,1872-00-00-12-17,,,à des heures chronométriquement déterminées,1872-00-00-12-17,,,precedent,"['entree_club', 'galerie_club']",True,True,True
137,1,10,38,39,"S' il se promenait, c' était invariablement, d' un pas égal, dans la salle d' entrée parquetée en marqueterie, ou sur la galerie circulaire, au-dessus de laquelle s' arrondit un dôme à vitraux bleus, que supportent vingt colonnes ioniques en porphyre rouge.",,parquetée,en marqueterie,parqueter,[],['174'],['FAC'],,,,,à des heures chronométriquement déterminées,1872-00-00-12-17,,,à des heures chronométriquement déterminées,1872-00-00-12-17,,,precedent,['entree_club'],False,True,False
138,1,10,38,39,"S' il se promenait, c' était invariablement, d' un pas égal, dans la salle d' entrée parquetée en marqueterie, ou sur la galerie circulaire, au-dessus de laquelle s' arrondit un dôme à vitraux bleus, que supportent vingt colonnes ioniques en porphyre rouge.",un dôme à vitraux bleus,arrondit,s',arrondir,[],[],[],,,,,à des heures chronométriquement déterminées,1872-00-00-12-17,,,à des heures chronométriquement déterminées,1872-00-00-12-17,,,precedent,[],False,False,False
139,1,10,38,39,"S' il se promenait, c' était invariablement, d' un pas égal, dans la salle d' entrée parquetée en marqueterie, ou sur la galerie circulaire, au-dessus de laquelle s' arrondit un dôme à vitraux bleus, que supportent vingt colonnes ioniques en porphyre rouge.",vingt colonnes ioniques en porphyre rouge,supportent,que,supporter,[],[],[],,,,,à des heures chronométriquement déterminées,1872-00-00-12-17,,,à des heures chronométriquement déterminées,1872-00-00-12-17,,,precedent,[],False,False,False
140,1,10,39,40,"S' il dînait ou déjeunait, c' étaient les cuisines, le garde-manger, l' office, la poissonnerie, la laiterie du club, qui fournissaient à sa table leurs succulentes réserves; c' étaient les domestiques du club, graves personnages en habit noir, chaussés de souliers à semelles de molleton, qui le servaient dans une porcelaine spéciale et sur un admirable linge en toile de Saxe; c' étaient les cristaux à moule perdu du club qui contenaient son sherry, son porto ou son claret mélangé de cannelle, de capillaire et de cinnamome; c' était enfin la glace du club - glace venue à grands frais des lacs d' Amérique- qui entretenait ses boissons dans un satisfaisant état de fraîcheur.",il,dînait,,dîner,['0'],[],[],,,,,à des heures chronométriquement déterminées,1872-00-00-12-17,,,à des heures chronométriquement déterminées,1872-00-00-12-17,,,precedent,[],True,False,False
141,1,10,39,40,"S' il dînait ou déjeunait, c' étaient les cuisines, le garde-manger, l' office, la poissonnerie, la laiterie du club, qui fournissaient à sa table leurs succulentes réserves; c' étaient les domestiques du club, graves personnages en habit noir, chaussés de souliers à semelles de molleton, qui le servaient dans une porcelaine spéciale et sur un admirable linge en toile de Saxe; c' étaient les cristaux à moule perdu du club qui contenaient son sherry, son porto ou son claret mélangé de cannelle, de capillaire et de cinnamome; c' était enfin la glace du club - glace venue à grands frais des lacs d' Amérique- qui entretenait ses boissons dans un satisfaisant état de fraîcheur.",il,déjeunait,,déjeuner,['0'],[],[],,,,,à des heures chronométriquement déterminées,1872-00-00-12-17,,,à des heures chronométriquement déterminées,1872-00-00-12-17,,,precedent,[],True,False,False
142,1,10,39,40,"S' il dînait ou déjeunait, c' étaient les cuisines, le garde-manger, l' office, la poissonnerie, la laiterie du club, qui fournissaient à sa table leurs succulentes réserves; c' étaient les domestiques du club, graves personnages en habit noir, chaussés de souliers à semelles de molleton, qui le servaient dans une porcelaine spéciale et sur un admirable linge en toile de Saxe; c' étaient les cristaux à moule perdu du club qui contenaient son sherry, son porto ou son claret mélangé de cannelle, de capillaire et de cinnamome; c' était enfin la glace du club - glace venue à grands frais des lacs d' Amérique- qui entretenait ses boissons dans un satisfaisant état de fraîcheur.",qui,fournissaient,à sa table,fournir,['0'],[],[],,,,,à des heures chronométriquement déterminées,1872-00-00-12-17,,,à des heures chronométriquement déterminées,1872-00-00-12-17,,,precedent,[],True,False,False
143,1,10,39,40,"S' il dînait ou déjeunait, c' étaient les cuisines, le garde-manger, l' office, la poissonnerie, la laiterie du club, qui fournissaient à sa table leurs succulentes réserves; c' étaient les domestiques du club, graves personnages en habit noir, chaussés de souliers à semelles de molleton, qui le servaient dans une porcelaine spéciale et sur un admirable linge en toile de Saxe; c' étaient les cristaux à moule perdu du club qui contenaient son sherry, son porto ou son claret mélangé de cannelle, de capillaire et de cinnamome; c' était enfin la glace du club - glace venue à grands frais des lacs d' Amérique- qui entretenait ses boissons dans un satisfaisant état de fraîcheur.",qui,fournissaient,leurs succulentes réserves,fournir,[],[],[],,,,,à des heures chronométriquement déterminées,1872-00-00-12-17,,,à des heures chronométriquement déterminées,1872-00-00-12-17,,,precedent,[],False,False,False
144,1,10,39,40,"S' il dînait ou déjeunait, c' étaient les cuisines, le garde-manger, l' office, la poissonnerie, la laiterie du club, qui fournissaient à sa table leurs succulentes réserves; c' étaient les domestiques du club, graves personnages en habit noir, chaussés de souliers à semelles de molleton, qui le servaient dans une porcelaine spéciale et sur un admirable linge en toile de Saxe; c' étaient les cristaux à moule perdu du club qui contenaient son sherry, son porto ou son claret mélangé de cannelle, de capillaire et de cinnamome; c' était enfin la glace du club - glace venue à grands frais des lacs d' Amérique- qui entretenait ses boissons dans un satisfaisant état de fraîcheur.",,chaussés,de souliers à semelles de molleton,chausser,['70'],[],[],,,,,à des heures chronométriquement déterminées,1872-00-00-12-17,,,à des heures chronométriquement déterminées,1872-00-00-12-17,,,precedent,[],True,False,False
145,1,10,39,40,"S' il dînait ou déjeunait, c' étaient les cuisines, le garde-manger, l' office, la poissonnerie, la laiterie du club, qui fournissaient à sa table leurs succulentes réserves; c' étaient les domestiques du club, graves personnages en habit noir, chaussés de souliers à semelles de molleton, qui le servaient dans une porcelaine spéciale et sur un admirable linge en toile de Saxe; c' étaient les cristaux à moule perdu du club qui contenaient son sherry, son porto ou son claret mélangé de cannelle, de capillaire et de cinnamome; c' était enfin la glace du club - glace venue à grands frais des lacs d' Amérique- qui entretenait ses boissons dans un satisfaisant état de fraîcheur.",qui,servaient,le,servir,"['70', '0']",[],[],,,,,à des heures chronométriquement déterminées,1872-00-00-12-17,,,à des heures chronométriquement déterminées,1872-00-00-12-17,,,precedent,[],True,False,False
146,1,10,39,40,"S' il dînait ou déjeunait, c' étaient les cuisines, le garde-manger, l' office, la poissonnerie, la laiterie du club, qui fournissaient à sa table leurs succulentes réserves; c' étaient les domestiques du club, graves personnages en habit noir, chaussés de souliers à semelles de molleton, qui le servaient dans une porcelaine spéciale et sur un admirable linge en toile de Saxe; c' étaient les cristaux à moule perdu du club qui contenaient son sherry, son porto ou son claret mélangé de cannelle, de capillaire et de cinnamome; c' était enfin la glace du club - glace venue à grands frais des lacs d' Amérique- qui entretenait ses boissons dans un satisfaisant état de fraîcheur.",qui,servaient,dans une porcelaine spéciale et sur un admirable linge en toile de Saxe,servir,['70'],[],[],,,,,à des heures chronométriquement déterminées,1872-00-00-12-17,,,à des heures chronométriquement déterminées,1872-00-00-12-17,,,precedent,[],True,False,False
147,1,10,39,40,"S' il dînait ou déjeunait, c' étaient les cuisines, le garde-manger, l' office, la poissonnerie, la laiterie du club, qui fournissaient à sa table leurs succulentes réserves; c' étaient les domestiques du club, graves personnages en habit noir, chaussés de souliers à semelles de molleton, qui le servaient dans une porcelaine spéciale et sur un admirable linge en toile de Saxe; c' étaient les cristaux à moule perdu du club qui contenaient son sherry, son porto ou son claret mélangé de cannelle, de capillaire et de cinnamome; c' était enfin la glace du club - glace venue à grands frais des lacs d' Amérique- qui entretenait ses boissons dans un satisfaisant état de fraîcheur.",,perdu,,perdre,[],[],[],,,,,à des heures chronométriquement déterminées,1872-00-00-12-17,,,à des heures chronométriquement déterminées,1872-00-00-12-17,,,precedent,[],False,False,False
148,1,10,39,40,"S' il dînait ou déjeunait, c' étaient les cuisines, le garde-manger, l' office, la poissonnerie, la laiterie du club, qui fournissaient à sa table leurs succulentes réserves; c' étaient les domestiques du club, graves personnages en habit noir, chaussés de souliers à semelles de molleton, qui le servaient dans une porcelaine spéciale et sur un admirable linge en toile de Saxe; c' étaient les cristaux à moule perdu du club qui contenaient son sherry, son porto ou son claret mélangé de cannelle, de capillaire et de cinnamome; c' était enfin la glace du club - glace venue à grands frais des lacs d' Amérique- qui entretenait ses boissons dans un satisfaisant état de fraîcheur.",qui,contenaient,son sherry son porto ou son claret,contenir,['0'],[],[],,,,,à des heures chronométriquement déterminées,1872-00-00-12-17,,,à des heures chronométriquement déterminées,1872-00-00-12-17,,,precedent,[],True,False,False
149,1,10,39,40,"S' il dînait ou déjeunait, c' étaient les cuisines, le garde-manger, l' office, la poissonnerie, la laiterie du club, qui fournissaient à sa table leurs succulentes réserves; c' étaient les domestiques du club, graves personnages en habit noir, chaussés de souliers à semelles de molleton, qui le servaient dans une porcelaine spéciale et sur un admirable linge en toile de Saxe; c' étaient les cristaux à moule perdu du club qui contenaient son sherry, son porto ou son claret mélangé de cannelle, de capillaire et de cinnamome; c' était enfin la glace du club - glace venue à grands frais des lacs d' Amérique- qui entretenait ses boissons dans un satisfaisant état de fraîcheur.",,mélangé,de cannelle de capillaire et de cinnamome,mélanger,[],[],[],,,,,à des heures chronométriquement déterminées,1872-00-00-12-17,,,à des heures chronométriquement déterminées,1872-00-00-12-17,,,precedent,[],False,False,False
150,1,10,39,40,"S' il dînait ou déjeunait, c' étaient les cuisines, le garde-manger, l' office, la poissonnerie, la laiterie du club, qui fournissaient à sa table leurs succulentes réserves; c' étaient les domestiques du club, graves personnages en habit noir, chaussés de souliers à semelles de molleton, qui le servaient dans une porcelaine spéciale et sur un admirable linge en toile de Saxe; c' étaient les cristaux à moule perdu du club qui contenaient son sherry, son porto ou son claret mélangé de cannelle, de capillaire et de cinnamome; c' était enfin la glace du club - glace venue à grands frais des lacs d' Amérique- qui entretenait ses boissons dans un satisfaisant état de fraîcheur.",,venue,à grands frais des lacs d'Amérique,venir,[],['140'],['LOC'],,,,,à des heures chronométriquement déterminées,1872-00-00-12-17,,,à des heures chronométriquement déterminées,1872-00-00-12-17,,,precedent,['noRef_3292'],False,True,False
151,1,10,39,40,"S' il dînait ou déjeunait, c' étaient les cuisines, le garde-manger, l' office, la poissonnerie, la laiterie du club, qui fournissaient à sa table leurs succulentes réserves; c' étaient les domestiques du club, graves personnages en habit noir, chaussés de souliers à semelles de molleton, qui le servaient dans une porcelaine spéciale et sur un admirable linge en toile de Saxe; c' étaient les cristaux à moule perdu du club qui contenaient son sherry, son porto ou son claret mélangé de cannelle, de capillaire et de cinnamome; c' était enfin la glace du club - glace venue à grands frais des lacs d' Amérique- qui entretenait ses boissons dans un satisfaisant état de fraîcheur.",Amérique-qui,entretenait,ses boissons,entretenir,['0'],[],[],,,,,à des heures chronométriquement déterminées,1872-00-00-12-17,,,à des heures chronométriquement déterminées,1872-00-00-12-17,,,precedent,[],True,False,False
152,1,10,39,40,"S' il dînait ou déjeunait, c' étaient les cuisines, le garde-manger, l' office, la poissonnerie, la laiterie du club, qui fournissaient à sa table leurs succulentes réserves; c' étaient les domestiques du club, graves personnages en habit noir, chaussés de souliers à semelles de molleton, qui le servaient dans une porcelaine spéciale et sur un admirable linge en toile de Saxe; c' étaient les cristaux à moule perdu du club qui contenaient son sherry, son porto ou son claret mélangé de cannelle, de capillaire et de cinnamome; c' était enfin la glace du club - glace venue à grands frais des lacs d' Amérique- qui entretenait ses boissons dans un satisfaisant état de fraîcheur.",Amérique-qui,entretenait,dans un satisfaisant état de fraîcheur,entretenir,[],[],[],,,,,à des heures chronométriquement déterminées,1872-00-00-12-17,,,à des heures chronométriquement déterminées,1872-00-00-12-17,,,precedent,[],False,False,False
153,1,11,40,41,"Si vivre dans ces conditions, c' est être un excentrique, il faut convenir que l' excentricité a du bon!",,vivre,dans ces conditions,vivre,[],[],[],,,,,à des heures chronométriquement déterminées,1872-00-00-12-17,,,à des heures chronométriquement déterminées,1872-00-00-12-17,,,precedent,[],False,False,False
154,1,11,40,41,"Si vivre dans ces conditions, c' est être un excentrique, il faut convenir que l' excentricité a du bon!",,est,,être,[],[],[],,,,,à des heures chronométriquement déterminées,1872-00-00-12-17,,,à des heures chronométriquement déterminées,1872-00-00-12-17,,,precedent,[],False,False,False
155,1,11,40,41,"Si vivre dans ces conditions, c' est être un excentrique, il faut convenir que l' excentricité a du bon!",,faut,,falloir,[],[],[],,,,,à des heures chronométriquement déterminées,1872-00-00-12-17,,,à des heures chronométriquement déterminées,1872-00-00-12-17,,,precedent,[],False,False,False
156,1,11,40,41,"Si vivre dans ces conditions, c' est être un excentrique, il faut convenir que l' excentricité a du bon!",,convenir,,convenir,[],[],[],,,,,à des heures chronométriquement déterminées,1872-00-00-12-17,,,à des heures chronométriquement déterminées,1872-00-00-12-17,,,precedent,[],False,False,False
157,1,11,40,41,"Si vivre dans ces conditions, c' est être un excentrique, il faut convenir que l' excentricité a du bon!",l'excentricité,a,du bon,avoir,[],[],[],,,,,à des heures chronométriquement déterminées,1872-00-00-12-17,,,à des heures chronométriquement déterminées,1872-00-00-12-17,,,precedent,[],False,False,False
158,1,12,41,42,"La maison de Saville - row, sans être somptueuse, se recommandait par un extrême confort.",,recommandait,se,recommander,[],[],[],,,,,à des heures chronométriquement déterminées,1872-00-00-12-17,,,à des heures chronométriquement déterminées,1872-00-00-12-17,,,precedent,[],False,False,False
159,1,12,41,42,"La maison de Saville - row, sans être somptueuse, se recommandait par un extrême confort.",,recommandait,par un extrême confort,recommander,[],[],[],,,,,à des heures chronométriquement déterminées,1872-00-00-12-17,,,à des heures chronométriquement déterminées,1872-00-00-12-17,,,precedent,[],False,False,False
160,1,12,42,43,"D' ailleurs, avec les habitudes invariables du locataire, le service s' y réduisait à peu.",le service,réduisait,D'ailleurs,réduire,[],[],[],,,,,à des heures chronométriquement déterminées,1872-00-00-12-17,,,à des heures chronométriquement déterminées,1872-00-00-12-17,,,precedent,[],False,False,False
161,1,12,42,43,"D' ailleurs, avec les habitudes invariables du locataire, le service s' y réduisait à peu.",le service,réduisait,avec les habitudes invariables du locataire,réduire,['0'],[],[],,,,,à des heures chronométriquement déterminées,1872-00-00-12-17,,,à des heures chronométriquement déterminées,1872-00-00-12-17,,,precedent,[],True,False,False
162,1,12,42,43,"D' ailleurs, avec les habitudes invariables du locataire, le service s' y réduisait à peu.",le service,réduisait,s',réduire,[],[],[],,,,,à des heures chronométriquement déterminées,1872-00-00-12-17,,,à des heures chronométriquement déterminées,1872-00-00-12-17,,,precedent,[],False,False,False
163,1,12,42,43,"D' ailleurs, avec les habitudes invariables du locataire, le service s' y réduisait à peu.",le service,réduisait,y,réduire,[],[],[],,,,,à des heures chronométriquement déterminées,1872-00-00-12-17,,,à des heures chronométriquement déterminées,1872-00-00-12-17,,,precedent,[],False,False,False
164,1,12,43,44,"Toutefois, Phileas Fogg exigeait de son unique domestique une ponctualité, une régularité extraordinaires.",Phileas Fogg,exigeait,de son unique domestique,exiger,"['0', '12']",[],[],,,,,à des heures chronométriquement déterminées,1872-00-00-12-17,,,à des heures chronométriquement déterminées,1872-00-00-12-17,,,precedent,[],True,False,False
165,1,12,43,44,"Toutefois, Phileas Fogg exigeait de son unique domestique une ponctualité, une régularité extraordinaires.",Phileas Fogg,exigeait,une ponctualité une régularité extraordinaires,exiger,['0'],[],[],,,,,à des heures chronométriquement déterminées,1872-00-00-12-17,,,à des heures chronométriquement déterminées,1872-00-00-12-17,,,precedent,[],True,False,False
166,1,12,44,45,"Ce jour -là même, 2 octobre, Phileas Fogg avait donné son congé à James Forster- ce garçon s' étant rendu coupable de lui avoir apporté pour sa barbe de l' eau à quatre-vingt-quatre degrés Fahrenheit au lieu de quatre-vingt-six -, et il attendait son successeur, qui devait se présenter entre onze heures et onze heures et demie.",Phileas Fogg,donné,Ce jour -là même,donner,['0'],[],[],ce jour -là même,1872_10_02_00,1872-10-02,1.0,ce jour -là même,1872_10_02_00,1872-10-02,1.0,ce jour -là même,1872_10_02_00,1872-10-02,1.0,phrase,[],True,False,False
167,1,12,44,45,"Ce jour -là même, 2 octobre, Phileas Fogg avait donné son congé à James Forster- ce garçon s' étant rendu coupable de lui avoir apporté pour sa barbe de l' eau à quatre-vingt-quatre degrés Fahrenheit au lieu de quatre-vingt-six -, et il attendait son successeur, qui devait se présenter entre onze heures et onze heures et demie.",Phileas Fogg,donné,2 octobre,donner,['0'],[],[],2 octobre,1872_10_02_00,1872-10-02,1.0,ce jour -là même,1872_10_02_00,1872-10-02,1.0,2 octobre,1872_10_02_00,1872-10-02,1.0,phrase,[],True,False,False
168,1,12,44,45,"Ce jour -là même, 2 octobre, Phileas Fogg avait donné son congé à James Forster- ce garçon s' étant rendu coupable de lui avoir apporté pour sa barbe de l' eau à quatre-vingt-quatre degrés Fahrenheit au lieu de quatre-vingt-six -, et il attendait son successeur, qui devait se présenter entre onze heures et onze heures et demie.",Phileas Fogg,donné,son congé,donner,['0'],[],[],ce jour -là même,1872_10_02_00,1872-10-02,1.0,ce jour -là même,1872_10_02_00,1872-10-02,1.0,ce jour -là même,1872_10_02_00,1872-10-02,1.0,phrase,[],True,False,False
169,1,12,44,45,"Ce jour -là même, 2 octobre, Phileas Fogg avait donné son congé à James Forster- ce garçon s' étant rendu coupable de lui avoir apporté pour sa barbe de l' eau à quatre-vingt-quatre degrés Fahrenheit au lieu de quatre-vingt-six -, et il attendait son successeur, qui devait se présenter entre onze heures et onze heures et demie.",Phileas Fogg,donné,à James Forster,donner,"['0', '12']",[],[],ce jour -là même,1872_10_02_00,1872-10-02,1.0,ce jour -là même,1872_10_02_00,1872-10-02,1.0,ce jour -là même,1872_10_02_00,1872-10-02,1.0,phrase,[],True,False,False
170,1,12,44,45,"Ce jour -là même, 2 octobre, Phileas Fogg avait donné son congé à James Forster- ce garçon s' étant rendu coupable de lui avoir apporté pour sa barbe de l' eau à quatre-vingt-quatre degrés Fahrenheit au lieu de quatre-vingt-six -, et il attendait son successeur, qui devait se présenter entre onze heures et onze heures et demie.",Forster-ce garçon,rendu,s',rendre,['12'],[],[],ce jour -là même,1872_10_02_00,1872-10-02,1.0,ce jour -là même,1872_10_02_00,1872-10-02,1.0,ce jour -là même,1872_10_02_00,1872-10-02,1.0,phrase,[],True,False,False
171,1,12,44,45,"Ce jour -là même, 2 octobre, Phileas Fogg avait donné son congé à James Forster- ce garçon s' étant rendu coupable de lui avoir apporté pour sa barbe de l' eau à quatre-vingt-quatre degrés Fahrenheit au lieu de quatre-vingt-six -, et il attendait son successeur, qui devait se présenter entre onze heures et onze heures et demie.",Forster-ce garçon,apporté,lui,apporter,"['12', '0']",[],[],ce jour -là même,1872_10_02_00,1872-10-02,1.0,ce jour -là même,1872_10_02_00,1872-10-02,1.0,ce jour -là même,1872_10_02_00,1872-10-02,1.0,phrase,[],True,False,False
172,1,12,44,45,"Ce jour -là même, 2 octobre, Phileas Fogg avait donné son congé à James Forster- ce garçon s' étant rendu coupable de lui avoir apporté pour sa barbe de l' eau à quatre-vingt-quatre degrés Fahrenheit au lieu de quatre-vingt-six -, et il attendait son successeur, qui devait se présenter entre onze heures et onze heures et demie.",Forster-ce garçon,apporté,pour sa barbe de l'eau à quatre-vingt-quatre degrés Fahrenheit,apporter,"['12', '0']",[],[],ce jour -là même,1872_10_02_00,1872-10-02,1.0,ce jour -là même,1872_10_02_00,1872-10-02,1.0,ce jour -là même,1872_10_02_00,1872-10-02,1.0,phrase,[],True,False,False
173,1,12,44,45,"Ce jour -là même, 2 octobre, Phileas Fogg avait donné son congé à James Forster- ce garçon s' étant rendu coupable de lui avoir apporté pour sa barbe de l' eau à quatre-vingt-quatre degrés Fahrenheit au lieu de quatre-vingt-six -, et il attendait son successeur, qui devait se présenter entre onze heures et onze heures et demie.",Forster-ce garçon,apporté,"au lieu de quatre-vingt-six-,",apporter,['12'],[],[],ce jour -là même,1872_10_02_00,1872-10-02,1.0,ce jour -là même,1872_10_02_00,1872-10-02,1.0,ce jour -là même,1872_10_02_00,1872-10-02,1.0,phrase,[],True,False,False
174,1,12,44,45,"Ce jour -là même, 2 octobre, Phileas Fogg avait donné son congé à James Forster- ce garçon s' étant rendu coupable de lui avoir apporté pour sa barbe de l' eau à quatre-vingt-quatre degrés Fahrenheit au lieu de quatre-vingt-six -, et il attendait son successeur, qui devait se présenter entre onze heures et onze heures et demie.",il,attendait,son successeur,attendre,"['0', '1']",[],[],ce jour -là même,1872_10_02_00,1872-10-02,1.0,ce jour -là même,1872_10_02_00,1872-10-02,1.0,ce jour -là même,1872_10_02_00,1872-10-02,1.0,phrase,[],True,False,False
175,1,12,44,45,"Ce jour -là même, 2 octobre, Phileas Fogg avait donné son congé à James Forster- ce garçon s' étant rendu coupable de lui avoir apporté pour sa barbe de l' eau à quatre-vingt-quatre degrés Fahrenheit au lieu de quatre-vingt-six -, et il attendait son successeur, qui devait se présenter entre onze heures et onze heures et demie.",qui,devait,,devoir,['1'],[],[],ce jour -là même,1872_10_02_00,1872-10-02,1.0,ce jour -là même,1872_10_02_00,1872-10-02,1.0,ce jour -là même,1872_10_02_00,1872-10-02,1.0,phrase,[],True,False,False
176,1,12,44,45,"Ce jour -là même, 2 octobre, Phileas Fogg avait donné son congé à James Forster- ce garçon s' étant rendu coupable de lui avoir apporté pour sa barbe de l' eau à quatre-vingt-quatre degrés Fahrenheit au lieu de quatre-vingt-six -, et il attendait son successeur, qui devait se présenter entre onze heures et onze heures et demie.",qui,présenter,se,présenter,['1'],[],[],entre onze heures et onze heures et demie,1872_10_02_11,1872-10-02,1.0,ce jour -là même,1872_10_02_00,1872-10-02,1.0,entre onze heures et onze heures et demie,1872_10_02_11,1872-10-02,1.0,phrase,[],True,False,False
177,1,12,44,45,"Ce jour -là même, 2 octobre, Phileas Fogg avait donné son congé à James Forster- ce garçon s' étant rendu coupable de lui avoir apporté pour sa barbe de l' eau à quatre-vingt-quatre degrés Fahrenheit au lieu de quatre-vingt-six -, et il attendait son successeur, qui devait se présenter entre onze heures et onze heures et demie.",qui,présenter,entre onze heures et onze heures et demie,présenter,['1'],[],[],entre onze heures et onze heures et demie,1872_10_02_11,1872-10-02,1.0,ce jour -là même,1872_10_02_00,1872-10-02,1.0,entre onze heures et onze heures et demie,1872_10_02_11,1872-10-02,1.0,phrase,[],True,False,False
178,1,13,45,46,"Phileas Fogg, carrément assis dans son fauteuil, les deux pieds rapprochés comme ceux d' un soldat à la parade, les mains appuyées sur les genoux, le corps droit, la tête haute, regardait marcher l' aiguille de la pendule,- appareil compliqué qui indiquait les heures, les minutes, les secondes, les jours, les quantièmes et l' année.",,assis,dans son fauteuil,asseoir,['0'],[],[],,,,,ce jour -là même,1872_10_02_00,1872-10-02,1.0,ce jour -là même,1872_10_02_00,1872-10-02,1.0,precedent,[],True,False,False
179,1,13,45,46,"Phileas Fogg, carrément assis dans son fauteuil, les deux pieds rapprochés comme ceux d' un soldat à la parade, les mains appuyées sur les genoux, le corps droit, la tête haute, regardait marcher l' aiguille de la pendule,- appareil compliqué qui indiquait les heures, les minutes, les secondes, les jours, les quantièmes et l' année.",,assis,les deux pieds comme ceux d'un soldat à la parade les mains le corps droit la tête haute,asseoir,[],[],[],,,,,ce jour -là même,1872_10_02_00,1872-10-02,1.0,ce jour -là même,1872_10_02_00,1872-10-02,1.0,precedent,[],False,False,False
180,1,13,45,46,"Phileas Fogg, carrément assis dans son fauteuil, les deux pieds rapprochés comme ceux d' un soldat à la parade, les mains appuyées sur les genoux, le corps droit, la tête haute, regardait marcher l' aiguille de la pendule,- appareil compliqué qui indiquait les heures, les minutes, les secondes, les jours, les quantièmes et l' année.",,rapprochés,,rapprocher,[],[],[],,,,,ce jour -là même,1872_10_02_00,1872-10-02,1.0,ce jour -là même,1872_10_02_00,1872-10-02,1.0,precedent,[],False,False,False
181,1,13,45,46,"Phileas Fogg, carrément assis dans son fauteuil, les deux pieds rapprochés comme ceux d' un soldat à la parade, les mains appuyées sur les genoux, le corps droit, la tête haute, regardait marcher l' aiguille de la pendule,- appareil compliqué qui indiquait les heures, les minutes, les secondes, les jours, les quantièmes et l' année.",,appuyées,sur les genoux,appuyer,[],[],[],,,,,ce jour -là même,1872_10_02_00,1872-10-02,1.0,ce jour -là même,1872_10_02_00,1872-10-02,1.0,precedent,[],False,False,False
182,1,13,45,46,"Phileas Fogg, carrément assis dans son fauteuil, les deux pieds rapprochés comme ceux d' un soldat à la parade, les mains appuyées sur les genoux, le corps droit, la tête haute, regardait marcher l' aiguille de la pendule,- appareil compliqué qui indiquait les heures, les minutes, les secondes, les jours, les quantièmes et l' année.",Phileas Fogg,regardait,,regarder,['0'],[],[],,,,,ce jour -là même,1872_10_02_00,1872-10-02,1.0,ce jour -là même,1872_10_02_00,1872-10-02,1.0,precedent,[],True,False,False
183,1,13,45,46,"Phileas Fogg, carrément assis dans son fauteuil, les deux pieds rapprochés comme ceux d' un soldat à la parade, les mains appuyées sur les genoux, le corps droit, la tête haute, regardait marcher l' aiguille de la pendule,- appareil compliqué qui indiquait les heures, les minutes, les secondes, les jours, les quantièmes et l' année.",Phileas Fogg,marcher,l'aiguille de la pendule appareil compliqué,marcher,['0'],[],[],,,,,ce jour -là même,1872_10_02_00,1872-10-02,1.0,ce jour -là même,1872_10_02_00,1872-10-02,1.0,precedent,[],True,False,False
184,1,13,45,46,"Phileas Fogg, carrément assis dans son fauteuil, les deux pieds rapprochés comme ceux d' un soldat à la parade, les mains appuyées sur les genoux, le corps droit, la tête haute, regardait marcher l' aiguille de la pendule,- appareil compliqué qui indiquait les heures, les minutes, les secondes, les jours, les quantièmes et l' année.",qui,indiquait,les heures les minutes les secondes les jours les quantièmes et l'année,indiquer,[],[],[],,,,,ce jour -là même,1872_10_02_00,1872-10-02,1.0,ce jour -là même,1872_10_02_00,1872-10-02,1.0,precedent,[],False,False,False
185,1,13,46,47,"À onze heures et demie sonnant, Mr. Fogg devait, suivant sa quotidienne habitude, quitter la maison et se rendre au Reform - Club.",,sonnant,,sonner,[],[],[],à onze heures et demie sonnant,1872_10_02_11,1872-10-02,1.0,à onze heures et demie sonnant,1872_10_02_11,1872-10-02,1.0,à onze heures et demie sonnant,1872_10_02_11,1872-10-02,1.0,phrase,[],False,False,False
186,1,13,46,47,"À onze heures et demie sonnant, Mr. Fogg devait, suivant sa quotidienne habitude, quitter la maison et se rendre au Reform - Club.",Mr. Fogg,devait,À onze heures et demie,devoir,['0'],[],[],à onze heures et demie sonnant,1872_10_02_11,1872-10-02,1.0,à onze heures et demie sonnant,1872_10_02_11,1872-10-02,1.0,à onze heures et demie sonnant,1872_10_02_11,1872-10-02,1.0,phrase,[],True,False,False
187,1,13,46,47,"À onze heures et demie sonnant, Mr. Fogg devait, suivant sa quotidienne habitude, quitter la maison et se rendre au Reform - Club.",Mr. Fogg,devait,sa quotidienne habitude,devoir,['0'],[],[],à onze heures et demie sonnant,1872_10_02_11,1872-10-02,1.0,à onze heures et demie sonnant,1872_10_02_11,1872-10-02,1.0,à onze heures et demie sonnant,1872_10_02_11,1872-10-02,1.0,phrase,[],True,False,False
188,1,13,46,47,"À onze heures et demie sonnant, Mr. Fogg devait, suivant sa quotidienne habitude, quitter la maison et se rendre au Reform - Club.",,suivant,,suivre,[],[],[],à onze heures et demie sonnant,1872_10_02_11,1872-10-02,1.0,à onze heures et demie sonnant,1872_10_02_11,1872-10-02,1.0,à onze heures et demie sonnant,1872_10_02_11,1872-10-02,1.0,phrase,[],False,False,False
189,1,13,46,47,"À onze heures et demie sonnant, Mr. Fogg devait, suivant sa quotidienne habitude, quitter la maison et se rendre au Reform - Club.",Mr. Fogg,quitter,la maison,quitter,['0'],['5'],['FAC'],à onze heures et demie sonnant,1872_10_02_11,1872-10-02,1.0,à onze heures et demie sonnant,1872_10_02_11,1872-10-02,1.0,à onze heures et demie sonnant,1872_10_02_11,1872-10-02,1.0,phrase,['maison_fogg'],True,True,True
190,1,13,46,47,"À onze heures et demie sonnant, Mr. Fogg devait, suivant sa quotidienne habitude, quitter la maison et se rendre au Reform - Club.",Mr. Fogg,rendre,se,rendre,['0'],[],[],à onze heures et demie sonnant,1872_10_02_11,1872-10-02,1.0,à onze heures et demie sonnant,1872_10_02_11,1872-10-02,1.0,à onze heures et demie sonnant,1872_10_02_11,1872-10-02,1.0,phrase,[],True,False,False
191,1,13,46,47,"À onze heures et demie sonnant, Mr. Fogg devait, suivant sa quotidienne habitude, quitter la maison et se rendre au Reform - Club.",Mr. Fogg,rendre,au Reform-Club,rendre,['0'],['3'],['FAC'],à onze heures et demie sonnant,1872_10_02_11,1872-10-02,1.0,à onze heures et demie sonnant,1872_10_02_11,1872-10-02,1.0,à onze heures et demie sonnant,1872_10_02_11,1872-10-02,1.0,phrase,['reform_club'],True,True,True
192,1,13,46,47,"À onze heures et demie sonnant, Mr. Fogg devait, suivant sa quotidienne habitude, quitter la maison et se rendre au Reform - Club.",Mr. Fogg,rendre,Reform-Club,rendre,['0'],['3'],['FAC'],à onze heures et demie sonnant,1872_10_02_11,1872-10-02,1.0,à onze heures et demie sonnant,1872_10_02_11,1872-10-02,1.0,à onze heures et demie sonnant,1872_10_02_11,1872-10-02,1.0,phrase,['reform_club'],True,True,True
193,1,13,46,47,"À onze heures et demie sonnant, Mr. Fogg devait, suivant sa quotidienne habitude, quitter la maison et se rendre au Reform - Club.",Mr. Fogg,rendre,Reform-Club,rendre,['0'],['3'],['FAC'],à onze heures et demie sonnant,1872_10_02_11,1872-10-02,1.0,à onze heures et demie sonnant,1872_10_02_11,1872-10-02,1.0,à onze heures et demie sonnant,1872_10_02_11,1872-10-02,1.0,phrase,['reform_club'],True,True,True
194,1,14,47,48,"En ce moment, on frappa à la porte du petit salon Dans lequel se tenait Phileas Fogg.",on,frappa,En ce moment,frapper,[],[],[],en ce moment,1872_10_02_11,1872-10-02,1.0,en ce moment,1872_10_02_11,1872-10-02,1.0,en ce moment,1872_10_02_11,1872-10-02,1.0,phrase,[],False,False,False
195,1,14,47,48,"En ce moment, on frappa à la porte du petit salon Dans lequel se tenait Phileas Fogg.",on,frappa,à la porte du petit salon,frapper,[],[],[],en ce moment,1872_10_02_11,1872-10-02,1.0,en ce moment,1872_10_02_11,1872-10-02,1.0,en ce moment,1872_10_02_11,1872-10-02,1.0,phrase,[],False,False,False
196,1,14,47,48,"En ce moment, on frappa à la porte du petit salon Dans lequel se tenait Phileas Fogg.",Phileas Fogg,tenait,Dans lequel,tenir,['0'],[],[],en ce moment,1872_10_02_11,1872-10-02,1.0,en ce moment,1872_10_02_11,1872-10-02,1.0,en ce moment,1872_10_02_11,1872-10-02,1.0,phrase,[],True,False,False
197,1,14,47,48,"En ce moment, on frappa à la porte du petit salon Dans lequel se tenait Phileas Fogg.",Phileas Fogg,tenait,se,tenir,['0'],[],[],en ce moment,1872_10_02_11,1872-10-02,1.0,en ce moment,1872_10_02_11,1872-10-02,1.0,en ce moment,1872_10_02_11,1872-10-02,1.0,phrase,[],True,False,False
198,1,15,48,49,"James Forster, le congédié, apparut.",James Forster le congédié,apparut,,apparaître,['12'],[],[],,,,,en ce moment,1872_10_02_11,1872-10-02,1.0,en ce moment,1872_10_02_11,1872-10-02,1.0,precedent,[],True,False,False
199,1,16,49,50,"«Le nouveau domestique», dit -il.",-il,dit,,dire,['12'],[],[],,,,,en ce moment,1872_10_02_11,1872-10-02,1.0,en ce moment,1872_10_02_11,1872-10-02,1.0,precedent,[],True,False,False
200,1,17,50,51,Un garçon âgé d' une trentaine d' années se montra et salua.,Un garçon âgé d'une trentaine d'années,montra,se,montrer,['1'],[],[],,,,,en ce moment,1872_10_02_11,1872-10-02,1.0,en ce moment,1872_10_02_11,1872-10-02,1.0,precedent,[],True,False,False
201,1,17,50,51,Un garçon âgé d' une trentaine d' années se montra et salua.,Un garçon âgé d'une trentaine d'années,salua,,saluer,['1'],[],[],,,,,en ce moment,1872_10_02_11,1872-10-02,1.0,en ce moment,1872_10_02_11,1872-10-02,1.0,precedent,[],True,False,False
202,1,18,51,52,«Vous êtes Français et vous vous nommez John? lui demanda Phileas Fogg.,vous,nommez,vous,nommer,['1'],[],[],,,,,en ce moment,1872_10_02_11,1872-10-02,1.0,en ce moment,1872_10_02_11,1872-10-02,1.0,precedent,[],True,False,False
203,1,18,51,52,«Vous êtes Français et vous vous nommez John? lui demanda Phileas Fogg.,Phileas Fogg,demanda,lui,demander,"['0', '1']",[],[],,,,,en ce moment,1872_10_02_11,1872-10-02,1.0,en ce moment,1872_10_02_11,1872-10-02,1.0,precedent,[],True,False,False
204,1,19,52,53,"- Jean, n' en déplaise à monsieur, répondit le nouveau venu, Jean Passepartout, un surnom qui m' est resté, et que justifiait mon aptitude naturelle à me tirer d' affaire.",,déplaise,en,déplaire,[],[],[],,,,,en ce moment,1872_10_02_11,1872-10-02,1.0,en ce moment,1872_10_02_11,1872-10-02,1.0,precedent,[],False,False,False
205,1,19,52,53,"- Jean, n' en déplaise à monsieur, répondit le nouveau venu, Jean Passepartout, un surnom qui m' est resté, et que justifiait mon aptitude naturelle à me tirer d' affaire.",,déplaise,à monsieur,déplaire,['0'],[],[],,,,,en ce moment,1872_10_02_11,1872-10-02,1.0,en ce moment,1872_10_02_11,1872-10-02,1.0,precedent,[],True,False,False
206,1,19,52,53,"- Jean, n' en déplaise à monsieur, répondit le nouveau venu, Jean Passepartout, un surnom qui m' est resté, et que justifiait mon aptitude naturelle à me tirer d' affaire.",le nouveau venu Jean Passepartout un surnom,répondit,,répondre,['1'],[],[],,,,,en ce moment,1872_10_02_11,1872-10-02,1.0,en ce moment,1872_10_02_11,1872-10-02,1.0,precedent,[],True,False,False
207,1,19,52,53,"- Jean, n' en déplaise à monsieur, répondit le nouveau venu, Jean Passepartout, un surnom qui m' est resté, et que justifiait mon aptitude naturelle à me tirer d' affaire.",qui,resté,m',rester,['1'],[],[],,,,,en ce moment,1872_10_02_11,1872-10-02,1.0,en ce moment,1872_10_02_11,1872-10-02,1.0,precedent,[],True,False,False
208,1,19,52,53,"- Jean, n' en déplaise à monsieur, répondit le nouveau venu, Jean Passepartout, un surnom qui m' est resté, et que justifiait mon aptitude naturelle à me tirer d' affaire.",qui,justifiait,mon aptitude naturelle,justifier,['1'],[],[],,,,,en ce moment,1872_10_02_11,1872-10-02,1.0,en ce moment,1872_10_02_11,1872-10-02,1.0,precedent,[],True,False,False
209,1,19,52,53,"- Jean, n' en déplaise à monsieur, répondit le nouveau venu, Jean Passepartout, un surnom qui m' est resté, et que justifiait mon aptitude naturelle à me tirer d' affaire.",,tirer,me,tirer,['1'],[],[],,,,,en ce moment,1872_10_02_11,1872-10-02,1.0,en ce moment,1872_10_02_11,1872-10-02,1.0,precedent,[],True,False,False
210,1,19,52,53,"- Jean, n' en déplaise à monsieur, répondit le nouveau venu, Jean Passepartout, un surnom qui m' est resté, et que justifiait mon aptitude naturelle à me tirer d' affaire.",,tirer,d'affaire,tirer,[],[],[],,,,,en ce moment,1872_10_02_11,1872-10-02,1.0,en ce moment,1872_10_02_11,1872-10-02,1.0,precedent,[],False,False,False
211,1,19,53,54,"Je crois être un honnête garçon, monsieur, mais, pour être franc, j' ai fait plusieurs métiers.",Je,crois,,croire,['1'],[],[],,,,,en ce moment,1872_10_02_11,1872-10-02,1.0,en ce moment,1872_10_02_11,1872-10-02,1.0,precedent,[],True,False,False
212,1,19,53,54,"Je crois être un honnête garçon, monsieur, mais, pour être franc, j' ai fait plusieurs métiers.",j',fait,plusieurs métiers,faire,['1'],[],[],,,,,en ce moment,1872_10_02_11,1872-10-02,1.0,en ce moment,1872_10_02_11,1872-10-02,1.0,precedent,[],True,False,False
213,1,19,54,55,"J' ai été chanteur ambulant, écuyer dans un cirque, faisant de la voltige comme Léotard, et dansant sur la corde comme Blondin; puis je suis devenu professeur de gymnastique, afin de rendre mes talents plus utiles, et, en dernier lieu, j' étais sergent de pompiers, à Paris.",,faisant,de la voltige,faire,[],[],[],,,,,en ce moment,1872_10_02_11,1872-10-02,1.0,en ce moment,1872_10_02_11,1872-10-02,1.0,precedent,[],False,False,False
214,1,19,54,55,"J' ai été chanteur ambulant, écuyer dans un cirque, faisant de la voltige comme Léotard, et dansant sur la corde comme Blondin; puis je suis devenu professeur de gymnastique, afin de rendre mes talents plus utiles, et, en dernier lieu, j' étais sergent de pompiers, à Paris.",,faisant,comme Léotard,faire,[],[],[],,,,,en ce moment,1872_10_02_11,1872-10-02,1.0,en ce moment,1872_10_02_11,1872-10-02,1.0,precedent,[],False,False,False
215,1,19,54,55,"J' ai été chanteur ambulant, écuyer dans un cirque, faisant de la voltige comme Léotard, et dansant sur la corde comme Blondin; puis je suis devenu professeur de gymnastique, afin de rendre mes talents plus utiles, et, en dernier lieu, j' étais sergent de pompiers, à Paris.",J',dansant,sur la corde,danser,['1'],[],[],,,,,en ce moment,1872_10_02_11,1872-10-02,1.0,en ce moment,1872_10_02_11,1872-10-02,1.0,precedent,[],True,False,False
216,1,19,54,55,"J' ai été chanteur ambulant, écuyer dans un cirque, faisant de la voltige comme Léotard, et dansant sur la corde comme Blondin; puis je suis devenu professeur de gymnastique, afin de rendre mes talents plus utiles, et, en dernier lieu, j' étais sergent de pompiers, à Paris.",J',dansant,comme Blondin,danser,['1'],[],[],,,,,en ce moment,1872_10_02_11,1872-10-02,1.0,en ce moment,1872_10_02_11,1872-10-02,1.0,precedent,[],True,False,False
217,1,19,54,55,"J' ai été chanteur ambulant, écuyer dans un cirque, faisant de la voltige comme Léotard, et dansant sur la corde comme Blondin; puis je suis devenu professeur de gymnastique, afin de rendre mes talents plus utiles, et, en dernier lieu, j' étais sergent de pompiers, à Paris.",je,devenu,en dernier lieu,devenir,['1'],[],[],,,,,en ce moment,1872_10_02_11,1872-10-02,1.0,en ce moment,1872_10_02_11,1872-10-02,1.0,precedent,[],True,False,False
218,1,19,54,55,"J' ai été chanteur ambulant, écuyer dans un cirque, faisant de la voltige comme Léotard, et dansant sur la corde comme Blondin; puis je suis devenu professeur de gymnastique, afin de rendre mes talents plus utiles, et, en dernier lieu, j' étais sergent de pompiers, à Paris.",je,devenu,à Paris,devenir,['1'],[],[],,,,,en ce moment,1872_10_02_11,1872-10-02,1.0,en ce moment,1872_10_02_11,1872-10-02,1.0,precedent,[],True,False,False
219,1,19,54,55,"J' ai été chanteur ambulant, écuyer dans un cirque, faisant de la voltige comme Léotard, et dansant sur la corde comme Blondin; puis je suis devenu professeur de gymnastique, afin de rendre mes talents plus utiles, et, en dernier lieu, j' étais sergent de pompiers, à Paris.",,rendre,mes talents plus utiles,rendre,['1'],[],[],,,,,en ce moment,1872_10_02_11,1872-10-02,1.0,en ce moment,1872_10_02_11,1872-10-02,1.0,precedent,[],True,False,False
220,1,19,55,56,J' ai même dans mon dossier des incendies remarquables.,J',ai,dans mon dossier,avoir,['1'],[],[],,,,,en ce moment,1872_10_02_11,1872-10-02,1.0,en ce moment,1872_10_02_11,1872-10-02,1.0,precedent,[],True,False,False
221,1,19,55,56,J' ai même dans mon dossier des incendies remarquables.,J',ai,des incendies remarquables,avoir,['1'],[],[],,,,,en ce moment,1872_10_02_11,1872-10-02,1.0,en ce moment,1872_10_02_11,1872-10-02,1.0,precedent,[],True,False,False
222,1,19,56,57,"Mais voilà cinq ans que j' ai quitté la France et que, voulant goûter de la vie de famille, je suis valet de chambre en Angleterre.",je,voilà,cinq ans,voilà,['1'],[],[],voilà cinq ans,1867-00-00-00,,,voilà cinq ans,1867-00-00-00,,,voilà cinq ans,1867-00-00-00,,,phrase,[],True,False,False
223,1,19,56,57,"Mais voilà cinq ans que j' ai quitté la France et que, voulant goûter de la vie de famille, je suis valet de chambre en Angleterre.",j',quitté,la France,quitter,['1'],[],[],voilà cinq ans,1867-00-00-00,,,voilà cinq ans,1867-00-00-00,,,voilà cinq ans,1867-00-00-00,,,phrase,[],True,False,False
224,1,19,56,57,"Mais voilà cinq ans que j' ai quitté la France et que, voulant goûter de la vie de famille, je suis valet de chambre en Angleterre.",,voulant,,vouloir,[],[],[],voilà cinq ans,1867-00-00-00,,,voilà cinq ans,1867-00-00-00,,,voilà cinq ans,1867-00-00-00,,,phrase,[],False,False,False
225,1,19,56,57,"Mais voilà cinq ans que j' ai quitté la France et que, voulant goûter de la vie de famille, je suis valet de chambre en Angleterre.",j',goûter,,goûter,['1'],[],[],voilà cinq ans,1867-00-00-00,,,voilà cinq ans,1867-00-00-00,,,voilà cinq ans,1867-00-00-00,,,phrase,[],True,False,False
226,1,19,56,57,"Mais voilà cinq ans que j' ai quitté la France et que, voulant goûter de la vie de famille, je suis valet de chambre en Angleterre.",j',goûter,de la vie de famille,goûter,['1'],[],[],voilà cinq ans,1867-00-00-00,,,voilà cinq ans,1867-00-00-00,,,voilà cinq ans,1867-00-00-00,,,phrase,[],True,False,False
227,1,19,57,58,"Or, me trouvant sans place et ayant appris que M. Phileas Fogg était l' homme le plus exact et le plus sédentaire du Royaume - Uni, je me suis présenté chez monsieur avec l' espérance d' y vivre tranquille et d' oublier jusqu' à ce nom de Passepartout…",je,trouvant,me,trouver,['1'],[],[],,,,,voilà cinq ans,1867-00-00-00,,,voilà cinq ans,1867-00-00-00,,,precedent,[],True,False,False
228,1,19,57,58,"Or, me trouvant sans place et ayant appris que M. Phileas Fogg était l' homme le plus exact et le plus sédentaire du Royaume - Uni, je me suis présenté chez monsieur avec l' espérance d' y vivre tranquille et d' oublier jusqu' à ce nom de Passepartout…",je,trouvant,sans place,trouver,['1'],[],[],,,,,voilà cinq ans,1867-00-00-00,,,voilà cinq ans,1867-00-00-00,,,precedent,[],True,False,False
229,1,19,57,58,"Or, me trouvant sans place et ayant appris que M. Phileas Fogg était l' homme le plus exact et le plus sédentaire du Royaume - Uni, je me suis présenté chez monsieur avec l' espérance d' y vivre tranquille et d' oublier jusqu' à ce nom de Passepartout…",je,appris,,apprendre,['1'],[],[],,,,,voilà cinq ans,1867-00-00-00,,,voilà cinq ans,1867-00-00-00,,,precedent,[],True,False,False
230,1,19,57,58,"Or, me trouvant sans place et ayant appris que M. Phileas Fogg était l' homme le plus exact et le plus sédentaire du Royaume - Uni, je me suis présenté chez monsieur avec l' espérance d' y vivre tranquille et d' oublier jusqu' à ce nom de Passepartout…",je,présenté,me,présenter,['1'],[],[],,,,,voilà cinq ans,1867-00-00-00,,,voilà cinq ans,1867-00-00-00,,,precedent,[],True,False,False
231,1,19,57,58,"Or, me trouvant sans place et ayant appris que M. Phileas Fogg était l' homme le plus exact et le plus sédentaire du Royaume - Uni, je me suis présenté chez monsieur avec l' espérance d' y vivre tranquille et d' oublier jusqu' à ce nom de Passepartout…",je,présenté,chez monsieur,présenter,"['1', '0']",['5'],['FAC'],,,,,voilà cinq ans,1867-00-00-00,,,voilà cinq ans,1867-00-00-00,,,precedent,['maison_fogg'],True,True,True
232,1,19,57,58,"Or, me trouvant sans place et ayant appris que M. Phileas Fogg était l' homme le plus exact et le plus sédentaire du Royaume - Uni, je me suis présenté chez monsieur avec l' espérance d' y vivre tranquille et d' oublier jusqu' à ce nom de Passepartout…",je,présenté,avec l'espérance,présenter,['1'],[],[],,,,,voilà cinq ans,1867-00-00-00,,,voilà cinq ans,1867-00-00-00,,,precedent,[],True,False,False
233,1,19,57,58,"Or, me trouvant sans place et ayant appris que M. Phileas Fogg était l' homme le plus exact et le plus sédentaire du Royaume - Uni, je me suis présenté chez monsieur avec l' espérance d' y vivre tranquille et d' oublier jusqu' à ce nom de Passepartout…",,vivre,y,vivre,[],['5'],['FAC'],,,,,voilà cinq ans,1867-00-00-00,,,voilà cinq ans,1867-00-00-00,,,precedent,['maison_fogg'],False,True,False
234,1,19,57,58,"Or, me trouvant sans place et ayant appris que M. Phileas Fogg était l' homme le plus exact et le plus sédentaire du Royaume - Uni, je me suis présenté chez monsieur avec l' espérance d' y vivre tranquille et d' oublier jusqu' à ce nom de Passepartout…",,oublier,jusqu'à ce nom de Passepartout,oublier,[],[],[],,,,,voilà cinq ans,1867-00-00-00,,,voilà cinq ans,1867-00-00-00,,,precedent,[],False,False,False
235,1,20,58,59,"- Passepartout me convient, répondit le gentleman.",Passepartout,convient,me,convier,"['1', '0']",[],[],,,,,voilà cinq ans,1867-00-00-00,,,voilà cinq ans,1867-00-00-00,,,precedent,[],True,False,False
236,1,20,58,59,"- Passepartout me convient, répondit le gentleman.",le gentleman,répondit,,répondre,['0'],[],[],,,,,voilà cinq ans,1867-00-00-00,,,voilà cinq ans,1867-00-00-00,,,precedent,[],True,False,False
237,1,20,59,60,Vous m' êtes recommandé.,Vous,recommandé,m',recommander,"['1', '0']",[],[],,,,,voilà cinq ans,1867-00-00-00,,,voilà cinq ans,1867-00-00-00,,,precedent,[],True,False,False
238,1,20,60,61,J' ai de bons renseignements sur votre compte.,J',ai,de bons renseignements sur votre compte,avoir,"['0', '1']",[],[],,,,,voilà cinq ans,1867-00-00-00,,,voilà cinq ans,1867-00-00-00,,,precedent,[],True,False,False
239,1,20,61,62,Vous connaissez mes conditions?,Vous,connaissez,mes conditions,connaître,"['1', '0']",[],[],,,,,voilà cinq ans,1867-00-00-00,,,voilà cinq ans,1867-00-00-00,,,precedent,[],True,False,False
240,1,22,64,65,Quelle heure avez -vous?,Quelle heure,avez,,avoir,[],[],[],,,,,voilà cinq ans,1867-00-00-00,,,voilà cinq ans,1867-00-00-00,,,precedent,[],False,False,False
241,1,23,65,66,"- Onze heures vingt-deux, répondit Passepartout, en tirant des profondeurs de son gousset une énorme montre d' argent.",,répondit,,répondre,[],[],[],onze heures vingt-deux,1872_10_02_11,1872-10-02,1.0,onze heures vingt-deux,1872_10_02_11,1872-10-02,1.0,onze heures vingt-deux,1872_10_02_11,1872-10-02,1.0,phrase,[],False,False,False
242,1,23,65,66,"- Onze heures vingt-deux, répondit Passepartout, en tirant des profondeurs de son gousset une énorme montre d' argent.",,tirant,des profondeurs de son gousset,tirer,['1'],[],[],onze heures vingt-deux,1872_10_02_11,1872-10-02,1.0,onze heures vingt-deux,1872_10_02_11,1872-10-02,1.0,onze heures vingt-deux,1872_10_02_11,1872-10-02,1.0,phrase,[],True,False,False
243,1,23,65,66,"- Onze heures vingt-deux, répondit Passepartout, en tirant des profondeurs de son gousset une énorme montre d' argent.",,tirant,une énorme montre d'argent,tirer,[],[],[],onze heures vingt-deux,1872_10_02_11,1872-10-02,1.0,onze heures vingt-deux,1872_10_02_11,1872-10-02,1.0,onze heures vingt-deux,1872_10_02_11,1872-10-02,1.0,phrase,[],False,False,False
244,1,24,66,67,"-Vous retardez, dit Mr. Fogg.",-Vous,retardez,,retarder,['1'],[],[],,,,,onze heures vingt-deux,1872_10_02_11,1872-10-02,1.0,onze heures vingt-deux,1872_10_02_11,1872-10-02,1.0,precedent,[],True,False,False
245,1,24,66,67,"-Vous retardez, dit Mr. Fogg.",Mr. Fogg,dit,,dire,['0'],[],[],,,,,onze heures vingt-deux,1872_10_02_11,1872-10-02,1.0,onze heures vingt-deux,1872_10_02_11,1872-10-02,1.0,precedent,[],True,False,False
246,1,25,67,68,"- Que monsieur me pardonne, mais c' est impossible.",monsieur,pardonne,me,pardonner,['0'],[],[],,,,,onze heures vingt-deux,1872_10_02_11,1872-10-02,1.0,onze heures vingt-deux,1872_10_02_11,1872-10-02,1.0,precedent,[],True,False,False
247,1,26,68,69,-Vous retardez de quatre minutes.,-Vous,retardez,de quatre minutes,retarder,['1'],[],[],,,,,onze heures vingt-deux,1872_10_02_11,1872-10-02,1.0,onze heures vingt-deux,1872_10_02_11,1872-10-02,1.0,precedent,[],True,False,False
248,1,26,69,70,N' importe.,,importe,,importer,[],[],[],,,,,onze heures vingt-deux,1872_10_02_11,1872-10-02,1.0,onze heures vingt-deux,1872_10_02_11,1872-10-02,1.0,precedent,[],False,False,False
249,1,26,70,71,Il suffit de constater l' écart.,,suffit,,suffire,[],[],[],,,,,onze heures vingt-deux,1872_10_02_11,1872-10-02,1.0,onze heures vingt-deux,1872_10_02_11,1872-10-02,1.0,precedent,[],False,False,False
250,1,26,70,71,Il suffit de constater l' écart.,,constater,l'écart,constater,[],[],[],,,,,onze heures vingt-deux,1872_10_02_11,1872-10-02,1.0,onze heures vingt-deux,1872_10_02_11,1872-10-02,1.0,precedent,[],False,False,False
251,1,26,71,72,"Donc, à partir de ce moment, onze heures vingt-neuf du matin, ce mercredi 2 octobre 1872, vous êtes à mon service.",,partir,,partir,[],[],[],à partir de ce moment,1872_10_02_11,1872-10-02,1.0,à partir de ce moment,1872_10_02_11,1872-10-02,1.0,à partir de ce moment,1872_10_02_11,1872-10-02,1.0,phrase,[],False,False,False
252,1,26,71,72,"Donc, à partir de ce moment, onze heures vingt-neuf du matin, ce mercredi 2 octobre 1872, vous êtes à mon service.",vous,êtes,onze heures vingt-neuf du matin,être,['1'],[],[],onze heures vingt-neuf du matin,1872_10_02_11,1872-10-02,1.0,à partir de ce moment,1872_10_02_11,1872-10-02,1.0,onze heures vingt-neuf du matin,1872_10_02_11,1872-10-02,1.0,phrase,[],True,False,False
253,1,26,71,72,"Donc, à partir de ce moment, onze heures vingt-neuf du matin, ce mercredi 2 octobre 1872, vous êtes à mon service.",vous,êtes,ce mercredi 2 octobre 1872,être,['1'],[],[],ce mercredi 2 octobre 1872,1872_10_02_00,1872-10-02,1.0,à partir de ce moment,1872_10_02_11,1872-10-02,1.0,ce mercredi 2 octobre 1872,1872_10_02_00,1872-10-02,1.0,phrase,[],True,False,False
254,1,26,71,72,"Donc, à partir de ce moment, onze heures vingt-neuf du matin, ce mercredi 2 octobre 1872, vous êtes à mon service.",vous,êtes,à mon service,être,"['1', '0']",[],[],à partir de ce moment,1872_10_02_11,1872-10-02,1.0,à partir de ce moment,1872_10_02_11,1872-10-02,1.0,à partir de ce moment,1872_10_02_11,1872-10-02,1.0,phrase,[],True,False,False
255,1,27,73,74,"Cela dit, Phileas Fogg se leva, prit son chapeau de la main gauche, le plaça sur sa tête avec un mouvement d' automate et disparut sans ajouter une parole.",Cela,dit,,dire,[],[],[],,,,,à partir de ce moment,1872_10_02_11,1872-10-02,1.0,à partir de ce moment,1872_10_02_11,1872-10-02,1.0,precedent,[],False,False,False
256,1,27,73,74,"Cela dit, Phileas Fogg se leva, prit son chapeau de la main gauche, le plaça sur sa tête avec un mouvement d' automate et disparut sans ajouter une parole.",Phileas Fogg,leva,se,lever,['0'],[],[],,,,,à partir de ce moment,1872_10_02_11,1872-10-02,1.0,à partir de ce moment,1872_10_02_11,1872-10-02,1.0,precedent,[],True,False,False
257,1,27,73,74,"Cela dit, Phileas Fogg se leva, prit son chapeau de la main gauche, le plaça sur sa tête avec un mouvement d' automate et disparut sans ajouter une parole.",Phileas Fogg,prit,son chapeau,prendre,['0'],[],[],,,,,à partir de ce moment,1872_10_02_11,1872-10-02,1.0,à partir de ce moment,1872_10_02_11,1872-10-02,1.0,precedent,[],True,False,False
258,1,27,73,74,"Cela dit, Phileas Fogg se leva, prit son chapeau de la main gauche, le plaça sur sa tête avec un mouvement d' automate et disparut sans ajouter une parole.",Phileas Fogg,prit,de la main gauche,prendre,['0'],[],[],,,,,à partir de ce moment,1872_10_02_11,1872-10-02,1.0,à partir de ce moment,1872_10_02_11,1872-10-02,1.0,precedent,[],True,False,False
259,1,27,73,74,"Cela dit, Phileas Fogg se leva, prit son chapeau de la main gauche, le plaça sur sa tête avec un mouvement d' automate et disparut sans ajouter une parole.",Phileas Fogg,plaça,le,placer,['0'],[],[],,,,,à partir de ce moment,1872_10_02_11,1872-10-02,1.0,à partir de ce moment,1872_10_02_11,1872-10-02,1.0,precedent,[],True,False,False
260,1,27,73,74,"Cela dit, Phileas Fogg se leva, prit son chapeau de la main gauche, le plaça sur sa tête avec un mouvement d' automate et disparut sans ajouter une parole.",Phileas Fogg,plaça,sur sa tête,placer,['0'],[],[],,,,,à partir de ce moment,1872_10_02_11,1872-10-02,1.0,à partir de ce moment,1872_10_02_11,1872-10-02,1.0,precedent,[],True,False,False
261,1,27,73,74,"Cela dit, Phileas Fogg se leva, prit son chapeau de la main gauche, le plaça sur sa tête avec un mouvement d' automate et disparut sans ajouter une parole.",Phileas Fogg,plaça,avec un mouvement d'automate,placer,['0'],[],[],,,,,à partir de ce moment,1872_10_02_11,1872-10-02,1.0,à partir de ce moment,1872_10_02_11,1872-10-02,1.0,precedent,[],True,False,False
262,1,27,73,74,"Cela dit, Phileas Fogg se leva, prit son chapeau de la main gauche, le plaça sur sa tête avec un mouvement d' automate et disparut sans ajouter une parole.",Phileas Fogg,disparut,,disparaître,['0'],[],[],,,,,à partir de ce moment,1872_10_02_11,1872-10-02,1.0,à partir de ce moment,1872_10_02_11,1872-10-02,1.0,precedent,[],True,False,False
263,1,27,73,74,"Cela dit, Phileas Fogg se leva, prit son chapeau de la main gauche, le plaça sur sa tête avec un mouvement d' automate et disparut sans ajouter une parole.",,ajouter,une parole,ajouter,[],[],[],,,,,à partir de ce moment,1872_10_02_11,1872-10-02,1.0,à partir de ce moment,1872_10_02_11,1872-10-02,1.0,precedent,[],False,False,False
264,1,28,74,75,"Passepartout entendit la porte de la rue se fermer une première fois: c' était son nouveau maître qui sortait; puis une seconde fois: c' était son prédécesseur, James Forster, qui s' en allait à son tour.",Passepartout,entendit,la porte de la rue,entendre,['1'],['10'],['FAC'],,,,,à partir de ce moment,1872_10_02_11,1872-10-02,1.0,à partir de ce moment,1872_10_02_11,1872-10-02,1.0,precedent,['rue_fogg'],True,True,True
265,1,28,74,75,"Passepartout entendit la porte de la rue se fermer une première fois: c' était son nouveau maître qui sortait; puis une seconde fois: c' était son prédécesseur, James Forster, qui s' en allait à son tour.",Passepartout,entendit,c'était son nouveau maître,entendre,"['1', '0']",[],[],,,,,à partir de ce moment,1872_10_02_11,1872-10-02,1.0,à partir de ce moment,1872_10_02_11,1872-10-02,1.0,precedent,[],True,False,False
266,1,28,74,75,"Passepartout entendit la porte de la rue se fermer une première fois: c' était son nouveau maître qui sortait; puis une seconde fois: c' était son prédécesseur, James Forster, qui s' en allait à son tour.",Passepartout,fermer,une première fois,fermer,['1'],[],[],,,,,à partir de ce moment,1872_10_02_11,1872-10-02,1.0,à partir de ce moment,1872_10_02_11,1872-10-02,1.0,precedent,[],True,False,False
267,1,28,74,75,"Passepartout entendit la porte de la rue se fermer une première fois: c' était son nouveau maître qui sortait; puis une seconde fois: c' était son prédécesseur, James Forster, qui s' en allait à son tour.",qui,sortait,,sortir,['0'],[],[],,,,,à partir de ce moment,1872_10_02_11,1872-10-02,1.0,à partir de ce moment,1872_10_02_11,1872-10-02,1.0,precedent,[],True,False,False
268,1,28,74,75,"Passepartout entendit la porte de la rue se fermer une première fois: c' était son nouveau maître qui sortait; puis une seconde fois: c' était son prédécesseur, James Forster, qui s' en allait à son tour.",qui,allait,s',aller,['12'],[],[],,,,,à partir de ce moment,1872_10_02_11,1872-10-02,1.0,à partir de ce moment,1872_10_02_11,1872-10-02,1.0,precedent,[],True,False,False
269,1,28,74,75,"Passepartout entendit la porte de la rue se fermer une première fois: c' était son nouveau maître qui sortait; puis une seconde fois: c' était son prédécesseur, James Forster, qui s' en allait à son tour.",qui,allait,en,aller,['12'],[],[],,,,,à partir de ce moment,1872_10_02_11,1872-10-02,1.0,à partir de ce moment,1872_10_02_11,1872-10-02,1.0,precedent,[],True,False,False
270,1,28,74,75,"Passepartout entendit la porte de la rue se fermer une première fois: c' était son nouveau maître qui sortait; puis une seconde fois: c' était son prédécesseur, James Forster, qui s' en allait à son tour.",qui,allait,à son tour,aller,['12'],[],[],,,,,à partir de ce moment,1872_10_02_11,1872-10-02,1.0,à partir de ce moment,1872_10_02_11,1872-10-02,1.0,precedent,[],True,False,False
271,1,29,75,76,Passepartout demeura seul dans la maison de Saville - row.,Passepartout,demeura,dans la maison de Saville-row,demeurer,['1'],"['5', '10']",['FAC'],,,,,à partir de ce moment,1872_10_02_11,1872-10-02,1.0,à partir de ce moment,1872_10_02_11,1872-10-02,1.0,precedent,"['maison_fogg', 'rue_fogg']",True,True,True
272,2,30,76,77,"«Sur ma foi, se dit Passepartout, un peu ahuri tout d' abord, j' ai connu chez Mme Tussaud des bonshommes aussi vivants que mon nouveau maître!»",Passepartout,dit,Sur ma foi,dire,['1'],[],[],,,,,à partir de ce moment,1872_10_02_11,1872-10-02,1.0,à partir de ce moment,1872_10_02_11,1872-10-02,1.0,precedent,[],True,False,False
273,2,30,76,77,"«Sur ma foi, se dit Passepartout, un peu ahuri tout d' abord, j' ai connu chez Mme Tussaud des bonshommes aussi vivants que mon nouveau maître!»",Passepartout,dit,se,dire,['1'],[],[],,,,,à partir de ce moment,1872_10_02_11,1872-10-02,1.0,à partir de ce moment,1872_10_02_11,1872-10-02,1.0,precedent,[],True,False,False
274,2,30,76,77,"«Sur ma foi, se dit Passepartout, un peu ahuri tout d' abord, j' ai connu chez Mme Tussaud des bonshommes aussi vivants que mon nouveau maître!»",j',connu,chez Mme Tussaud,connaître,['1'],['106'],['LOC'],,,,,à partir de ce moment,1872_10_02_11,1872-10-02,1.0,à partir de ce moment,1872_10_02_11,1872-10-02,1.0,precedent,['mme_tussaud--135'],True,True,True
275,2,30,76,77,"«Sur ma foi, se dit Passepartout, un peu ahuri tout d' abord, j' ai connu chez Mme Tussaud des bonshommes aussi vivants que mon nouveau maître!»",j',connu,des bonshommes aussi vivants que mon nouveau maître,connaître,"['1', '0']",[],[],,,,,à partir de ce moment,1872_10_02_11,1872-10-02,1.0,à partir de ce moment,1872_10_02_11,1872-10-02,1.0,precedent,[],True,False,False
276,2,31,77,78,"Il convient de dire ici que les« bonshommes» de Mme Tussaud sont des figures de cire, fort visitées à Londres, et auxquelles il ne manque vraiment que la parole.",,convient,,convier,[],[],[],,,,,à partir de ce moment,1872_10_02_11,1872-10-02,1.0,à partir de ce moment,1872_10_02_11,1872-10-02,1.0,precedent,[],False,False,False
277,2,31,77,78,"Il convient de dire ici que les« bonshommes» de Mme Tussaud sont des figures de cire, fort visitées à Londres, et auxquelles il ne manque vraiment que la parole.",,dire,,dire,[],[],[],,,,,à partir de ce moment,1872_10_02_11,1872-10-02,1.0,à partir de ce moment,1872_10_02_11,1872-10-02,1.0,precedent,[],False,False,False
278,2,31,77,78,"Il convient de dire ici que les« bonshommes» de Mme Tussaud sont des figures de cire, fort visitées à Londres, et auxquelles il ne manque vraiment que la parole.",,visitées,à Londres,visiter,[],[],[],,,,,à partir de ce moment,1872_10_02_11,1872-10-02,1.0,à partir de ce moment,1872_10_02_11,1872-10-02,1.0,precedent,[],False,False,False
279,2,31,77,78,"Il convient de dire ici que les« bonshommes» de Mme Tussaud sont des figures de cire, fort visitées à Londres, et auxquelles il ne manque vraiment que la parole.",,manque,que la parole,manque,[],[],[],,,,,à partir de ce moment,1872_10_02_11,1872-10-02,1.0,à partir de ce moment,1872_10_02_11,1872-10-02,1.0,precedent,[],False,False,False
280,2,32,78,79,"Pendant les quelques instants qu' il venait d' entrevoir Phileas Fogg, Passepartout avait rapidement, mais soigneusement examiné son futur maître.",il,venait,qu',venir,['1'],[],[],pendant les quelques instants,1872-10-02-11,1872-10-02,1.0,pendant les quelques instants,1872-10-02-11,1872-10-02,1.0,pendant les quelques instants,1872-10-02-11,1872-10-02,1.0,phrase,[],True,False,False
281,2,32,78,79,"Pendant les quelques instants qu' il venait d' entrevoir Phileas Fogg, Passepartout avait rapidement, mais soigneusement examiné son futur maître.",il,entrevoir,Phileas Fogg,entrevoir,"['1', '0']",[],[],pendant les quelques instants,1872-10-02-11,1872-10-02,1.0,pendant les quelques instants,1872-10-02-11,1872-10-02,1.0,pendant les quelques instants,1872-10-02-11,1872-10-02,1.0,phrase,[],True,False,False
282,2,32,78,79,"Pendant les quelques instants qu' il venait d' entrevoir Phileas Fogg, Passepartout avait rapidement, mais soigneusement examiné son futur maître.",Passepartout,avait,Pendant les quelques instants,avoir,['1'],[],[],pendant les quelques instants,1872-10-02-11,1872-10-02,1.0,pendant les quelques instants,1872-10-02-11,1872-10-02,1.0,pendant les quelques instants,1872-10-02-11,1872-10-02,1.0,phrase,[],True,False,False
283,2,32,78,79,"Pendant les quelques instants qu' il venait d' entrevoir Phileas Fogg, Passepartout avait rapidement, mais soigneusement examiné son futur maître.",Passepartout,examiné,son futur maître,examiner,"['1', '0']",[],[],pendant les quelques instants,1872-10-02-11,1872-10-02,1.0,pendant les quelques instants,1872-10-02-11,1872-10-02,1.0,pendant les quelques instants,1872-10-02-11,1872-10-02,1.0,phrase,[],True,False,False
284,2,32,79,80,"C' était un homme qui pouvait avoir quarante ans, de figure noble et belle, haut de taille, que ne déparait pas un léger embonpoint, blond de cheveux et de favoris, front uni sans apparences de rides aux tempes, figure plutôt pâle que colorée, dents magnifiques.",qui,pouvait,de figure noble et belle,pouvoir,['0'],[],[],,,,,pendant les quelques instants,1872-10-02-11,1872-10-02,1.0,pendant les quelques instants,1872-10-02-11,1872-10-02,1.0,precedent,[],True,False,False
285,2,32,79,80,"C' était un homme qui pouvait avoir quarante ans, de figure noble et belle, haut de taille, que ne déparait pas un léger embonpoint, blond de cheveux et de favoris, front uni sans apparences de rides aux tempes, figure plutôt pâle que colorée, dents magnifiques.",qui,avoir,quarante ans,avoir,['0'],[],[],,,,,pendant les quelques instants,1872-10-02-11,1872-10-02,1.0,pendant les quelques instants,1872-10-02-11,1872-10-02,1.0,precedent,[],True,False,False
286,2,32,79,80,"C' était un homme qui pouvait avoir quarante ans, de figure noble et belle, haut de taille, que ne déparait pas un léger embonpoint, blond de cheveux et de favoris, front uni sans apparences de rides aux tempes, figure plutôt pâle que colorée, dents magnifiques.",un léger embonpoint blond de cheveux et de favoris,déparait,que,déparer,[],[],[],,,,,pendant les quelques instants,1872-10-02-11,1872-10-02,1.0,pendant les quelques instants,1872-10-02-11,1872-10-02,1.0,precedent,[],False,False,False
287,2,32,79,80,"C' était un homme qui pouvait avoir quarante ans, de figure noble et belle, haut de taille, que ne déparait pas un léger embonpoint, blond de cheveux et de favoris, front uni sans apparences de rides aux tempes, figure plutôt pâle que colorée, dents magnifiques.",,uni,sans apparences de rides,unir,[],[],[],,,,,pendant les quelques instants,1872-10-02-11,1872-10-02,1.0,pendant les quelques instants,1872-10-02-11,1872-10-02,1.0,precedent,[],False,False,False
288,2,32,79,80,"C' était un homme qui pouvait avoir quarante ans, de figure noble et belle, haut de taille, que ne déparait pas un léger embonpoint, blond de cheveux et de favoris, front uni sans apparences de rides aux tempes, figure plutôt pâle que colorée, dents magnifiques.",,uni,aux tempes,unir,[],[],[],,,,,pendant les quelques instants,1872-10-02-11,1872-10-02,1.0,pendant les quelques instants,1872-10-02-11,1872-10-02,1.0,precedent,[],False,False,False
289,2,32,80,81,"Il paraissait posséder au plus haut degré ce que les physionomistes appellent« le repos dans l' action», faculté commune à tous ceux qui font plus de besogne que de bruit.",Il,paraissait,,paraître,['0'],[],[],,,,,pendant les quelques instants,1872-10-02-11,1872-10-02,1.0,pendant les quelques instants,1872-10-02-11,1872-10-02,1.0,precedent,[],True,False,False
290,2,32,80,81,"Il paraissait posséder au plus haut degré ce que les physionomistes appellent« le repos dans l' action», faculté commune à tous ceux qui font plus de besogne que de bruit.",Il,posséder,au plus haut degré,posséder,['0'],[],[],,,,,pendant les quelques instants,1872-10-02-11,1872-10-02,1.0,pendant les quelques instants,1872-10-02-11,1872-10-02,1.0,precedent,[],True,False,False
291,2,32,80,81,"Il paraissait posséder au plus haut degré ce que les physionomistes appellent« le repos dans l' action», faculté commune à tous ceux qui font plus de besogne que de bruit.",Il,posséder,ce,posséder,['0'],[],[],,,,,pendant les quelques instants,1872-10-02-11,1872-10-02,1.0,pendant les quelques instants,1872-10-02-11,1872-10-02,1.0,precedent,[],True,False,False
292,2,32,80,81,"Il paraissait posséder au plus haut degré ce que les physionomistes appellent« le repos dans l' action», faculté commune à tous ceux qui font plus de besogne que de bruit.",les physionomistes,appellent,que,appeler,[],[],[],,,,,pendant les quelques instants,1872-10-02-11,1872-10-02,1.0,pendant les quelques instants,1872-10-02-11,1872-10-02,1.0,precedent,[],False,False,False
293,2,32,80,81,"Il paraissait posséder au plus haut degré ce que les physionomistes appellent« le repos dans l' action», faculté commune à tous ceux qui font plus de besogne que de bruit.",qui,font,plus de besogne que de bruit,faire,[],[],[],,,,,pendant les quelques instants,1872-10-02-11,1872-10-02,1.0,pendant les quelques instants,1872-10-02-11,1872-10-02,1.0,precedent,[],False,False,False
294,2,32,81,82,"Calme, flegmatique, l' œil pur, la paupière immobile, c' était le type achevé de ces Anglais à sang - froid qui se rencontrent assez fréquemment dans le Royaume - Uni, et dont Angelica Kauffmann a merveilleusement rendu sous son pinceau l' attitude un peu académique.",,achevé,,achever,[],[],[],,,,,pendant les quelques instants,1872-10-02-11,1872-10-02,1.0,pendant les quelques instants,1872-10-02-11,1872-10-02,1.0,precedent,[],False,False,False
295,2,32,81,82,"Calme, flegmatique, l' œil pur, la paupière immobile, c' était le type achevé de ces Anglais à sang - froid qui se rencontrent assez fréquemment dans le Royaume - Uni, et dont Angelica Kauffmann a merveilleusement rendu sous son pinceau l' attitude un peu académique.",qui,rencontrent,se,rencontrer,[],[],[],,,,,pendant les quelques instants,1872-10-02-11,1872-10-02,1.0,pendant les quelques instants,1872-10-02-11,1872-10-02,1.0,precedent,[],False,False,False
296,2,32,81,82,"Calme, flegmatique, l' œil pur, la paupière immobile, c' était le type achevé de ces Anglais à sang - froid qui se rencontrent assez fréquemment dans le Royaume - Uni, et dont Angelica Kauffmann a merveilleusement rendu sous son pinceau l' attitude un peu académique.",qui,rencontrent,dans le Royaume-Uni,rencontrer,[],[],[],,,,,pendant les quelques instants,1872-10-02-11,1872-10-02,1.0,pendant les quelques instants,1872-10-02-11,1872-10-02,1.0,precedent,[],False,False,False
297,2,32,81,82,"Calme, flegmatique, l' œil pur, la paupière immobile, c' était le type achevé de ces Anglais à sang - froid qui se rencontrent assez fréquemment dans le Royaume - Uni, et dont Angelica Kauffmann a merveilleusement rendu sous son pinceau l' attitude un peu académique.",qui,rencontrent,Royaume-Uni,rencontrer,[],[],[],,,,,pendant les quelques instants,1872-10-02-11,1872-10-02,1.0,pendant les quelques instants,1872-10-02-11,1872-10-02,1.0,precedent,[],False,False,False
298,2,32,81,82,"Calme, flegmatique, l' œil pur, la paupière immobile, c' était le type achevé de ces Anglais à sang - froid qui se rencontrent assez fréquemment dans le Royaume - Uni, et dont Angelica Kauffmann a merveilleusement rendu sous son pinceau l' attitude un peu académique.",qui,rencontrent,Royaume-Uni,rencontrer,[],[],[],,,,,pendant les quelques instants,1872-10-02-11,1872-10-02,1.0,pendant les quelques instants,1872-10-02-11,1872-10-02,1.0,precedent,[],False,False,False
299,2,32,81,82,"Calme, flegmatique, l' œil pur, la paupière immobile, c' était le type achevé de ces Anglais à sang - froid qui se rencontrent assez fréquemment dans le Royaume - Uni, et dont Angelica Kauffmann a merveilleusement rendu sous son pinceau l' attitude un peu académique.",Angelica Kauffmann,rendu,sous son pinceau,rendre,[],[],[],,,,,pendant les quelques instants,1872-10-02-11,1872-10-02,1.0,pendant les quelques instants,1872-10-02-11,1872-10-02,1.0,precedent,[],False,False,False
300,2,32,81,82,"Calme, flegmatique, l' œil pur, la paupière immobile, c' était le type achevé de ces Anglais à sang - froid qui se rencontrent assez fréquemment dans le Royaume - Uni, et dont Angelica Kauffmann a merveilleusement rendu sous son pinceau l' attitude un peu académique.",Angelica Kauffmann,rendu,l'attitude un peu académique,rendre,[],[],[],,,,,pendant les quelques instants,1872-10-02-11,1872-10-02,1.0,pendant les quelques instants,1872-10-02-11,1872-10-02,1.0,precedent,[],False,False,False
301,2,32,82,83,"Vu dans les divers actes de son existence, ce gentleman donnait l' idée d' un être bien équilibré dans toutes ses parties, justement pondéré, aussi parfait qu' un chronomètre de Leroy ou de Earnshaw.",ce gentleman,Vu,dans les divers actes de son existence,voir,['0'],[],[],,,,,pendant les quelques instants,1872-10-02-11,1872-10-02,1.0,pendant les quelques instants,1872-10-02-11,1872-10-02,1.0,precedent,[],True,False,False
302,2,32,82,83,"Vu dans les divers actes de son existence, ce gentleman donnait l' idée d' un être bien équilibré dans toutes ses parties, justement pondéré, aussi parfait qu' un chronomètre de Leroy ou de Earnshaw.",ce gentleman,donnait,l'idée d'un être bien équilibré dans toutes ses parties justement pondéré aussi parfait qu'un chronomètre de Leroy ou de Earnshaw,donner,['0'],[],[],,,,,pendant les quelques instants,1872-10-02-11,1872-10-02,1.0,pendant les quelques instants,1872-10-02-11,1872-10-02,1.0,precedent,[],True,False,False
303,2,32,83,84,"C' est qu' en effet, Phileas Fogg était l' exactitude personnifiée, ce qui se voyait clairement à« l' expression de ses pieds et de ses mains», car chez l' homme, aussi bien que chez les animaux, les membres eux - mêmes sont des organes expressifs des passions.",C',est,en effet,être,[],[],[],,,,,pendant les quelques instants,1872-10-02-11,1872-10-02,1.0,pendant les quelques instants,1872-10-02-11,1872-10-02,1.0,precedent,[],False,False,False
304,2,32,83,84,"C' est qu' en effet, Phileas Fogg était l' exactitude personnifiée, ce qui se voyait clairement à« l' expression de ses pieds et de ses mains», car chez l' homme, aussi bien que chez les animaux, les membres eux - mêmes sont des organes expressifs des passions.",C',est,chez l'homme aussi bien que chez les animaux,être,[],[],[],,,,,pendant les quelques instants,1872-10-02-11,1872-10-02,1.0,pendant les quelques instants,1872-10-02-11,1872-10-02,1.0,precedent,[],False,False,False
305,2,32,83,84,"C' est qu' en effet, Phileas Fogg était l' exactitude personnifiée, ce qui se voyait clairement à« l' expression de ses pieds et de ses mains», car chez l' homme, aussi bien que chez les animaux, les membres eux - mêmes sont des organes expressifs des passions.",,personnifiée,,personnifier,[],[],[],,,,,pendant les quelques instants,1872-10-02-11,1872-10-02,1.0,pendant les quelques instants,1872-10-02-11,1872-10-02,1.0,precedent,[],False,False,False
306,2,32,83,84,"C' est qu' en effet, Phileas Fogg était l' exactitude personnifiée, ce qui se voyait clairement à« l' expression de ses pieds et de ses mains», car chez l' homme, aussi bien que chez les animaux, les membres eux - mêmes sont des organes expressifs des passions.",qui,voyait,se,voir,[],[],[],,,,,pendant les quelques instants,1872-10-02-11,1872-10-02,1.0,pendant les quelques instants,1872-10-02-11,1872-10-02,1.0,precedent,[],False,False,False
307,2,32,83,84,"C' est qu' en effet, Phileas Fogg était l' exactitude personnifiée, ce qui se voyait clairement à« l' expression de ses pieds et de ses mains», car chez l' homme, aussi bien que chez les animaux, les membres eux - mêmes sont des organes expressifs des passions.",qui,voyait,à l'expression de ses pieds et de ses mains,voir,['0'],[],[],,,,,pendant les quelques instants,1872-10-02-11,1872-10-02,1.0,pendant les quelques instants,1872-10-02-11,1872-10-02,1.0,precedent,[],True,False,False
308,2,33,84,85,"Phileas Fogg était de ces gens mathématiquement exacts, qui, jamais pressés et toujours prêts, sont économes de leurs pas et de leurs mouvements.",qui,pressés,,presser,[],[],[],,,,,pendant les quelques instants,1872-10-02-11,1872-10-02,1.0,pendant les quelques instants,1872-10-02-11,1872-10-02,1.0,precedent,[],False,False,False
309,2,33,85,86,"Il ne faisait pas une enjambée de trop, allant toujours par le plus court.",Il,faisait,une enjambée de trop,faire,['0'],[],[],,,,,pendant les quelques instants,1872-10-02-11,1872-10-02,1.0,pendant les quelques instants,1872-10-02-11,1872-10-02,1.0,precedent,[],True,False,False
310,2,33,85,86,"Il ne faisait pas une enjambée de trop, allant toujours par le plus court.",Il,allant,par le plus court,aller,['0'],[],[],,,,,pendant les quelques instants,1872-10-02-11,1872-10-02,1.0,pendant les quelques instants,1872-10-02-11,1872-10-02,1.0,precedent,[],True,False,False
311,2,33,86,87,Il ne perdait pas un regard au plafond.,Il,perdait,un regard au plafond,perdre,['0'],[],[],,,,,pendant les quelques instants,1872-10-02-11,1872-10-02,1.0,pendant les quelques instants,1872-10-02-11,1872-10-02,1.0,precedent,[],True,False,False
312,2,33,87,88,Il ne se permettait aucun geste superflu.,Il,permettait,se,permettre,['0'],[],[],,,,,pendant les quelques instants,1872-10-02-11,1872-10-02,1.0,pendant les quelques instants,1872-10-02-11,1872-10-02,1.0,precedent,[],True,False,False
313,2,33,87,88,Il ne se permettait aucun geste superflu.,Il,permettait,aucun geste superflu,permettre,['0'],[],[],,,,,pendant les quelques instants,1872-10-02-11,1872-10-02,1.0,pendant les quelques instants,1872-10-02-11,1872-10-02,1.0,precedent,[],True,False,False
314,2,33,88,89,On ne l' avait jamais vu ému ni troublé.,On,vu,l',voir,['0'],[],[],,,,,pendant les quelques instants,1872-10-02-11,1872-10-02,1.0,pendant les quelques instants,1872-10-02-11,1872-10-02,1.0,precedent,[],True,False,False
315,2,33,88,89,On ne l' avait jamais vu ému ni troublé.,On,ému,,émouvoir,[],[],[],,,,,pendant les quelques instants,1872-10-02-11,1872-10-02,1.0,pendant les quelques instants,1872-10-02-11,1872-10-02,1.0,precedent,[],False,False,False
316,2,33,88,89,On ne l' avait jamais vu ému ni troublé.,On,troublé,,troubler,[],[],[],,,,,pendant les quelques instants,1872-10-02-11,1872-10-02,1.0,pendant les quelques instants,1872-10-02-11,1872-10-02,1.0,precedent,[],False,False,False
317,2,33,89,90,"C' était l' homme le moins hâté du monde, mais il arrivait toujours à temps.",il,arrivait,à temps,arriver,['0'],[],[],,,,,pendant les quelques instants,1872-10-02-11,1872-10-02,1.0,pendant les quelques instants,1872-10-02-11,1872-10-02,1.0,precedent,[],True,False,False
318,2,33,90,91,"Toutefois, on comprendra qu' il vécût seul et pour ainsi dire en dehors de toute relation sociale.",on,comprendra,,comprendre,[],[],[],,,,,pendant les quelques instants,1872-10-02-11,1872-10-02,1.0,pendant les quelques instants,1872-10-02-11,1872-10-02,1.0,precedent,[],False,False,False
319,2,33,90,91,"Toutefois, on comprendra qu' il vécût seul et pour ainsi dire en dehors de toute relation sociale.",il,vécût,,vivre,['0'],[],[],,,,,pendant les quelques instants,1872-10-02-11,1872-10-02,1.0,pendant les quelques instants,1872-10-02-11,1872-10-02,1.0,precedent,[],True,False,False
320,2,33,90,91,"Toutefois, on comprendra qu' il vécût seul et pour ainsi dire en dehors de toute relation sociale.",,dire,,dire,[],[],[],,,,,pendant les quelques instants,1872-10-02-11,1872-10-02,1.0,pendant les quelques instants,1872-10-02-11,1872-10-02,1.0,precedent,[],False,False,False
321,2,33,91,92,"Il savait que dans la vie il faut faire la part des frottements, et comme les frottements retardent, il ne se frottait à personne.",Il,savait,,savoir,['0'],[],[],,,,,pendant les quelques instants,1872-10-02-11,1872-10-02,1.0,pendant les quelques instants,1872-10-02-11,1872-10-02,1.0,precedent,[],True,False,False
322,2,33,91,92,"Il savait que dans la vie il faut faire la part des frottements, et comme les frottements retardent, il ne se frottait à personne.",Il,faut,dans la vie,falloir,['0'],[],[],,,,,pendant les quelques instants,1872-10-02-11,1872-10-02,1.0,pendant les quelques instants,1872-10-02-11,1872-10-02,1.0,precedent,[],True,False,False
323,2,33,91,92,"Il savait que dans la vie il faut faire la part des frottements, et comme les frottements retardent, il ne se frottait à personne.",,faire,la part des frottements,faire,[],[],[],,,,,pendant les quelques instants,1872-10-02-11,1872-10-02,1.0,pendant les quelques instants,1872-10-02-11,1872-10-02,1.0,precedent,[],False,False,False
324,2,33,91,92,"Il savait que dans la vie il faut faire la part des frottements, et comme les frottements retardent, il ne se frottait à personne.",les frottements,retardent,,retarder,[],[],[],,,,,pendant les quelques instants,1872-10-02-11,1872-10-02,1.0,pendant les quelques instants,1872-10-02-11,1872-10-02,1.0,precedent,[],False,False,False
325,2,33,91,92,"Il savait que dans la vie il faut faire la part des frottements, et comme les frottements retardent, il ne se frottait à personne.",il,frottait,se,frotter,['0'],[],[],,,,,pendant les quelques instants,1872-10-02-11,1872-10-02,1.0,pendant les quelques instants,1872-10-02-11,1872-10-02,1.0,precedent,[],True,False,False
326,2,33,91,92,"Il savait que dans la vie il faut faire la part des frottements, et comme les frottements retardent, il ne se frottait à personne.",il,frottait,à personne,frotter,['0'],[],[],,,,,pendant les quelques instants,1872-10-02-11,1872-10-02,1.0,pendant les quelques instants,1872-10-02-11,1872-10-02,1.0,precedent,[],True,False,False
327,2,34,92,93,"Quant à Jean, dit Passepartout, un vrai Parisien de Paris, depuis cinq ans qu' il habitait l' Angleterre et y faisait à Londres le métier de valet de chambre, il avait cherché vainement un maître auquel il pût s' attacher.",,dit,Passepartout,dire,[],[],[],depuis cinq ans,1867-00-00-00,,,pendant les quelques instants,1872-10-02-11,1872-10-02,1.0,depuis cinq ans,1867-00-00-00,,,phrase,[],False,False,False
328,2,34,92,93,"Quant à Jean, dit Passepartout, un vrai Parisien de Paris, depuis cinq ans qu' il habitait l' Angleterre et y faisait à Londres le métier de valet de chambre, il avait cherché vainement un maître auquel il pût s' attacher.",il,habitait,l'Angleterre,habiter,['1'],[],[],depuis cinq ans,1867-00-00-00,,,depuis cinq ans,1867-00-00-00,,,depuis cinq ans,1867-00-00-00,,,phrase,[],True,False,False
329,2,34,92,93,"Quant à Jean, dit Passepartout, un vrai Parisien de Paris, depuis cinq ans qu' il habitait l' Angleterre et y faisait à Londres le métier de valet de chambre, il avait cherché vainement un maître auquel il pût s' attacher.",il,faisait,y,faire,['1'],[],[],depuis cinq ans,1867-00-00-00,,,depuis cinq ans,1867-00-00-00,,,depuis cinq ans,1867-00-00-00,,,phrase,[],True,False,False
330,2,34,92,93,"Quant à Jean, dit Passepartout, un vrai Parisien de Paris, depuis cinq ans qu' il habitait l' Angleterre et y faisait à Londres le métier de valet de chambre, il avait cherché vainement un maître auquel il pût s' attacher.",il,faisait,à Londres,faire,['1'],[],[],depuis cinq ans,1867-00-00-00,,,depuis cinq ans,1867-00-00-00,,,depuis cinq ans,1867-00-00-00,,,phrase,[],True,False,False
331,2,34,92,93,"Quant à Jean, dit Passepartout, un vrai Parisien de Paris, depuis cinq ans qu' il habitait l' Angleterre et y faisait à Londres le métier de valet de chambre, il avait cherché vainement un maître auquel il pût s' attacher.",il,faisait,le métier de valet de chambre,faire,['1'],[],[],depuis cinq ans,1867-00-00-00,,,depuis cinq ans,1867-00-00-00,,,depuis cinq ans,1867-00-00-00,,,phrase,[],True,False,False
332,2,34,92,93,"Quant à Jean, dit Passepartout, un vrai Parisien de Paris, depuis cinq ans qu' il habitait l' Angleterre et y faisait à Londres le métier de valet de chambre, il avait cherché vainement un maître auquel il pût s' attacher.",il,cherché,Quant à Jean un vrai Parisien de Paris,chercher,['1'],[],[],depuis cinq ans,1867-00-00-00,,,depuis cinq ans,1867-00-00-00,,,depuis cinq ans,1867-00-00-00,,,phrase,[],True,False,False
333,2,34,92,93,"Quant à Jean, dit Passepartout, un vrai Parisien de Paris, depuis cinq ans qu' il habitait l' Angleterre et y faisait à Londres le métier de valet de chambre, il avait cherché vainement un maître auquel il pût s' attacher.",il,cherché,depuis cinq ans,chercher,['1'],[],[],depuis cinq ans,1867-00-00-00,,,depuis cinq ans,1867-00-00-00,,,depuis cinq ans,1867-00-00-00,,,phrase,[],True,False,False
334,2,34,92,93,"Quant à Jean, dit Passepartout, un vrai Parisien de Paris, depuis cinq ans qu' il habitait l' Angleterre et y faisait à Londres le métier de valet de chambre, il avait cherché vainement un maître auquel il pût s' attacher.",il,cherché,un maître,chercher,['1'],[],[],depuis cinq ans,1867-00-00-00,,,depuis cinq ans,1867-00-00-00,,,depuis cinq ans,1867-00-00-00,,,phrase,[],True,False,False
335,2,34,92,93,"Quant à Jean, dit Passepartout, un vrai Parisien de Paris, depuis cinq ans qu' il habitait l' Angleterre et y faisait à Londres le métier de valet de chambre, il avait cherché vainement un maître auquel il pût s' attacher.",il,pût,,pouvoir,['1'],[],[],depuis cinq ans,1867-00-00-00,,,depuis cinq ans,1867-00-00-00,,,depuis cinq ans,1867-00-00-00,,,phrase,[],True,False,False
336,2,34,92,93,"Quant à Jean, dit Passepartout, un vrai Parisien de Paris, depuis cinq ans qu' il habitait l' Angleterre et y faisait à Londres le métier de valet de chambre, il avait cherché vainement un maître auquel il pût s' attacher.",il,attacher,s',attacher,['1'],[],[],depuis cinq ans,1867-00-00-00,,,depuis cinq ans,1867-00-00-00,,,depuis cinq ans,1867-00-00-00,,,phrase,[],True,False,False
337,2,35,93,94,"Passepartout n' était point un de ces Frontins ou Mascarilles qui, les épaules hautes, le nez au vent, le regard assuré, l' œil sec, ne sont que d' impudents drôles. Non.",,assuré,,assurer,[],[],[],,,,,depuis cinq ans,1867-00-00-00,,,depuis cinq ans,1867-00-00-00,,,precedent,[],False,False,False
338,2,35,94,95,"Passepartout était un brave garçon, de physionomie aimable, aux lèvres un peu saillantes, toujours prêtes à goûter ou à caresser, un être doux et serviable, avec une de ces bonnes têtes rondes que l' on aime à voir sur les épaules d' un ami.",,goûter,,goûter,[],[],[],,,,,depuis cinq ans,1867-00-00-00,,,depuis cinq ans,1867-00-00-00,,,precedent,[],False,False,False
339,2,35,94,95,"Passepartout était un brave garçon, de physionomie aimable, aux lèvres un peu saillantes, toujours prêtes à goûter ou à caresser, un être doux et serviable, avec une de ces bonnes têtes rondes que l' on aime à voir sur les épaules d' un ami.",,caresser,,caresser,[],[],[],,,,,depuis cinq ans,1867-00-00-00,,,depuis cinq ans,1867-00-00-00,,,precedent,[],False,False,False
340,2,35,94,95,"Passepartout était un brave garçon, de physionomie aimable, aux lèvres un peu saillantes, toujours prêtes à goûter ou à caresser, un être doux et serviable, avec une de ces bonnes têtes rondes que l' on aime à voir sur les épaules d' un ami.",l',aime,que,aimer,[],[],[],,,,,depuis cinq ans,1867-00-00-00,,,depuis cinq ans,1867-00-00-00,,,precedent,[],False,False,False
341,2,35,94,95,"Passepartout était un brave garçon, de physionomie aimable, aux lèvres un peu saillantes, toujours prêtes à goûter ou à caresser, un être doux et serviable, avec une de ces bonnes têtes rondes que l' on aime à voir sur les épaules d' un ami.",l',voir,sur les épaules d'un ami,voir,[],[],[],,,,,depuis cinq ans,1867-00-00-00,,,depuis cinq ans,1867-00-00-00,,,precedent,[],False,False,False
342,2,35,95,96,"Il avait les yeux bleus, le teint animé, la figure assez grasse pour qu' il pût lui-même voir les pommettes de ses joues, la poitrine large, la taille forte, une musculature vigoureuse, et il possédait une force herculéenne que les exercices de sa jeunesse avaient admirablement développée.",Il,avait,les yeux bleus le teint la figure assez grasse,avoir,['1'],[],[],,,,,depuis cinq ans,1867-00-00-00,,,depuis cinq ans,1867-00-00-00,,,precedent,[],True,False,False
343,2,35,95,96,"Il avait les yeux bleus, le teint animé, la figure assez grasse pour qu' il pût lui-même voir les pommettes de ses joues, la poitrine large, la taille forte, une musculature vigoureuse, et il possédait une force herculéenne que les exercices de sa jeunesse avaient admirablement développée.",,animé,,animer,[],[],[],,,,,depuis cinq ans,1867-00-00-00,,,depuis cinq ans,1867-00-00-00,,,precedent,[],False,False,False
344,2,35,95,96,"Il avait les yeux bleus, le teint animé, la figure assez grasse pour qu' il pût lui-même voir les pommettes de ses joues, la poitrine large, la taille forte, une musculature vigoureuse, et il possédait une force herculéenne que les exercices de sa jeunesse avaient admirablement développée.",il,pût,,pouvoir,['1'],[],[],,,,,depuis cinq ans,1867-00-00-00,,,depuis cinq ans,1867-00-00-00,,,precedent,[],True,False,False
345,2,35,95,96,"Il avait les yeux bleus, le teint animé, la figure assez grasse pour qu' il pût lui-même voir les pommettes de ses joues, la poitrine large, la taille forte, une musculature vigoureuse, et il possédait une force herculéenne que les exercices de sa jeunesse avaient admirablement développée.",il,voir,les pommettes de ses joues la poitrine large la taille forte une musculature vigoureuse,voir,['1'],[],[],,,,,depuis cinq ans,1867-00-00-00,,,depuis cinq ans,1867-00-00-00,,,precedent,[],True,False,False
346,2,35,95,96,"Il avait les yeux bleus, le teint animé, la figure assez grasse pour qu' il pût lui-même voir les pommettes de ses joues, la poitrine large, la taille forte, une musculature vigoureuse, et il possédait une force herculéenne que les exercices de sa jeunesse avaient admirablement développée.",il,possédait,une force herculéenne,posséder,['1'],[],[],,,,,depuis cinq ans,1867-00-00-00,,,depuis cinq ans,1867-00-00-00,,,precedent,[],True,False,False
347,2,35,95,96,"Il avait les yeux bleus, le teint animé, la figure assez grasse pour qu' il pût lui-même voir les pommettes de ses joues, la poitrine large, la taille forte, une musculature vigoureuse, et il possédait une force herculéenne que les exercices de sa jeunesse avaient admirablement développée.",les exercices de sa jeunesse,développée,que,développer,['1'],[],[],,,,,depuis cinq ans,1867-00-00-00,,,depuis cinq ans,1867-00-00-00,,,precedent,[],True,False,False
348,2,35,97,98,"Si les sculpteurs de l' Antiquité connaissaient dix-huit façons d' arranger la chevelure de Minerve, Passepartout n' en connaissait qu' une pour disposer la sienne: trois coups de démêloir, et il était coiffé.",les sculpteurs de l'Antiquité,connaissaient,dix-huit façons,connaître,[],[],[],,,,,depuis cinq ans,1867-00-00-00,,,depuis cinq ans,1867-00-00-00,,,precedent,[],False,False,False
349,2,35,97,98,"Si les sculpteurs de l' Antiquité connaissaient dix-huit façons d' arranger la chevelure de Minerve, Passepartout n' en connaissait qu' une pour disposer la sienne: trois coups de démêloir, et il était coiffé.",,arranger,la chevelure de Minerve,arranger,[],[],[],,,,,depuis cinq ans,1867-00-00-00,,,depuis cinq ans,1867-00-00-00,,,precedent,[],False,False,False
350,2,35,97,98,"Si les sculpteurs de l' Antiquité connaissaient dix-huit façons d' arranger la chevelure de Minerve, Passepartout n' en connaissait qu' une pour disposer la sienne: trois coups de démêloir, et il était coiffé.",Passepartout,connaissait,en,connaître,['1'],[],[],,,,,depuis cinq ans,1867-00-00-00,,,depuis cinq ans,1867-00-00-00,,,precedent,[],True,False,False
351,2,35,97,98,"Si les sculpteurs de l' Antiquité connaissaient dix-huit façons d' arranger la chevelure de Minerve, Passepartout n' en connaissait qu' une pour disposer la sienne: trois coups de démêloir, et il était coiffé.",Passepartout,connaissait,qu'une,connaître,['1'],[],[],,,,,depuis cinq ans,1867-00-00-00,,,depuis cinq ans,1867-00-00-00,,,precedent,[],True,False,False
352,2,35,97,98,"Si les sculpteurs de l' Antiquité connaissaient dix-huit façons d' arranger la chevelure de Minerve, Passepartout n' en connaissait qu' une pour disposer la sienne: trois coups de démêloir, et il était coiffé.",Passepartout,disposer,la sienne,disposer,['1'],[],[],,,,,depuis cinq ans,1867-00-00-00,,,depuis cinq ans,1867-00-00-00,,,precedent,[],True,False,False
353,2,35,97,98,"Si les sculpteurs de l' Antiquité connaissaient dix-huit façons d' arranger la chevelure de Minerve, Passepartout n' en connaissait qu' une pour disposer la sienne: trois coups de démêloir, et il était coiffé.",Passepartout,disposer,trois coups de démêloir,disposer,['1'],[],[],,,,,depuis cinq ans,1867-00-00-00,,,depuis cinq ans,1867-00-00-00,,,precedent,[],True,False,False
354,2,35,97,98,"Si les sculpteurs de l' Antiquité connaissaient dix-huit façons d' arranger la chevelure de Minerve, Passepartout n' en connaissait qu' une pour disposer la sienne: trois coups de démêloir, et il était coiffé.",il,coiffé,,coiffer,['1'],[],[],,,,,depuis cinq ans,1867-00-00-00,,,depuis cinq ans,1867-00-00-00,,,precedent,[],True,False,False
355,2,36,98,99,"De dire si le caractère expansif de ce garçon s' accorderait avec celui de Phileas Fogg, c' est ce que la prudence la plus élémentaire ne permet pas.",,dire,,dire,[],[],[],,,,,depuis cinq ans,1867-00-00-00,,,depuis cinq ans,1867-00-00-00,,,precedent,[],False,False,False
356,2,36,98,99,"De dire si le caractère expansif de ce garçon s' accorderait avec celui de Phileas Fogg, c' est ce que la prudence la plus élémentaire ne permet pas.",le caractère expansif de ce garçon,accorderait,avec celui de Phileas Fogg,accorder,"['1', '0']",[],[],,,,,depuis cinq ans,1867-00-00-00,,,depuis cinq ans,1867-00-00-00,,,precedent,[],True,False,False
357,2,36,98,99,"De dire si le caractère expansif de ce garçon s' accorderait avec celui de Phileas Fogg, c' est ce que la prudence la plus élémentaire ne permet pas.",la prudence la plus élémentaire,permet,que,permettre,[],[],[],,,,,depuis cinq ans,1867-00-00-00,,,depuis cinq ans,1867-00-00-00,,,precedent,[],False,False,False
358,2,36,99,100,Passepartout serait -il ce domestique foncièrement exact qu' il fallait à son maître?,,fallait,qu',falloir,[],[],[],,,,,depuis cinq ans,1867-00-00-00,,,depuis cinq ans,1867-00-00-00,,,precedent,[],False,False,False
359,2,36,99,100,Passepartout serait -il ce domestique foncièrement exact qu' il fallait à son maître?,,fallait,à son maître,falloir,"['1', '0']",[],[],,,,,depuis cinq ans,1867-00-00-00,,,depuis cinq ans,1867-00-00-00,,,precedent,[],True,False,False
360,2,36,100,101,On ne le verrait qu' à l' user.,On,verrait,le,voir,[],[],[],,,,,depuis cinq ans,1867-00-00-00,,,depuis cinq ans,1867-00-00-00,,,precedent,[],False,False,False
361,2,36,100,101,On ne le verrait qu' à l' user.,On,user,l',user,[],[],[],,,,,depuis cinq ans,1867-00-00-00,,,depuis cinq ans,1867-00-00-00,,,precedent,[],False,False,False
362,2,36,101,102,"Après avoir eu, on le sait, une jeunesse assez vagabonde, il aspirait au repos.",on,eu,,avoir,[],[],[],,,,,depuis cinq ans,1867-00-00-00,,,depuis cinq ans,1867-00-00-00,,,precedent,[],False,False,False
363,2,36,101,102,"Après avoir eu, on le sait, une jeunesse assez vagabonde, il aspirait au repos.",on,sait,le,savoir,[],[],[],,,,,depuis cinq ans,1867-00-00-00,,,depuis cinq ans,1867-00-00-00,,,precedent,[],False,False,False
364,2,36,101,102,"Après avoir eu, on le sait, une jeunesse assez vagabonde, il aspirait au repos.",il,aspirait,une jeunesse assez vagabonde,aspirer,['1'],[],[],,,,,depuis cinq ans,1867-00-00-00,,,depuis cinq ans,1867-00-00-00,,,precedent,[],True,False,False
365,2,36,101,102,"Après avoir eu, on le sait, une jeunesse assez vagabonde, il aspirait au repos.",il,aspirait,au repos,aspirer,['1'],[],[],,,,,depuis cinq ans,1867-00-00-00,,,depuis cinq ans,1867-00-00-00,,,precedent,[],True,False,False
366,2,36,102,103,"Ayant entendu vanter le méthodisme anglais et la froideur proverbiale des gentlemen, il vint chercher fortune en Angleterre.",il,entendu,,entendre,['1'],[],[],,,,,depuis cinq ans,1867-00-00-00,,,depuis cinq ans,1867-00-00-00,,,precedent,[],True,False,False
367,2,36,102,103,"Ayant entendu vanter le méthodisme anglais et la froideur proverbiale des gentlemen, il vint chercher fortune en Angleterre.",,vanter,le méthodisme anglais et la froideur proverbiale des gentlemen,vanter,[],[],[],,,,,depuis cinq ans,1867-00-00-00,,,depuis cinq ans,1867-00-00-00,,,precedent,[],False,False,False
368,2,36,102,103,"Ayant entendu vanter le méthodisme anglais et la froideur proverbiale des gentlemen, il vint chercher fortune en Angleterre.",il,vint,,venir,['1'],[],[],,,,,depuis cinq ans,1867-00-00-00,,,depuis cinq ans,1867-00-00-00,,,precedent,[],True,False,False
369,2,36,102,103,"Ayant entendu vanter le méthodisme anglais et la froideur proverbiale des gentlemen, il vint chercher fortune en Angleterre.",il,chercher,fortune,chercher,['1'],[],[],,,,,depuis cinq ans,1867-00-00-00,,,depuis cinq ans,1867-00-00-00,,,precedent,[],True,False,False
370,2,36,102,103,"Ayant entendu vanter le méthodisme anglais et la froideur proverbiale des gentlemen, il vint chercher fortune en Angleterre.",il,chercher,en Angleterre,chercher,['1'],[],[],,,,,depuis cinq ans,1867-00-00-00,,,depuis cinq ans,1867-00-00-00,,,precedent,[],True,False,False
371,2,36,103,104,"Mais, jusqu' alors, le sort l' avait mal servi.",le sort,servi,l',servir,['1'],[],[],,,,,depuis cinq ans,1867-00-00-00,,,depuis cinq ans,1867-00-00-00,,,precedent,[],True,False,False
372,2,36,104,105,Il n' avait pu prendre racine nulle part.,Il,pu,,pouvoir,['1'],[],[],,,,,depuis cinq ans,1867-00-00-00,,,depuis cinq ans,1867-00-00-00,,,precedent,[],True,False,False
373,2,36,104,105,Il n' avait pu prendre racine nulle part.,Il,prendre,racine,prendre,['1'],[],[],,,,,depuis cinq ans,1867-00-00-00,,,depuis cinq ans,1867-00-00-00,,,precedent,[],True,False,False
374,2,36,104,105,Il n' avait pu prendre racine nulle part.,Il,prendre,nulle part,prendre,['1'],[],[],,,,,depuis cinq ans,1867-00-00-00,,,depuis cinq ans,1867-00-00-00,,,precedent,[],True,False,False
375,2,36,105,106,Il avait fait dix maisons.,Il,fait,dix maisons,faire,['1'],['168'],['FAC'],,,,,depuis cinq ans,1867-00-00-00,,,depuis cinq ans,1867-00-00-00,,,precedent,['noRef_1103'],True,True,True
376,2,36,106,107,"Dans toutes, on était fantasque, inégal, coureur d' aventures ou coureur de pays,- ce qui ne pouvait plus convenir à Passepartout.",qui,pouvait,,pouvoir,[],[],[],,,,,depuis cinq ans,1867-00-00-00,,,depuis cinq ans,1867-00-00-00,,,precedent,[],False,False,False
377,2,36,106,107,"Dans toutes, on était fantasque, inégal, coureur d' aventures ou coureur de pays,- ce qui ne pouvait plus convenir à Passepartout.",qui,convenir,à Passepartout,convenir,['1'],[],[],,,,,depuis cinq ans,1867-00-00-00,,,depuis cinq ans,1867-00-00-00,,,precedent,[],True,False,False
378,2,36,107,108,"Son dernier maître, le jeune Lord Longsferry, membre du Parlement, après avoir passé ses nuits dans les« oysters - rooms» d' Hay - Market, rentrait trop souvent au logis sur les épaules des policemen.",,passé,ses nuits,passer,['48'],[],[],,,,,depuis cinq ans,1867-00-00-00,,,depuis cinq ans,1867-00-00-00,,,precedent,[],True,False,False
379,2,36,107,108,"Son dernier maître, le jeune Lord Longsferry, membre du Parlement, après avoir passé ses nuits dans les« oysters - rooms» d' Hay - Market, rentrait trop souvent au logis sur les épaules des policemen.",,passé,dans les oysters-rooms,passer,[],['43'],['LOC'],,,,,depuis cinq ans,1867-00-00-00,,,depuis cinq ans,1867-00-00-00,,,precedent,['M7'],False,True,False
380,2,36,107,108,"Son dernier maître, le jeune Lord Longsferry, membre du Parlement, après avoir passé ses nuits dans les« oysters - rooms» d' Hay - Market, rentrait trop souvent au logis sur les épaules des policemen.",,passé,oysters-rooms,passer,[],['43'],['LOC'],,,,,depuis cinq ans,1867-00-00-00,,,depuis cinq ans,1867-00-00-00,,,precedent,['M7'],False,True,False
381,2,36,107,108,"Son dernier maître, le jeune Lord Longsferry, membre du Parlement, après avoir passé ses nuits dans les« oysters - rooms» d' Hay - Market, rentrait trop souvent au logis sur les épaules des policemen.",,passé,oysters-rooms d'Hay-Market,passer,[],['43'],['LOC'],,,,,depuis cinq ans,1867-00-00-00,,,depuis cinq ans,1867-00-00-00,,,precedent,['M7'],False,True,False
382,2,36,107,108,"Son dernier maître, le jeune Lord Longsferry, membre du Parlement, après avoir passé ses nuits dans les« oysters - rooms» d' Hay - Market, rentrait trop souvent au logis sur les épaules des policemen.",,passé,Hay-Market,passer,[],['43'],['LOC'],,,,,depuis cinq ans,1867-00-00-00,,,depuis cinq ans,1867-00-00-00,,,precedent,['M7'],False,True,False
383,2,36,107,108,"Son dernier maître, le jeune Lord Longsferry, membre du Parlement, après avoir passé ses nuits dans les« oysters - rooms» d' Hay - Market, rentrait trop souvent au logis sur les épaules des policemen.",Son dernier maître le jeune Lord Longsferry membre du Parlement Hay-Market,rentrait,au logis,rentraire,"['1', '48']","['43', '167']","['LOC', 'FAC']",,,,,depuis cinq ans,1867-00-00-00,,,depuis cinq ans,1867-00-00-00,,,precedent,"['M7', 'noRef_1104']",True,True,True
384,2,36,107,108,"Son dernier maître, le jeune Lord Longsferry, membre du Parlement, après avoir passé ses nuits dans les« oysters - rooms» d' Hay - Market, rentrait trop souvent au logis sur les épaules des policemen.",Son dernier maître le jeune Lord Longsferry membre du Parlement Hay-Market,rentrait,sur les épaules des policemen,rentraire,"['1', '48', '17']",['43'],['LOC'],,,,,depuis cinq ans,1867-00-00-00,,,depuis cinq ans,1867-00-00-00,,,precedent,['M7'],True,True,True
385,2,36,108,109,"Passepartout, voulant avant tout pouvoir respecter son maître, risqua quelques respectueuses observations qui furent mal reçues, et il rompit.",,voulant,avant tout,vouloir,[],[],[],,,,,depuis cinq ans,1867-00-00-00,,,depuis cinq ans,1867-00-00-00,,,precedent,[],False,False,False
386,2,36,108,109,"Passepartout, voulant avant tout pouvoir respecter son maître, risqua quelques respectueuses observations qui furent mal reçues, et il rompit.",,pouvoir,,pouvoir,[],[],[],,,,,depuis cinq ans,1867-00-00-00,,,depuis cinq ans,1867-00-00-00,,,precedent,[],False,False,False
387,2,36,108,109,"Passepartout, voulant avant tout pouvoir respecter son maître, risqua quelques respectueuses observations qui furent mal reçues, et il rompit.",,respecter,son maître,respecter,"['1', '48']",[],[],,,,,depuis cinq ans,1867-00-00-00,,,depuis cinq ans,1867-00-00-00,,,precedent,[],True,False,False
388,2,36,108,109,"Passepartout, voulant avant tout pouvoir respecter son maître, risqua quelques respectueuses observations qui furent mal reçues, et il rompit.",Passepartout,risqua,quelques respectueuses observations,risquer,['1'],[],[],,,,,depuis cinq ans,1867-00-00-00,,,depuis cinq ans,1867-00-00-00,,,precedent,[],True,False,False
389,2,36,108,109,"Passepartout, voulant avant tout pouvoir respecter son maître, risqua quelques respectueuses observations qui furent mal reçues, et il rompit.",qui,reçues,,recevoir,[],[],[],,,,,depuis cinq ans,1867-00-00-00,,,depuis cinq ans,1867-00-00-00,,,precedent,[],False,False,False
390,2,36,108,109,"Passepartout, voulant avant tout pouvoir respecter son maître, risqua quelques respectueuses observations qui furent mal reçues, et il rompit.",il,rompit,,rompre,['1'],[],[],,,,,depuis cinq ans,1867-00-00-00,,,depuis cinq ans,1867-00-00-00,,,precedent,[],True,False,False
391,2,36,109,110,"Il apprit, sur les entrefaites, que Phileas Fogg, esq., cherchait un domestique.",Il,apprit,sur les entrefaites,apprendre,['1'],[],[],,,,,depuis cinq ans,1867-00-00-00,,,depuis cinq ans,1867-00-00-00,,,precedent,[],True,False,False
392,2,36,109,110,"Il apprit, sur les entrefaites, que Phileas Fogg, esq., cherchait un domestique.",Phileas Fogg esq,cherchait,un domestique,chercher,['0'],[],[],,,,,depuis cinq ans,1867-00-00-00,,,depuis cinq ans,1867-00-00-00,,,precedent,[],True,False,False
393,2,36,110,111,Il prit des renseignements sur ce gentleman.,Il,prit,des renseignements sur ce gentleman,prendre,"['1', '0']",[],[],,,,,depuis cinq ans,1867-00-00-00,,,depuis cinq ans,1867-00-00-00,,,precedent,[],True,False,False
394,2,36,111,112,"Un personnage dont l' existence était si régulière, qui ne découchait pas, qui ne voyageait pas, qui ne s' absentait jamais, pas même un jour, ne pouvait que lui convenir.",qui,découchait,,découcher,['0'],[],[],,,,,depuis cinq ans,1867-00-00-00,,,depuis cinq ans,1867-00-00-00,,,precedent,[],True,False,False
395,2,36,111,112,"Un personnage dont l' existence était si régulière, qui ne découchait pas, qui ne voyageait pas, qui ne s' absentait jamais, pas même un jour, ne pouvait que lui convenir.",qui,voyageait,,voyager,['0'],[],[],,,,,depuis cinq ans,1867-00-00-00,,,depuis cinq ans,1867-00-00-00,,,precedent,[],True,False,False
396,2,36,111,112,"Un personnage dont l' existence était si régulière, qui ne découchait pas, qui ne voyageait pas, qui ne s' absentait jamais, pas même un jour, ne pouvait que lui convenir.",qui,absentait,s',absenter,['0'],[],[],,,,,depuis cinq ans,1867-00-00-00,,,depuis cinq ans,1867-00-00-00,,,precedent,[],True,False,False
397,2,36,111,112,"Un personnage dont l' existence était si régulière, qui ne découchait pas, qui ne voyageait pas, qui ne s' absentait jamais, pas même un jour, ne pouvait que lui convenir.",Un personnage dont l'existence était si régulière pas même un jour,pouvait,,pouvoir,['0'],[],[],,,,,depuis cinq ans,1867-00-00-00,,,depuis cinq ans,1867-00-00-00,,,precedent,[],True,False,False
398,2,36,111,112,"Un personnage dont l' existence était si régulière, qui ne découchait pas, qui ne voyageait pas, qui ne s' absentait jamais, pas même un jour, ne pouvait que lui convenir.",Un personnage dont l'existence était si régulière pas même un jour,convenir,lui,convenir,"['0', '1']",[],[],,,,,depuis cinq ans,1867-00-00-00,,,depuis cinq ans,1867-00-00-00,,,precedent,[],True,False,False
399,2,36,112,113,Il se présenta et fut admis dans les circonstances que l' on sait.,Il,présenta,se,présenter,['1'],[],[],,,,,depuis cinq ans,1867-00-00-00,,,depuis cinq ans,1867-00-00-00,,,precedent,[],True,False,False
400,2,36,112,113,Il se présenta et fut admis dans les circonstances que l' on sait.,Il,admis,dans les circonstances,admettre,['1'],[],[],,,,,depuis cinq ans,1867-00-00-00,,,depuis cinq ans,1867-00-00-00,,,precedent,[],True,False,False
401,2,36,112,113,Il se présenta et fut admis dans les circonstances que l' on sait.,l',sait,que,savoir,[],[],[],,,,,depuis cinq ans,1867-00-00-00,,,depuis cinq ans,1867-00-00-00,,,precedent,[],False,False,False
402,2,37,113,114,Passepartout- onze heures et demie étant sonnées- se trouvait donc seul dans la maison de Saville - row.,Passepartout,sonnées,,sonner,['1'],[],[],onze heures et demie,1872-10-02-11,1872-10-02,1.0,onze heures et demie,1872-10-02-11,1872-10-02,1.0,onze heures et demie,1872-10-02-11,1872-10-02,1.0,phrase,[],True,False,False
403,2,37,113,114,Passepartout- onze heures et demie étant sonnées- se trouvait donc seul dans la maison de Saville - row.,,trouvait,se,trouver,[],[],[],onze heures et demie,1872-10-02-11,1872-10-02,1.0,onze heures et demie,1872-10-02-11,1872-10-02,1.0,onze heures et demie,1872-10-02-11,1872-10-02,1.0,phrase,[],False,False,False
404,2,37,113,114,Passepartout- onze heures et demie étant sonnées- se trouvait donc seul dans la maison de Saville - row.,,trouvait,dans la maison de Saville-row,trouver,[],"['5', '10']",['FAC'],onze heures et demie,1872-10-02-11,1872-10-02,1.0,onze heures et demie,1872-10-02-11,1872-10-02,1.0,onze heures et demie,1872-10-02-11,1872-10-02,1.0,phrase,"['maison_fogg', 'rue_fogg']",False,True,False
405,2,37,114,115,Aussitôt il en commença l' inspection.,il,commença,en,commencer,['1'],['5'],['FAC'],,,,,onze heures et demie,1872-10-02-11,1872-10-02,1.0,onze heures et demie,1872-10-02-11,1872-10-02,1.0,precedent,['maison_fogg'],True,True,True
406,2,37,114,115,Aussitôt il en commença l' inspection.,il,commença,l'inspection,commencer,['1'],[],[],,,,,onze heures et demie,1872-10-02-11,1872-10-02,1.0,onze heures et demie,1872-10-02-11,1872-10-02,1.0,precedent,[],True,False,False
407,2,37,115,116,Il la parcourut de la cave au grenier.,Il,parcourut,la,parcourir,['1'],['5'],['FAC'],,,,,onze heures et demie,1872-10-02-11,1872-10-02,1.0,onze heures et demie,1872-10-02-11,1872-10-02,1.0,precedent,['maison_fogg'],True,True,True
408,2,37,115,116,Il la parcourut de la cave au grenier.,Il,parcourut,de la cave au grenier,parcourir,['1'],['55'],['LOC'],,,,,onze heures et demie,1872-10-02-11,1872-10-02,1.0,onze heures et demie,1872-10-02-11,1872-10-02,1.0,precedent,['M13'],True,True,True
409,2,37,116,117,"Cette maison propre, rangée, sévère, puritaine, bien organisée pour le service, lui plut.",,rangée,,ranger,[],[],[],,,,,onze heures et demie,1872-10-02-11,1872-10-02,1.0,onze heures et demie,1872-10-02-11,1872-10-02,1.0,precedent,[],False,False,False
410,2,37,116,117,"Cette maison propre, rangée, sévère, puritaine, bien organisée pour le service, lui plut.",,organisée,pour le service,organiser,[],['5'],['FAC'],,,,,onze heures et demie,1872-10-02-11,1872-10-02,1.0,onze heures et demie,1872-10-02-11,1872-10-02,1.0,precedent,['maison_fogg'],False,True,False
411,2,37,116,117,"Cette maison propre, rangée, sévère, puritaine, bien organisée pour le service, lui plut.",Cette maison propre sévère puritaine,plut,lui,pleuvoir,['1'],['5'],['FAC'],,,,,onze heures et demie,1872-10-02-11,1872-10-02,1.0,onze heures et demie,1872-10-02-11,1872-10-02,1.0,precedent,['maison_fogg'],True,True,True
412,2,37,117,118,"Elle lui fit l' effet d' une belle coquille de colimaçon, mais d' une coquille éclairée et chauffée au gaz, car l' hydrogène carburé y suffisait à tous les besoins de lumière et de chaleur.",Elle,fit,lui,faire,['1'],['5'],['FAC'],,,,,onze heures et demie,1872-10-02-11,1872-10-02,1.0,onze heures et demie,1872-10-02-11,1872-10-02,1.0,precedent,['maison_fogg'],True,True,True
413,2,37,117,118,"Elle lui fit l' effet d' une belle coquille de colimaçon, mais d' une coquille éclairée et chauffée au gaz, car l' hydrogène carburé y suffisait à tous les besoins de lumière et de chaleur.",Elle,fit,l'effet,faire,[],['5'],['FAC'],,,,,onze heures et demie,1872-10-02-11,1872-10-02,1.0,onze heures et demie,1872-10-02-11,1872-10-02,1.0,precedent,['maison_fogg'],False,True,False
414,2,37,117,118,"Elle lui fit l' effet d' une belle coquille de colimaçon, mais d' une coquille éclairée et chauffée au gaz, car l' hydrogène carburé y suffisait à tous les besoins de lumière et de chaleur.",Elle,fit,d'une belle coquille de colimaçon mais d'une coquille,faire,[],['5'],['FAC'],,,,,onze heures et demie,1872-10-02-11,1872-10-02,1.0,onze heures et demie,1872-10-02-11,1872-10-02,1.0,precedent,['maison_fogg'],False,True,False
415,2,37,117,118,"Elle lui fit l' effet d' une belle coquille de colimaçon, mais d' une coquille éclairée et chauffée au gaz, car l' hydrogène carburé y suffisait à tous les besoins de lumière et de chaleur.",,éclairée,,éclairer,[],[],[],,,,,onze heures et demie,1872-10-02-11,1872-10-02,1.0,onze heures et demie,1872-10-02-11,1872-10-02,1.0,precedent,[],False,False,False
416,2,37,117,118,"Elle lui fit l' effet d' une belle coquille de colimaçon, mais d' une coquille éclairée et chauffée au gaz, car l' hydrogène carburé y suffisait à tous les besoins de lumière et de chaleur.",,chauffée,au gaz,chauffer,[],[],[],,,,,onze heures et demie,1872-10-02-11,1872-10-02,1.0,onze heures et demie,1872-10-02-11,1872-10-02,1.0,precedent,[],False,False,False
417,2,37,117,118,"Elle lui fit l' effet d' une belle coquille de colimaçon, mais d' une coquille éclairée et chauffée au gaz, car l' hydrogène carburé y suffisait à tous les besoins de lumière et de chaleur.",,carburé,,carburer,[],[],[],,,,,onze heures et demie,1872-10-02-11,1872-10-02,1.0,onze heures et demie,1872-10-02-11,1872-10-02,1.0,precedent,[],False,False,False
418,2,37,117,118,"Elle lui fit l' effet d' une belle coquille de colimaçon, mais d' une coquille éclairée et chauffée au gaz, car l' hydrogène carburé y suffisait à tous les besoins de lumière et de chaleur.",l'hydrogène,suffisait,y,suffire,[],[],[],,,,,onze heures et demie,1872-10-02-11,1872-10-02,1.0,onze heures et demie,1872-10-02-11,1872-10-02,1.0,precedent,[],False,False,False
419,2,37,117,118,"Elle lui fit l' effet d' une belle coquille de colimaçon, mais d' une coquille éclairée et chauffée au gaz, car l' hydrogène carburé y suffisait à tous les besoins de lumière et de chaleur.",l'hydrogène,suffisait,à tous les besoins de lumière et de chaleur,suffire,[],[],[],,,,,onze heures et demie,1872-10-02-11,1872-10-02,1.0,onze heures et demie,1872-10-02-11,1872-10-02,1.0,precedent,[],False,False,False
420,2,37,118,119,"Passepartout trouva sans peine, au second étage, la chambre qui lui était destinée.",Passepartout,trouva,sans peine,trouver,['1'],[],[],,,,,onze heures et demie,1872-10-02-11,1872-10-02,1.0,onze heures et demie,1872-10-02-11,1872-10-02,1.0,precedent,[],True,False,False
421,2,37,118,119,"Passepartout trouva sans peine, au second étage, la chambre qui lui était destinée.",Passepartout,trouva,au second étage,trouver,['1'],[],[],,,,,onze heures et demie,1872-10-02-11,1872-10-02,1.0,onze heures et demie,1872-10-02-11,1872-10-02,1.0,precedent,[],True,False,False
422,2,37,118,119,"Passepartout trouva sans peine, au second étage, la chambre qui lui était destinée.",Passepartout,trouva,la chambre,trouver,['1'],['15'],['FAC'],,,,,onze heures et demie,1872-10-02-11,1872-10-02,1.0,onze heures et demie,1872-10-02-11,1872-10-02,1.0,precedent,['chambre_passepartout'],True,True,True
423,2,37,118,119,"Passepartout trouva sans peine, au second étage, la chambre qui lui était destinée.",qui,destinée,lui,destiner,['1'],['15'],['FAC'],,,,,onze heures et demie,1872-10-02-11,1872-10-02,1.0,onze heures et demie,1872-10-02-11,1872-10-02,1.0,precedent,['chambre_passepartout'],True,True,True
424,2,37,119,120,Elle lui convint.,Elle,convint,lui,convenir,['1'],['15'],['FAC'],,,,,onze heures et demie,1872-10-02-11,1872-10-02,1.0,onze heures et demie,1872-10-02-11,1872-10-02,1.0,precedent,['chambre_passepartout'],True,True,True
425,2,37,120,121,Des timbres électriques et des tuyaux acoustiques la mettaient en communication avec les appartements de l' entresol et du premier étage.,Des timbres électriques et des tuyaux acoustiques,mettaient,la,mettre,[],['15'],['FAC'],,,,,onze heures et demie,1872-10-02-11,1872-10-02,1.0,onze heures et demie,1872-10-02-11,1872-10-02,1.0,precedent,['chambre_passepartout'],False,True,False
426,2,37,120,121,Des timbres électriques et des tuyaux acoustiques la mettaient en communication avec les appartements de l' entresol et du premier étage.,Des timbres électriques et des tuyaux acoustiques,mettaient,en communication avec les appartements de l'entresol et du premier étage,mettre,[],['180'],['FAC'],,,,,onze heures et demie,1872-10-02-11,1872-10-02,1.0,onze heures et demie,1872-10-02-11,1872-10-02,1.0,precedent,['noRef_4023'],False,True,False
427,2,37,121,122,"Sur la cheminée, une pendule électrique correspondait avec la pendule de la chambre à coucher de Phileas Fogg, et les deux appareils battaient au même instant, la même seconde.",une pendule électrique,correspondait,Sur la cheminée,correspondre,[],[],[],,,,,onze heures et demie,1872-10-02-11,1872-10-02,1.0,onze heures et demie,1872-10-02-11,1872-10-02,1.0,precedent,[],False,False,False
428,2,37,121,122,"Sur la cheminée, une pendule électrique correspondait avec la pendule de la chambre à coucher de Phileas Fogg, et les deux appareils battaient au même instant, la même seconde.",une pendule électrique,correspondait,avec la pendule de la chambre à coucher de Phileas Fogg,correspondre,['0'],['45'],['FAC'],,,,,onze heures et demie,1872-10-02-11,1872-10-02,1.0,onze heures et demie,1872-10-02-11,1872-10-02,1.0,precedent,['chambre_fogg'],True,True,True
429,2,37,121,122,"Sur la cheminée, une pendule électrique correspondait avec la pendule de la chambre à coucher de Phileas Fogg, et les deux appareils battaient au même instant, la même seconde.",les deux appareils,battaient,au même instant,battre,[],[],[],,,,,onze heures et demie,1872-10-02-11,1872-10-02,1.0,onze heures et demie,1872-10-02-11,1872-10-02,1.0,precedent,[],False,False,False
430,2,37,121,122,"Sur la cheminée, une pendule électrique correspondait avec la pendule de la chambre à coucher de Phileas Fogg, et les deux appareils battaient au même instant, la même seconde.",les deux appareils,battaient,la même seconde,battre,[],[],[],,,,,onze heures et demie,1872-10-02-11,1872-10-02,1.0,onze heures et demie,1872-10-02-11,1872-10-02,1.0,precedent,[],False,False,False
431,2,38,122,123,"«Cela me va, cela me va!» se dit Passepartout.",Cela,va,me,aller,['1'],[],[],,,,,onze heures et demie,1872-10-02-11,1872-10-02,1.0,onze heures et demie,1872-10-02-11,1872-10-02,1.0,precedent,[],True,False,False
432,2,38,122,123,"«Cela me va, cela me va!» se dit Passepartout.",cela,va,me,aller,['1'],[],[],,,,,onze heures et demie,1872-10-02-11,1872-10-02,1.0,onze heures et demie,1872-10-02-11,1872-10-02,1.0,precedent,[],True,False,False
433,2,38,122,123,"«Cela me va, cela me va!» se dit Passepartout.",Passepartout,dit,se,dire,['1'],[],[],,,,,onze heures et demie,1872-10-02-11,1872-10-02,1.0,onze heures et demie,1872-10-02-11,1872-10-02,1.0,precedent,[],True,False,False
434,2,39,123,124,"Il remarqua aussi, dans sa chambre, une notice affichée au-dessus de la pendule.",Il,remarqua,dans sa chambre,remarquer,['1'],['15'],['FAC'],,,,,onze heures et demie,1872-10-02-11,1872-10-02,1.0,onze heures et demie,1872-10-02-11,1872-10-02,1.0,precedent,['chambre_passepartout'],True,True,True
435,2,39,123,124,"Il remarqua aussi, dans sa chambre, une notice affichée au-dessus de la pendule.",Il,remarqua,une notice,remarquer,['1'],[],[],,,,,onze heures et demie,1872-10-02-11,1872-10-02,1.0,onze heures et demie,1872-10-02-11,1872-10-02,1.0,precedent,[],True,False,False
436,2,39,123,124,"Il remarqua aussi, dans sa chambre, une notice affichée au-dessus de la pendule.",,affichée,au-dessus de la pendule,afficher,[],[],[],,,,,onze heures et demie,1872-10-02-11,1872-10-02,1.0,onze heures et demie,1872-10-02-11,1872-10-02,1.0,precedent,[],False,False,False
437,2,39,125,126,"Il comprenait- depuis huit heures du matin, heure réglementaire à laquelle se levait Phileas Fogg, jusqu' à onze heures et demie, heure à laquelle il quittait sa maison pour aller déjeuner au Reform - Club - tous les détails du service, le thé et les rôties de huit heures vingt-trois, l' eau pour la barbe de neuf heures trente-sept, la coiffure de dix heures moins vingt,etc. Puis de onze heures et demie du matin à minuit - heure à laquelle se couchait le méthodique gentleman -, tout était noté, prévu, régularisé.",Il,comprenait,depuis huit heures du matin heure réglementaire,comprendre,[],[],[],depuis huit heures du matin,1872-00-00-08,,,onze heures et demie,1872-10-02-11,1872-10-02,1.0,depuis huit heures du matin,1872-00-00-08,,,phrase,[],False,False,False
438,2,39,125,126,"Il comprenait- depuis huit heures du matin, heure réglementaire à laquelle se levait Phileas Fogg, jusqu' à onze heures et demie, heure à laquelle il quittait sa maison pour aller déjeuner au Reform - Club - tous les détails du service, le thé et les rôties de huit heures vingt-trois, l' eau pour la barbe de neuf heures trente-sept, la coiffure de dix heures moins vingt,etc. Puis de onze heures et demie du matin à minuit - heure à laquelle se couchait le méthodique gentleman -, tout était noté, prévu, régularisé.",Il,comprenait,jusqu'à onze heures et demie heure Club-tous les détails du service le thé et les rôties de huit heures vingt-trois l'eau pour la barbe de neuf heures trente-sept la coiffure de dix heures moins vingt,comprendre,[],[],[],jusqu' à onze heures et demie,1872_00_00_11,,,onze heures et demie,1872-10-02-11,1872-10-02,1.0,jusqu' à onze heures et demie,1872_00_00_11,,,phrase,[],False,False,False
439,2,39,125,126,"Il comprenait- depuis huit heures du matin, heure réglementaire à laquelle se levait Phileas Fogg, jusqu' à onze heures et demie, heure à laquelle il quittait sa maison pour aller déjeuner au Reform - Club - tous les détails du service, le thé et les rôties de huit heures vingt-trois, l' eau pour la barbe de neuf heures trente-sept, la coiffure de dix heures moins vingt,etc. Puis de onze heures et demie du matin à minuit - heure à laquelle se couchait le méthodique gentleman -, tout était noté, prévu, régularisé.",Phileas Fogg,levait,,lever,['0'],[],[],depuis huit heures du matin,1872-00-00-08,,,depuis huit heures du matin,1872-00-00-08,,,depuis huit heures du matin,1872-00-00-08,,,phrase,[],True,False,False
440,2,39,125,126,"Il comprenait- depuis huit heures du matin, heure réglementaire à laquelle se levait Phileas Fogg, jusqu' à onze heures et demie, heure à laquelle il quittait sa maison pour aller déjeuner au Reform - Club - tous les détails du service, le thé et les rôties de huit heures vingt-trois, l' eau pour la barbe de neuf heures trente-sept, la coiffure de dix heures moins vingt,etc. Puis de onze heures et demie du matin à minuit - heure à laquelle se couchait le méthodique gentleman -, tout était noté, prévu, régularisé.",il,quittait,sa maison,quitter,['0'],['5'],['FAC'],depuis huit heures du matin,1872-00-00-08,,,depuis huit heures du matin,1872-00-00-08,,,depuis huit heures du matin,1872-00-00-08,,,phrase,['maison_fogg'],True,True,True
441,2,39,125,126,"Il comprenait- depuis huit heures du matin, heure réglementaire à laquelle se levait Phileas Fogg, jusqu' à onze heures et demie, heure à laquelle il quittait sa maison pour aller déjeuner au Reform - Club - tous les détails du service, le thé et les rôties de huit heures vingt-trois, l' eau pour la barbe de neuf heures trente-sept, la coiffure de dix heures moins vingt,etc. Puis de onze heures et demie du matin à minuit - heure à laquelle se couchait le méthodique gentleman -, tout était noté, prévu, régularisé.",il,aller,,aller,['0'],[],[],depuis huit heures du matin,1872-00-00-08,,,depuis huit heures du matin,1872-00-00-08,,,depuis huit heures du matin,1872-00-00-08,,,phrase,[],True,False,False
442,2,39,125,126,"Il comprenait- depuis huit heures du matin, heure réglementaire à laquelle se levait Phileas Fogg, jusqu' à onze heures et demie, heure à laquelle il quittait sa maison pour aller déjeuner au Reform - Club - tous les détails du service, le thé et les rôties de huit heures vingt-trois, l' eau pour la barbe de neuf heures trente-sept, la coiffure de dix heures moins vingt,etc. Puis de onze heures et demie du matin à minuit - heure à laquelle se couchait le méthodique gentleman -, tout était noté, prévu, régularisé.",,déjeuner,au Reform-Club,déjeuner,[],['3'],['FAC'],depuis huit heures du matin,1872-00-00-08,,,depuis huit heures du matin,1872-00-00-08,,,depuis huit heures du matin,1872-00-00-08,,,phrase,['reform_club'],False,True,False
443,2,39,125,126,"Il comprenait- depuis huit heures du matin, heure réglementaire à laquelle se levait Phileas Fogg, jusqu' à onze heures et demie, heure à laquelle il quittait sa maison pour aller déjeuner au Reform - Club - tous les détails du service, le thé et les rôties de huit heures vingt-trois, l' eau pour la barbe de neuf heures trente-sept, la coiffure de dix heures moins vingt,etc. Puis de onze heures et demie du matin à minuit - heure à laquelle se couchait le méthodique gentleman -, tout était noté, prévu, régularisé.",,déjeuner,Reform-Club,déjeuner,[],['3'],['FAC'],depuis huit heures du matin,1872-00-00-08,,,depuis huit heures du matin,1872-00-00-08,,,depuis huit heures du matin,1872-00-00-08,,,phrase,['reform_club'],False,True,False
444,2,39,125,126,"Il comprenait- depuis huit heures du matin, heure réglementaire à laquelle se levait Phileas Fogg, jusqu' à onze heures et demie, heure à laquelle il quittait sa maison pour aller déjeuner au Reform - Club - tous les détails du service, le thé et les rôties de huit heures vingt-trois, l' eau pour la barbe de neuf heures trente-sept, la coiffure de dix heures moins vingt,etc. Puis de onze heures et demie du matin à minuit - heure à laquelle se couchait le méthodique gentleman -, tout était noté, prévu, régularisé.",,déjeuner,Reform-Club-tous,déjeuner,[],['3'],['FAC'],depuis huit heures du matin,1872-00-00-08,,,depuis huit heures du matin,1872-00-00-08,,,depuis huit heures du matin,1872-00-00-08,,,phrase,['reform_club'],False,True,False
445,2,39,125,126,"Il comprenait- depuis huit heures du matin, heure réglementaire à laquelle se levait Phileas Fogg, jusqu' à onze heures et demie, heure à laquelle il quittait sa maison pour aller déjeuner au Reform - Club - tous les détails du service, le thé et les rôties de huit heures vingt-trois, l' eau pour la barbe de neuf heures trente-sept, la coiffure de dix heures moins vingt,etc. Puis de onze heures et demie du matin à minuit - heure à laquelle se couchait le méthodique gentleman -, tout était noté, prévu, régularisé.",le méthodique gentleman,couchait,se,coucher,['0'],[],[],depuis huit heures du matin,1872-00-00-08,,,depuis huit heures du matin,1872-00-00-08,,,depuis huit heures du matin,1872-00-00-08,,,phrase,[],True,False,False
446,2,39,125,126,"Il comprenait- depuis huit heures du matin, heure réglementaire à laquelle se levait Phileas Fogg, jusqu' à onze heures et demie, heure à laquelle il quittait sa maison pour aller déjeuner au Reform - Club - tous les détails du service, le thé et les rôties de huit heures vingt-trois, l' eau pour la barbe de neuf heures trente-sept, la coiffure de dix heures moins vingt,etc. Puis de onze heures et demie du matin à minuit - heure à laquelle se couchait le méthodique gentleman -, tout était noté, prévu, régularisé.",tout,noté,"de onze heures et demie du matin à minuit-heure gentleman-,",noter,[],[],[],depuis huit heures du matin,1872-00-00-08,,,depuis huit heures du matin,1872-00-00-08,,,depuis huit heures du matin,1872-00-00-08,,,phrase,[],False,False,False
447,2,39,125,126,"Il comprenait- depuis huit heures du matin, heure réglementaire à laquelle se levait Phileas Fogg, jusqu' à onze heures et demie, heure à laquelle il quittait sa maison pour aller déjeuner au Reform - Club - tous les détails du service, le thé et les rôties de huit heures vingt-trois, l' eau pour la barbe de neuf heures trente-sept, la coiffure de dix heures moins vingt,etc. Puis de onze heures et demie du matin à minuit - heure à laquelle se couchait le méthodique gentleman -, tout était noté, prévu, régularisé.",tout,prévu,,prévoir,[],[],[],depuis huit heures du matin,1872-00-00-08,,,depuis huit heures du matin,1872-00-00-08,,,depuis huit heures du matin,1872-00-00-08,,,phrase,[],False,False,False
448,2,39,125,126,"Il comprenait- depuis huit heures du matin, heure réglementaire à laquelle se levait Phileas Fogg, jusqu' à onze heures et demie, heure à laquelle il quittait sa maison pour aller déjeuner au Reform - Club - tous les détails du service, le thé et les rôties de huit heures vingt-trois, l' eau pour la barbe de neuf heures trente-sept, la coiffure de dix heures moins vingt,etc. Puis de onze heures et demie du matin à minuit - heure à laquelle se couchait le méthodique gentleman -, tout était noté, prévu, régularisé.",tout,régularisé,,régulariser,[],[],[],depuis huit heures du matin,1872-00-00-08,,,depuis huit heures du matin,1872-00-00-08,,,depuis huit heures du matin,1872-00-00-08,,,phrase,[],False,False,False
449,2,39,126,127,Passepartout se fit une joie de méditer ce programme et d' en graver les divers articles dans son esprit.,Passepartout,fit,se,faire,['1'],[],[],,,,,depuis huit heures du matin,1872-00-00-08,,,depuis huit heures du matin,1872-00-00-08,,,precedent,[],True,False,False
450,2,39,126,127,Passepartout se fit une joie de méditer ce programme et d' en graver les divers articles dans son esprit.,Passepartout,fit,une joie,faire,['1'],[],[],,,,,depuis huit heures du matin,1872-00-00-08,,,depuis huit heures du matin,1872-00-00-08,,,precedent,[],True,False,False
451,2,39,126,127,Passepartout se fit une joie de méditer ce programme et d' en graver les divers articles dans son esprit.,Passepartout,méditer,ce programme,méditer,['1'],[],[],,,,,depuis huit heures du matin,1872-00-00-08,,,depuis huit heures du matin,1872-00-00-08,,,precedent,[],True,False,False
452,2,39,126,127,Passepartout se fit une joie de méditer ce programme et d' en graver les divers articles dans son esprit.,Passepartout,graver,en,graver,['1'],[],[],,,,,depuis huit heures du matin,1872-00-00-08,,,depuis huit heures du matin,1872-00-00-08,,,precedent,[],True,False,False
453,2,39,126,127,Passepartout se fit une joie de méditer ce programme et d' en graver les divers articles dans son esprit.,Passepartout,graver,les divers articles,graver,['1'],[],[],,,,,depuis huit heures du matin,1872-00-00-08,,,depuis huit heures du matin,1872-00-00-08,,,precedent,[],True,False,False
454,2,39,126,127,Passepartout se fit une joie de méditer ce programme et d' en graver les divers articles dans son esprit.,Passepartout,graver,dans son esprit,graver,['1'],[],[],,,,,depuis huit heures du matin,1872-00-00-08,,,depuis huit heures du matin,1872-00-00-08,,,precedent,[],True,False,False
455,2,40,127,128,"Quant à la garde-robe de monsieur, elle était fort bien montée et merveilleusement comprise.",elle,montée,Quant à la garde-robe de monsieur,monter,['1'],[],[],,,,,depuis huit heures du matin,1872-00-00-08,,,depuis huit heures du matin,1872-00-00-08,,,precedent,[],True,False,False
456,2,40,127,128,"Quant à la garde-robe de monsieur, elle était fort bien montée et merveilleusement comprise.",elle,comprise,,comprendre,[],[],[],,,,,depuis huit heures du matin,1872-00-00-08,,,depuis huit heures du matin,1872-00-00-08,,,precedent,[],False,False,False
457,2,40,128,129,"Chaque pantalon, habit ou gilet portait un numéro d' ordre reproduit sur un registre d' entrée et de sortie, indiquant la date à laquelle, suivant la saison, ces vêtements devaient être tour à tour portés.",Chaque pantalon habit ou gilet,portait,un numéro d'ordre,porter,[],[],[],,,,,depuis huit heures du matin,1872-00-00-08,,,depuis huit heures du matin,1872-00-00-08,,,precedent,[],False,False,False
458,2,40,128,129,"Chaque pantalon, habit ou gilet portait un numéro d' ordre reproduit sur un registre d' entrée et de sortie, indiquant la date à laquelle, suivant la saison, ces vêtements devaient être tour à tour portés.",,reproduit,sur un registre d'entrée et de sortie,reproduire,[],[],[],,,,,depuis huit heures du matin,1872-00-00-08,,,depuis huit heures du matin,1872-00-00-08,,,precedent,[],False,False,False
459,2,40,128,129,"Chaque pantalon, habit ou gilet portait un numéro d' ordre reproduit sur un registre d' entrée et de sortie, indiquant la date à laquelle, suivant la saison, ces vêtements devaient être tour à tour portés.",,indiquant,la date,indiquer,[],[],[],,,,,depuis huit heures du matin,1872-00-00-08,,,depuis huit heures du matin,1872-00-00-08,,,precedent,[],False,False,False
460,2,40,128,129,"Chaque pantalon, habit ou gilet portait un numéro d' ordre reproduit sur un registre d' entrée et de sortie, indiquant la date à laquelle, suivant la saison, ces vêtements devaient être tour à tour portés.",,suivant,,suivre,[],[],[],,,,,depuis huit heures du matin,1872-00-00-08,,,depuis huit heures du matin,1872-00-00-08,,,precedent,[],False,False,False
461,2,40,128,129,"Chaque pantalon, habit ou gilet portait un numéro d' ordre reproduit sur un registre d' entrée et de sortie, indiquant la date à laquelle, suivant la saison, ces vêtements devaient être tour à tour portés.",ces vêtements,devaient,à laquelle,devoir,[],[],[],,,,,depuis huit heures du matin,1872-00-00-08,,,depuis huit heures du matin,1872-00-00-08,,,precedent,[],False,False,False
462,2,40,128,129,"Chaque pantalon, habit ou gilet portait un numéro d' ordre reproduit sur un registre d' entrée et de sortie, indiquant la date à laquelle, suivant la saison, ces vêtements devaient être tour à tour portés.",ces vêtements,devaient,la saison,devoir,[],[],[],,,,,depuis huit heures du matin,1872-00-00-08,,,depuis huit heures du matin,1872-00-00-08,,,precedent,[],False,False,False
463,2,40,128,129,"Chaque pantalon, habit ou gilet portait un numéro d' ordre reproduit sur un registre d' entrée et de sortie, indiquant la date à laquelle, suivant la saison, ces vêtements devaient être tour à tour portés.",ces vêtements,portés,,porter,[],[],[],,,,,depuis huit heures du matin,1872-00-00-08,,,depuis huit heures du matin,1872-00-00-08,,,precedent,[],False,False,False
464,2,41,130,131,"En somme, dans cette maison de Saville - row qui devait être le temple du désordre à l' époque de l' illustre mais dissipé Sheridan -, ameublement confortable, annonçant une belle aisance.",qui,devait,"à l'époque de l'illustre mais dissipé Sheridan-, ameublement confortable",devoir,[],['5'],['FAC'],,,,,depuis huit heures du matin,1872-00-00-08,,,depuis huit heures du matin,1872-00-00-08,,,precedent,['maison_fogg'],False,True,False
465,2,41,130,131,"En somme, dans cette maison de Saville - row qui devait être le temple du désordre à l' époque de l' illustre mais dissipé Sheridan -, ameublement confortable, annonçant une belle aisance.",,annonçant,une belle aisance,annoncer,[],[],[],,,,,depuis huit heures du matin,1872-00-00-08,,,depuis huit heures du matin,1872-00-00-08,,,precedent,[],False,False,False
466,2,41,131,132,"Pas de bibliothèque, pas de livres, qui eussent été sans utilité pour Mr. Fogg, puisque le Reform - Club mettait à sa disposition deux bibliothèques, l' une consacrée aux lettres, l' autre au droit et à la politique.",le Reform-Club,mettait,à sa disposition,mettre,['0'],['3'],['FAC'],,,,,depuis huit heures du matin,1872-00-00-08,,,depuis huit heures du matin,1872-00-00-08,,,precedent,['reform_club'],True,True,True
467,2,41,131,132,"Pas de bibliothèque, pas de livres, qui eussent été sans utilité pour Mr. Fogg, puisque le Reform - Club mettait à sa disposition deux bibliothèques, l' une consacrée aux lettres, l' autre au droit et à la politique.",le Reform-Club,mettait,deux bibliothèques l'une,mettre,[],"['3', '166']",['FAC'],,,,,depuis huit heures du matin,1872-00-00-08,,,depuis huit heures du matin,1872-00-00-08,,,precedent,"['reform_club', 'noRef_1109']",False,True,False
468,2,41,131,132,"Pas de bibliothèque, pas de livres, qui eussent été sans utilité pour Mr. Fogg, puisque le Reform - Club mettait à sa disposition deux bibliothèques, l' une consacrée aux lettres, l' autre au droit et à la politique.",,consacrée,aux lettres l'autre au droit et à la politique,consacrer,[],[],[],,,,,depuis huit heures du matin,1872-00-00-08,,,depuis huit heures du matin,1872-00-00-08,,,precedent,[],False,False,False
469,2,41,132,133,"Dans la chambre à coucher, un coffre - fort de moyenne grandeur, que sa construction défendait aussi bien de l' incendie que du vol.",,coucher,,coucher,[],[],[],,,,,depuis huit heures du matin,1872-00-00-08,,,depuis huit heures du matin,1872-00-00-08,,,precedent,[],False,False,False
470,2,41,132,133,"Dans la chambre à coucher, un coffre - fort de moyenne grandeur, que sa construction défendait aussi bien de l' incendie que du vol.",sa construction,défendait,que,défendre,[],[],[],,,,,depuis huit heures du matin,1872-00-00-08,,,depuis huit heures du matin,1872-00-00-08,,,precedent,[],False,False,False
471,2,41,132,133,"Dans la chambre à coucher, un coffre - fort de moyenne grandeur, que sa construction défendait aussi bien de l' incendie que du vol.",sa construction,défendait,aussi bien de l'incendie que du vol,défendre,[],[],[],,,,,depuis huit heures du matin,1872-00-00-08,,,depuis huit heures du matin,1872-00-00-08,,,precedent,[],False,False,False
472,2,41,134,135,Tout y dénotait les habitudes les plus pacifiques.,Tout,dénotait,y,dénoter,[],['5'],['FAC'],,,,,depuis huit heures du matin,1872-00-00-08,,,depuis huit heures du matin,1872-00-00-08,,,precedent,['maison_fogg'],False,True,False
473,2,41,134,135,Tout y dénotait les habitudes les plus pacifiques.,Tout,dénotait,les habitudes les plus pacifiques,dénoter,[],[],[],,,,,depuis huit heures du matin,1872-00-00-08,,,depuis huit heures du matin,1872-00-00-08,,,precedent,[],False,False,False
474,2,42,135,136,"Après avoir examiné cette demeure en détail, Passepartout se frotta les mains, sa large figure s' épanouit, et il répéta joyeusement:",Passepartout,examiné,cette demeure,examiner,['1'],['5'],['FAC'],,,,,depuis huit heures du matin,1872-00-00-08,,,depuis huit heures du matin,1872-00-00-08,,,precedent,['maison_fogg'],True,True,True
475,2,42,135,136,"Après avoir examiné cette demeure en détail, Passepartout se frotta les mains, sa large figure s' épanouit, et il répéta joyeusement:",Passepartout,examiné,en détail,examiner,['1'],[],[],,,,,depuis huit heures du matin,1872-00-00-08,,,depuis huit heures du matin,1872-00-00-08,,,precedent,[],True,False,False
476,2,42,135,136,"Après avoir examiné cette demeure en détail, Passepartout se frotta les mains, sa large figure s' épanouit, et il répéta joyeusement:",Passepartout,frotta,se,frotter,['1'],[],[],,,,,depuis huit heures du matin,1872-00-00-08,,,depuis huit heures du matin,1872-00-00-08,,,precedent,[],True,False,False
477,2,42,135,136,"Après avoir examiné cette demeure en détail, Passepartout se frotta les mains, sa large figure s' épanouit, et il répéta joyeusement:",Passepartout,frotta,les mains,frotter,['1'],[],[],,,,,depuis huit heures du matin,1872-00-00-08,,,depuis huit heures du matin,1872-00-00-08,,,precedent,[],True,False,False
478,2,42,135,136,"Après avoir examiné cette demeure en détail, Passepartout se frotta les mains, sa large figure s' épanouit, et il répéta joyeusement:",sa large figure,épanouit,,épanouir,['1'],[],[],,,,,depuis huit heures du matin,1872-00-00-08,,,depuis huit heures du matin,1872-00-00-08,,,precedent,[],True,False,False
479,2,42,135,136,"Après avoir examiné cette demeure en détail, Passepartout se frotta les mains, sa large figure s' épanouit, et il répéta joyeusement:",il,répéta,,répéter,['1'],[],[],,,,,depuis huit heures du matin,1872-00-00-08,,,depuis huit heures du matin,1872-00-00-08,,,precedent,[],True,False,False
480,2,43,136,137,«Cela me va! voilà mon affaire!,Cela,va,me,aller,['1'],[],[],,,,,depuis huit heures du matin,1872-00-00-08,,,depuis huit heures du matin,1872-00-00-08,,,precedent,[],True,False,False
481,2,43,136,137,«Cela me va! voilà mon affaire!,,voilà,mon affaire,voilà,['1'],[],[],,,,,depuis huit heures du matin,1872-00-00-08,,,depuis huit heures du matin,1872-00-00-08,,,precedent,[],True,False,False
482,2,43,137,138,"Nous nous entendrons parfaitement, Mr. Fogg et moi!",Nous,entendrons,nous,entendre,['0'],[],[],,,,,depuis huit heures du matin,1872-00-00-08,,,depuis huit heures du matin,1872-00-00-08,,,precedent,[],True,False,False
483,2,43,137,138,"Nous nous entendrons parfaitement, Mr. Fogg et moi!",Nous,entendrons,Mr. Fogg et moi,entendre,"['0', '1']",[],[],,,,,depuis huit heures du matin,1872-00-00-08,,,depuis huit heures du matin,1872-00-00-08,,,precedent,[],True,False,False
484,2,43,140,141,"Eh bien, je ne suis pas fâché de servir une mécanique!»",je,fâché,,fâcher,['1'],[],[],,,,,depuis huit heures du matin,1872-00-00-08,,,depuis huit heures du matin,1872-00-00-08,,,precedent,[],True,False,False
485,2,43,140,141,"Eh bien, je ne suis pas fâché de servir une mécanique!»",je,servir,une mécanique,servir,"['1', '0']",[],[],,,,,depuis huit heures du matin,1872-00-00-08,,,depuis huit heures du matin,1872-00-00-08,,,precedent,[],True,False,False
486,3,44,141,142,"Phileas Fogg avait quitté sa maison de Saville - row à onze heures et demie, et, après avoir placé cinq cent soixante-quinze fois son pied droit devant son pied gauche et cinq cent soixante-seize fois son pied gauche devant son pied droit, il arriva au Reform - Club, vaste édifice, élevé dans Pall - Mall, qui n' a pas coûté moins de trois millions à bâtir.",Phileas Fogg,quitté,sa maison de Saville-row,quitter,['0'],"['5', '10']",['FAC'],à onze heures et demie,1872-10-02-11,1872-10-02,1.0,depuis huit heures du matin,1872-00-00-08,,,à onze heures et demie,1872-10-02-11,1872-10-02,1.0,phrase,"['maison_fogg', 'rue_fogg']",True,True,True
487,3,44,141,142,"Phileas Fogg avait quitté sa maison de Saville - row à onze heures et demie, et, après avoir placé cinq cent soixante-quinze fois son pied droit devant son pied gauche et cinq cent soixante-seize fois son pied gauche devant son pied droit, il arriva au Reform - Club, vaste édifice, élevé dans Pall - Mall, qui n' a pas coûté moins de trois millions à bâtir.",Phileas Fogg,quitté,à onze heures et demie,quitter,['0'],[],[],à onze heures et demie,1872-10-02-11,1872-10-02,1.0,depuis huit heures du matin,1872-00-00-08,,,à onze heures et demie,1872-10-02-11,1872-10-02,1.0,phrase,[],True,False,False
488,3,44,141,142,"Phileas Fogg avait quitté sa maison de Saville - row à onze heures et demie, et, après avoir placé cinq cent soixante-quinze fois son pied droit devant son pied gauche et cinq cent soixante-seize fois son pied gauche devant son pied droit, il arriva au Reform - Club, vaste édifice, élevé dans Pall - Mall, qui n' a pas coûté moins de trois millions à bâtir.",il,placé,cinq cent soixante-quinze fois son pied droit,placer,['0'],[],[],à onze heures et demie,1872-10-02-11,1872-10-02,1.0,à onze heures et demie,1872-10-02-11,1872-10-02,1.0,à onze heures et demie,1872-10-02-11,1872-10-02,1.0,phrase,[],True,False,False
489,3,44,141,142,"Phileas Fogg avait quitté sa maison de Saville - row à onze heures et demie, et, après avoir placé cinq cent soixante-quinze fois son pied droit devant son pied gauche et cinq cent soixante-seize fois son pied gauche devant son pied droit, il arriva au Reform - Club, vaste édifice, élevé dans Pall - Mall, qui n' a pas coûté moins de trois millions à bâtir.",il,placé,devant son pied gauche,placer,['0'],[],[],à onze heures et demie,1872-10-02-11,1872-10-02,1.0,à onze heures et demie,1872-10-02-11,1872-10-02,1.0,à onze heures et demie,1872-10-02-11,1872-10-02,1.0,phrase,[],True,False,False
490,3,44,141,142,"Phileas Fogg avait quitté sa maison de Saville - row à onze heures et demie, et, après avoir placé cinq cent soixante-quinze fois son pied droit devant son pied gauche et cinq cent soixante-seize fois son pied gauche devant son pied droit, il arriva au Reform - Club, vaste édifice, élevé dans Pall - Mall, qui n' a pas coûté moins de trois millions à bâtir.",il,placé,devant son pied droit,placer,['0'],[],[],à onze heures et demie,1872-10-02-11,1872-10-02,1.0,à onze heures et demie,1872-10-02-11,1872-10-02,1.0,à onze heures et demie,1872-10-02-11,1872-10-02,1.0,phrase,[],True,False,False
491,3,44,141,142,"Phileas Fogg avait quitté sa maison de Saville - row à onze heures et demie, et, après avoir placé cinq cent soixante-quinze fois son pied droit devant son pied gauche et cinq cent soixante-seize fois son pied gauche devant son pied droit, il arriva au Reform - Club, vaste édifice, élevé dans Pall - Mall, qui n' a pas coûté moins de trois millions à bâtir.",il,arriva,au Reform,arriver,['0'],['3'],['FAC'],à onze heures et demie,1872-10-02-11,1872-10-02,1.0,à onze heures et demie,1872-10-02-11,1872-10-02,1.0,à onze heures et demie,1872-10-02-11,1872-10-02,1.0,phrase,['reform_club'],True,True,True
492,3,44,141,142,"Phileas Fogg avait quitté sa maison de Saville - row à onze heures et demie, et, après avoir placé cinq cent soixante-quinze fois son pied droit devant son pied gauche et cinq cent soixante-seize fois son pied gauche devant son pied droit, il arriva au Reform - Club, vaste édifice, élevé dans Pall - Mall, qui n' a pas coûté moins de trois millions à bâtir.",,élevé,dans Pall-Mall,élever,[],[],[],à onze heures et demie,1872-10-02-11,1872-10-02,1.0,à onze heures et demie,1872-10-02-11,1872-10-02,1.0,à onze heures et demie,1872-10-02-11,1872-10-02,1.0,phrase,[],False,False,False
493,3,44,141,142,"Phileas Fogg avait quitté sa maison de Saville - row à onze heures et demie, et, après avoir placé cinq cent soixante-quinze fois son pied droit devant son pied gauche et cinq cent soixante-seize fois son pied gauche devant son pied droit, il arriva au Reform - Club, vaste édifice, élevé dans Pall - Mall, qui n' a pas coûté moins de trois millions à bâtir.",,élevé,Pall-Mall,élever,[],[],[],à onze heures et demie,1872-10-02-11,1872-10-02,1.0,à onze heures et demie,1872-10-02-11,1872-10-02,1.0,à onze heures et demie,1872-10-02-11,1872-10-02,1.0,phrase,[],False,False,False
494,3,44,141,142,"Phileas Fogg avait quitté sa maison de Saville - row à onze heures et demie, et, après avoir placé cinq cent soixante-quinze fois son pied droit devant son pied gauche et cinq cent soixante-seize fois son pied gauche devant son pied droit, il arriva au Reform - Club, vaste édifice, élevé dans Pall - Mall, qui n' a pas coûté moins de trois millions à bâtir.",,élevé,Pall-Mall,élever,[],[],[],à onze heures et demie,1872-10-02-11,1872-10-02,1.0,à onze heures et demie,1872-10-02-11,1872-10-02,1.0,à onze heures et demie,1872-10-02-11,1872-10-02,1.0,phrase,[],False,False,False
495,3,44,141,142,"Phileas Fogg avait quitté sa maison de Saville - row à onze heures et demie, et, après avoir placé cinq cent soixante-quinze fois son pied droit devant son pied gauche et cinq cent soixante-seize fois son pied gauche devant son pied droit, il arriva au Reform - Club, vaste édifice, élevé dans Pall - Mall, qui n' a pas coûté moins de trois millions à bâtir.",qui,coûté,moins de trois millions,coûter,[],['3'],['FAC'],à onze heures et demie,1872-10-02-11,1872-10-02,1.0,à onze heures et demie,1872-10-02-11,1872-10-02,1.0,à onze heures et demie,1872-10-02-11,1872-10-02,1.0,phrase,['reform_club'],False,True,False
496,3,44,141,142,"Phileas Fogg avait quitté sa maison de Saville - row à onze heures et demie, et, après avoir placé cinq cent soixante-quinze fois son pied droit devant son pied gauche et cinq cent soixante-seize fois son pied gauche devant son pied droit, il arriva au Reform - Club, vaste édifice, élevé dans Pall - Mall, qui n' a pas coûté moins de trois millions à bâtir.",,bâtir,,bâtir,[],[],[],à onze heures et demie,1872-10-02-11,1872-10-02,1.0,à onze heures et demie,1872-10-02-11,1872-10-02,1.0,à onze heures et demie,1872-10-02-11,1872-10-02,1.0,phrase,[],False,False,False
497,3,45,142,143,"Phileas Fogg se rendit aussitôt à la salle à manger, dont les neuf fenêtres s' ouvraient sur un beau jardin aux arbres déjà dorés par l' automne.",Phileas Fogg,rendit,se,rendre,['0'],[],[],,,,,à onze heures et demie,1872-10-02-11,1872-10-02,1.0,à onze heures et demie,1872-10-02-11,1872-10-02,1.0,precedent,[],True,False,False
498,3,45,142,143,"Phileas Fogg se rendit aussitôt à la salle à manger, dont les neuf fenêtres s' ouvraient sur un beau jardin aux arbres déjà dorés par l' automne.",Phileas Fogg,rendit,à la salle à manger,rendre,['0'],['66'],['FAC'],,,,,à onze heures et demie,1872-10-02-11,1872-10-02,1.0,à onze heures et demie,1872-10-02-11,1872-10-02,1.0,precedent,['salle_a_manger_club'],True,True,True
499,3,45,142,143,"Phileas Fogg se rendit aussitôt à la salle à manger, dont les neuf fenêtres s' ouvraient sur un beau jardin aux arbres déjà dorés par l' automne.",dont les neuf fenêtres,ouvraient,s',ouvrir,[],['66'],['FAC'],,,,,à onze heures et demie,1872-10-02-11,1872-10-02,1.0,à onze heures et demie,1872-10-02-11,1872-10-02,1.0,precedent,['salle_a_manger_club'],False,True,False
500,3,45,142,143,"Phileas Fogg se rendit aussitôt à la salle à manger, dont les neuf fenêtres s' ouvraient sur un beau jardin aux arbres déjà dorés par l' automne.",dont les neuf fenêtres,ouvraient,sur un beau jardin aux arbres,ouvrir,[],"['66', '181']",['FAC'],,,,,à onze heures et demie,1872-10-02-11,1872-10-02,1.0,à onze heures et demie,1872-10-02-11,1872-10-02,1.0,precedent,"['salle_a_manger_club', 'noRef_4032']",False,True,False
501,3,45,142,143,"Phileas Fogg se rendit aussitôt à la salle à manger, dont les neuf fenêtres s' ouvraient sur un beau jardin aux arbres déjà dorés par l' automne.",,dorés,par l'automne,dorer,[],['181'],['FAC'],,,,,à onze heures et demie,1872-10-02-11,1872-10-02,1.0,à onze heures et demie,1872-10-02-11,1872-10-02,1.0,precedent,['noRef_4032'],False,True,False
502,3,45,143,144,"Là, il prit place à la table habituelle où son couvert l' attendait.",il,prit,place,prendre,['0'],[],[],,,,,à onze heures et demie,1872-10-02-11,1872-10-02,1.0,à onze heures et demie,1872-10-02-11,1872-10-02,1.0,precedent,[],True,False,False
503,3,45,143,144,"Là, il prit place à la table habituelle où son couvert l' attendait.",il,prit,à la table habituelle,prendre,['0'],[],[],,,,,à onze heures et demie,1872-10-02-11,1872-10-02,1.0,à onze heures et demie,1872-10-02-11,1872-10-02,1.0,precedent,[],True,False,False
504,3,45,143,144,"Là, il prit place à la table habituelle où son couvert l' attendait.",son couvert,attendait,où,attendre,['0'],[],[],,,,,à onze heures et demie,1872-10-02-11,1872-10-02,1.0,à onze heures et demie,1872-10-02-11,1872-10-02,1.0,precedent,[],True,False,False
505,3,45,143,144,"Là, il prit place à la table habituelle où son couvert l' attendait.",son couvert,attendait,l',attendre,['0'],[],[],,,,,à onze heures et demie,1872-10-02-11,1872-10-02,1.0,à onze heures et demie,1872-10-02-11,1872-10-02,1.0,precedent,[],True,False,False
506,3,45,144,145,"Son déjeuner se composait d' un hors-d'œuvre, d' un poisson bouilli relevé d' une« reading sauce» de premier choix, d' un roastbeef écarlate agrémenté de condiments« mushroom», d' un gâteau farci de tiges de rhubarbe et de groseilles vertes, d' un morceau de chester,- le tout arrosé de quelques tasses de cet excellent thé, spécialement recueilli pour l' office du Reform - Club.",Son déjeuner,composait,se,composer,['0'],[],[],,,,,à onze heures et demie,1872-10-02-11,1872-10-02,1.0,à onze heures et demie,1872-10-02-11,1872-10-02,1.0,precedent,[],True,False,False
507,3,45,144,145,"Son déjeuner se composait d' un hors-d'œuvre, d' un poisson bouilli relevé d' une« reading sauce» de premier choix, d' un roastbeef écarlate agrémenté de condiments« mushroom», d' un gâteau farci de tiges de rhubarbe et de groseilles vertes, d' un morceau de chester,- le tout arrosé de quelques tasses de cet excellent thé, spécialement recueilli pour l' office du Reform - Club.",Son déjeuner,composait,d'un hors-d'œuvre d'un poisson,composer,['0'],[],[],,,,,à onze heures et demie,1872-10-02-11,1872-10-02,1.0,à onze heures et demie,1872-10-02-11,1872-10-02,1.0,precedent,[],True,False,False
508,3,45,144,145,"Son déjeuner se composait d' un hors-d'œuvre, d' un poisson bouilli relevé d' une« reading sauce» de premier choix, d' un roastbeef écarlate agrémenté de condiments« mushroom», d' un gâteau farci de tiges de rhubarbe et de groseilles vertes, d' un morceau de chester,- le tout arrosé de quelques tasses de cet excellent thé, spécialement recueilli pour l' office du Reform - Club.",Son déjeuner,composait,le tout,composer,['0'],[],[],,,,,à onze heures et demie,1872-10-02-11,1872-10-02,1.0,à onze heures et demie,1872-10-02-11,1872-10-02,1.0,precedent,[],True,False,False
509,3,45,144,145,"Son déjeuner se composait d' un hors-d'œuvre, d' un poisson bouilli relevé d' une« reading sauce» de premier choix, d' un roastbeef écarlate agrémenté de condiments« mushroom», d' un gâteau farci de tiges de rhubarbe et de groseilles vertes, d' un morceau de chester,- le tout arrosé de quelques tasses de cet excellent thé, spécialement recueilli pour l' office du Reform - Club.",,bouilli,,bouillir,[],[],[],,,,,à onze heures et demie,1872-10-02-11,1872-10-02,1.0,à onze heures et demie,1872-10-02-11,1872-10-02,1.0,precedent,[],False,False,False
510,3,45,144,145,"Son déjeuner se composait d' un hors-d'œuvre, d' un poisson bouilli relevé d' une« reading sauce» de premier choix, d' un roastbeef écarlate agrémenté de condiments« mushroom», d' un gâteau farci de tiges de rhubarbe et de groseilles vertes, d' un morceau de chester,- le tout arrosé de quelques tasses de cet excellent thé, spécialement recueilli pour l' office du Reform - Club.",,relevé,d'une reading sauce de premier choix d'un roastbeef écarlate d'un gâteau,relever,[],[],[],,,,,à onze heures et demie,1872-10-02-11,1872-10-02,1.0,à onze heures et demie,1872-10-02-11,1872-10-02,1.0,precedent,[],False,False,False
511,3,45,144,145,"Son déjeuner se composait d' un hors-d'œuvre, d' un poisson bouilli relevé d' une« reading sauce» de premier choix, d' un roastbeef écarlate agrémenté de condiments« mushroom», d' un gâteau farci de tiges de rhubarbe et de groseilles vertes, d' un morceau de chester,- le tout arrosé de quelques tasses de cet excellent thé, spécialement recueilli pour l' office du Reform - Club.",,agrémenté,de condiments mushroom,agrémenter,[],[],[],,,,,à onze heures et demie,1872-10-02-11,1872-10-02,1.0,à onze heures et demie,1872-10-02-11,1872-10-02,1.0,precedent,[],False,False,False
512,3,45,144,145,"Son déjeuner se composait d' un hors-d'œuvre, d' un poisson bouilli relevé d' une« reading sauce» de premier choix, d' un roastbeef écarlate agrémenté de condiments« mushroom», d' un gâteau farci de tiges de rhubarbe et de groseilles vertes, d' un morceau de chester,- le tout arrosé de quelques tasses de cet excellent thé, spécialement recueilli pour l' office du Reform - Club.",,farci,de tiges de rhubarbe et de groseilles vertes d'un morceau de chester,farcir,[],[],[],,,,,à onze heures et demie,1872-10-02-11,1872-10-02,1.0,à onze heures et demie,1872-10-02-11,1872-10-02,1.0,precedent,[],False,False,False
513,3,45,144,145,"Son déjeuner se composait d' un hors-d'œuvre, d' un poisson bouilli relevé d' une« reading sauce» de premier choix, d' un roastbeef écarlate agrémenté de condiments« mushroom», d' un gâteau farci de tiges de rhubarbe et de groseilles vertes, d' un morceau de chester,- le tout arrosé de quelques tasses de cet excellent thé, spécialement recueilli pour l' office du Reform - Club.",,arrosé,de quelques tasses de cet excellent thé,arroser,[],[],[],,,,,à onze heures et demie,1872-10-02-11,1872-10-02,1.0,à onze heures et demie,1872-10-02-11,1872-10-02,1.0,precedent,[],False,False,False
514,3,45,144,145,"Son déjeuner se composait d' un hors-d'œuvre, d' un poisson bouilli relevé d' une« reading sauce» de premier choix, d' un roastbeef écarlate agrémenté de condiments« mushroom», d' un gâteau farci de tiges de rhubarbe et de groseilles vertes, d' un morceau de chester,- le tout arrosé de quelques tasses de cet excellent thé, spécialement recueilli pour l' office du Reform - Club.",,recueilli,pour l'office du Reform-Club,recueillir,[],['3'],['FAC'],,,,,à onze heures et demie,1872-10-02-11,1872-10-02,1.0,à onze heures et demie,1872-10-02-11,1872-10-02,1.0,precedent,['reform_club'],False,True,False
515,3,46,145,146,"À midi quarante - sept, ce gentleman se leva et se dirigea vers le grand salon, somptueuse pièce, ornée de peintures richement encadrées.",ce gentleman,leva,À midi quarante-sept,lever,['0'],[],[],à midi quarante - sept,1872-10-02-12,1872-10-02,1.0,à midi quarante - sept,1872-10-02-12,1872-10-02,1.0,à midi quarante - sept,1872-10-02-12,1872-10-02,1.0,phrase,[],True,False,False
516,3,46,145,146,"À midi quarante - sept, ce gentleman se leva et se dirigea vers le grand salon, somptueuse pièce, ornée de peintures richement encadrées.",ce gentleman,leva,se,lever,['0'],[],[],à midi quarante - sept,1872-10-02-12,1872-10-02,1.0,à midi quarante - sept,1872-10-02-12,1872-10-02,1.0,à midi quarante - sept,1872-10-02-12,1872-10-02,1.0,phrase,[],True,False,False
517,3,46,145,146,"À midi quarante - sept, ce gentleman se leva et se dirigea vers le grand salon, somptueuse pièce, ornée de peintures richement encadrées.",ce gentleman,dirigea,se,diriger,['0'],[],[],à midi quarante - sept,1872-10-02-12,1872-10-02,1.0,à midi quarante - sept,1872-10-02-12,1872-10-02,1.0,à midi quarante - sept,1872-10-02-12,1872-10-02,1.0,phrase,[],True,False,False
518,3,46,145,146,"À midi quarante - sept, ce gentleman se leva et se dirigea vers le grand salon, somptueuse pièce, ornée de peintures richement encadrées.",ce gentleman,dirigea,vers le grand salon somptueuse pièce,diriger,['0'],['24'],['FAC'],à midi quarante - sept,1872-10-02-12,1872-10-02,1.0,à midi quarante - sept,1872-10-02-12,1872-10-02,1.0,à midi quarante - sept,1872-10-02-12,1872-10-02,1.0,phrase,['grand_salon_club'],True,True,True
519,3,46,145,146,"À midi quarante - sept, ce gentleman se leva et se dirigea vers le grand salon, somptueuse pièce, ornée de peintures richement encadrées.",,ornée,de peintures,orner,[],[],[],à midi quarante - sept,1872-10-02-12,1872-10-02,1.0,à midi quarante - sept,1872-10-02-12,1872-10-02,1.0,à midi quarante - sept,1872-10-02-12,1872-10-02,1.0,phrase,[],False,False,False
520,3,46,145,146,"À midi quarante - sept, ce gentleman se leva et se dirigea vers le grand salon, somptueuse pièce, ornée de peintures richement encadrées.",,encadrées,,encadrer,[],[],[],à midi quarante - sept,1872-10-02-12,1872-10-02,1.0,à midi quarante - sept,1872-10-02-12,1872-10-02,1.0,à midi quarante - sept,1872-10-02-12,1872-10-02,1.0,phrase,[],False,False,False
521,3,46,146,147,"Là, un domestique lui remit le Times non coupé, dont Phileas Fogg opéra le laborieux dépliage avec une sûreté de main qui dénotait une grande habitude de cette difficile opération.",un domestique,remit,lui,remettre,['0'],[],[],,,,,à midi quarante - sept,1872-10-02-12,1872-10-02,1.0,à midi quarante - sept,1872-10-02-12,1872-10-02,1.0,precedent,[],True,False,False
522,3,46,146,147,"Là, un domestique lui remit le Times non coupé, dont Phileas Fogg opéra le laborieux dépliage avec une sûreté de main qui dénotait une grande habitude de cette difficile opération.",un domestique,remit,le Times,remettre,[],[],[],,,,,à midi quarante - sept,1872-10-02-12,1872-10-02,1.0,à midi quarante - sept,1872-10-02-12,1872-10-02,1.0,precedent,[],False,False,False
523,3,46,146,147,"Là, un domestique lui remit le Times non coupé, dont Phileas Fogg opéra le laborieux dépliage avec une sûreté de main qui dénotait une grande habitude de cette difficile opération.",,coupé,,couper,[],[],[],,,,,à midi quarante - sept,1872-10-02-12,1872-10-02,1.0,à midi quarante - sept,1872-10-02-12,1872-10-02,1.0,precedent,[],False,False,False
524,3,46,146,147,"Là, un domestique lui remit le Times non coupé, dont Phileas Fogg opéra le laborieux dépliage avec une sûreté de main qui dénotait une grande habitude de cette difficile opération.",Phileas Fogg,opéra,dont,opérer,['0'],[],[],,,,,à midi quarante - sept,1872-10-02-12,1872-10-02,1.0,à midi quarante - sept,1872-10-02-12,1872-10-02,1.0,precedent,[],True,False,False
525,3,46,146,147,"Là, un domestique lui remit le Times non coupé, dont Phileas Fogg opéra le laborieux dépliage avec une sûreté de main qui dénotait une grande habitude de cette difficile opération.",Phileas Fogg,opéra,le laborieux dépliage,opérer,['0'],[],[],,,,,à midi quarante - sept,1872-10-02-12,1872-10-02,1.0,à midi quarante - sept,1872-10-02-12,1872-10-02,1.0,precedent,[],True,False,False
526,3,46,146,147,"Là, un domestique lui remit le Times non coupé, dont Phileas Fogg opéra le laborieux dépliage avec une sûreté de main qui dénotait une grande habitude de cette difficile opération.",Phileas Fogg,opéra,avec une sûreté de main,opérer,['0'],[],[],,,,,à midi quarante - sept,1872-10-02-12,1872-10-02,1.0,à midi quarante - sept,1872-10-02-12,1872-10-02,1.0,precedent,[],True,False,False
527,3,46,146,147,"Là, un domestique lui remit le Times non coupé, dont Phileas Fogg opéra le laborieux dépliage avec une sûreté de main qui dénotait une grande habitude de cette difficile opération.",qui,dénotait,une grande habitude de cette difficile opération,dénoter,[],[],[],,,,,à midi quarante - sept,1872-10-02-12,1872-10-02,1.0,à midi quarante - sept,1872-10-02-12,1872-10-02,1.0,precedent,[],False,False,False
528,3,46,147,148,"La lecture de ce journal occupa Phileas Fogg jusqu' à trois heures quarante - cinq, et celle du Standard - qui lui succéda- dura jusqu' au dîner.",La lecture de ce journal,occupa,Phileas Fogg,occuper,['0'],[],[],jusqu' à trois heures quarante - cinq,1872-10-02-15,1872-10-02,1.0,à midi quarante - sept,1872-10-02-12,1872-10-02,1.0,jusqu' à trois heures quarante - cinq,1872-10-02-15,1872-10-02,1.0,phrase,[],True,False,False
529,3,46,147,148,"La lecture de ce journal occupa Phileas Fogg jusqu' à trois heures quarante - cinq, et celle du Standard - qui lui succéda- dura jusqu' au dîner.",La lecture de ce journal,occupa,jusqu'à trois heures quarante-cinq,occuper,[],[],[],jusqu' à trois heures quarante - cinq,1872-10-02-15,1872-10-02,1.0,à midi quarante - sept,1872-10-02-12,1872-10-02,1.0,jusqu' à trois heures quarante - cinq,1872-10-02-15,1872-10-02,1.0,phrase,[],False,False,False
530,3,46,147,148,"La lecture de ce journal occupa Phileas Fogg jusqu' à trois heures quarante - cinq, et celle du Standard - qui lui succéda- dura jusqu' au dîner.",Standard-qui,succéda,lui,succéder,[],[],[],jusqu' à trois heures quarante - cinq,1872-10-02-15,1872-10-02,1.0,jusqu' à trois heures quarante - cinq,1872-10-02-15,1872-10-02,1.0,jusqu' à trois heures quarante - cinq,1872-10-02-15,1872-10-02,1.0,phrase,[],False,False,False
531,3,46,147,148,"La lecture de ce journal occupa Phileas Fogg jusqu' à trois heures quarante - cinq, et celle du Standard - qui lui succéda- dura jusqu' au dîner.",celle du Standard-qui,dura,jusqu'au dîner,durer,[],[],[],jusqu' au dîner,1872-10-02-17,1872-10-02,1.0,jusqu' à trois heures quarante - cinq,1872-10-02-15,1872-10-02,1.0,jusqu' au dîner,1872-10-02-17,1872-10-02,1.0,phrase,[],False,False,False
532,3,46,148,149,"Ce repas s' accomplit dans les mêmes conditions que le déjeuner, avec adjonction de« royal british sauce».",Ce repas,accomplit,s',accomplir,[],[],[],,,,,jusqu' au dîner,1872-10-02-17,1872-10-02,1.0,jusqu' au dîner,1872-10-02-17,1872-10-02,1.0,precedent,[],False,False,False
533,3,46,148,149,"Ce repas s' accomplit dans les mêmes conditions que le déjeuner, avec adjonction de« royal british sauce».",Ce repas,accomplit,dans les mêmes conditions que le déjeuner,accomplir,[],[],[],,,,,jusqu' au dîner,1872-10-02-17,1872-10-02,1.0,jusqu' au dîner,1872-10-02-17,1872-10-02,1.0,precedent,[],False,False,False
534,3,46,148,149,"Ce repas s' accomplit dans les mêmes conditions que le déjeuner, avec adjonction de« royal british sauce».",Ce repas,accomplit,avec adjonction de royal british sauce,accomplir,[],[],[],,,,,jusqu' au dîner,1872-10-02-17,1872-10-02,1.0,jusqu' au dîner,1872-10-02-17,1872-10-02,1.0,precedent,[],False,False,False
535,3,47,149,150,"À six heures moins vingt, le gentleman reparut dans le grand salon et s' absorba dans la lecture du Morning Chronicle.",le gentleman,reparut,À six heures moins vingt,reparaître,['0'],[],[],à six heures moins vingt,1872-10-02-17,1872-10-02,1.0,à six heures moins vingt,1872-10-02-17,1872-10-02,1.0,à six heures moins vingt,1872-10-02-17,1872-10-02,1.0,phrase,[],True,False,False
536,3,47,149,150,"À six heures moins vingt, le gentleman reparut dans le grand salon et s' absorba dans la lecture du Morning Chronicle.",le gentleman,reparut,dans le grand salon,reparaître,['0'],['24'],['FAC'],à six heures moins vingt,1872-10-02-17,1872-10-02,1.0,à six heures moins vingt,1872-10-02-17,1872-10-02,1.0,à six heures moins vingt,1872-10-02-17,1872-10-02,1.0,phrase,['grand_salon_club'],True,True,True
537,3,47,149,150,"À six heures moins vingt, le gentleman reparut dans le grand salon et s' absorba dans la lecture du Morning Chronicle.",le gentleman,absorba,s',absorber,['0'],[],[],à six heures moins vingt,1872-10-02-17,1872-10-02,1.0,à six heures moins vingt,1872-10-02-17,1872-10-02,1.0,à six heures moins vingt,1872-10-02-17,1872-10-02,1.0,phrase,[],True,False,False
538,3,47,149,150,"À six heures moins vingt, le gentleman reparut dans le grand salon et s' absorba dans la lecture du Morning Chronicle.",le gentleman,absorba,dans la lecture du Morning Chronicle,absorber,['0'],[],[],à six heures moins vingt,1872-10-02-17,1872-10-02,1.0,à six heures moins vingt,1872-10-02-17,1872-10-02,1.0,à six heures moins vingt,1872-10-02-17,1872-10-02,1.0,phrase,[],True,False,False
539,3,48,150,151,"Une demi-heure plus tard, divers membres du Reform - Club faisaient leur entrée et s' approchaient de la cheminée, où brûlait un feu de houille.",divers membres du Reform-Club,faisaient,leur entrée,faire,['4'],"['3', '55']","['FAC', 'LOC']",une demi-heure plus tard,1872-10-02-18,1872-10-02,1.0,une demi-heure plus tard,1872-10-02-18,1872-10-02,1.0,une demi-heure plus tard,1872-10-02-18,1872-10-02,1.0,phrase,"['reform_club', 'M13']",True,True,True
540,3,48,150,151,"Une demi-heure plus tard, divers membres du Reform - Club faisaient leur entrée et s' approchaient de la cheminée, où brûlait un feu de houille.",divers membres du Reform-Club,approchaient,s',approcher,['4'],['3'],['FAC'],une demi-heure plus tard,1872-10-02-18,1872-10-02,1.0,une demi-heure plus tard,1872-10-02-18,1872-10-02,1.0,une demi-heure plus tard,1872-10-02-18,1872-10-02,1.0,phrase,['reform_club'],True,True,True
541,3,48,150,151,"Une demi-heure plus tard, divers membres du Reform - Club faisaient leur entrée et s' approchaient de la cheminée, où brûlait un feu de houille.",divers membres du Reform-Club,approchaient,de la cheminée,approcher,['4'],['3'],['FAC'],une demi-heure plus tard,1872-10-02-18,1872-10-02,1.0,une demi-heure plus tard,1872-10-02-18,1872-10-02,1.0,une demi-heure plus tard,1872-10-02-18,1872-10-02,1.0,phrase,['reform_club'],True,True,True
542,3,48,150,151,"Une demi-heure plus tard, divers membres du Reform - Club faisaient leur entrée et s' approchaient de la cheminée, où brûlait un feu de houille.",de la cheminée,brûlait,où,brûler,[],[],[],une demi-heure plus tard,1872-10-02-18,1872-10-02,1.0,une demi-heure plus tard,1872-10-02-18,1872-10-02,1.0,une demi-heure plus tard,1872-10-02-18,1872-10-02,1.0,phrase,[],False,False,False
543,3,48,150,151,"Une demi-heure plus tard, divers membres du Reform - Club faisaient leur entrée et s' approchaient de la cheminée, où brûlait un feu de houille.",de la cheminée,brûlait,un feu de houille,brûler,[],[],[],une demi-heure plus tard,1872-10-02-18,1872-10-02,1.0,une demi-heure plus tard,1872-10-02-18,1872-10-02,1.0,une demi-heure plus tard,1872-10-02-18,1872-10-02,1.0,phrase,[],False,False,False
544,3,48,151,152,"C' étaient les partenaires habituels de Mr. Phileas Fogg, comme lui enragés joueurs de whist: l' ingénieur Andrew Stuart, les banquiers John Sullivan et Samuel Fallentin, le brasseur Thomas Flanagan, Gauthier Ralph, un des administrateurs de la Banque d' Angleterre,- personnages riches et considérés, même dans ce club qui compte parmi ses membres les sommités de l' industrie et de la finance.",,considérés,,considérer,[],[],[],,,,,une demi-heure plus tard,1872-10-02-18,1872-10-02,1.0,une demi-heure plus tard,1872-10-02-18,1872-10-02,1.0,precedent,[],False,False,False
545,3,48,151,152,"C' étaient les partenaires habituels de Mr. Phileas Fogg, comme lui enragés joueurs de whist: l' ingénieur Andrew Stuart, les banquiers John Sullivan et Samuel Fallentin, le brasseur Thomas Flanagan, Gauthier Ralph, un des administrateurs de la Banque d' Angleterre,- personnages riches et considérés, même dans ce club qui compte parmi ses membres les sommités de l' industrie et de la finance.",qui,compte,parmi ses membres,compte,[],['3'],['FAC'],,,,,une demi-heure plus tard,1872-10-02-18,1872-10-02,1.0,une demi-heure plus tard,1872-10-02-18,1872-10-02,1.0,precedent,['reform_club'],False,True,False
546,3,48,151,152,"C' étaient les partenaires habituels de Mr. Phileas Fogg, comme lui enragés joueurs de whist: l' ingénieur Andrew Stuart, les banquiers John Sullivan et Samuel Fallentin, le brasseur Thomas Flanagan, Gauthier Ralph, un des administrateurs de la Banque d' Angleterre,- personnages riches et considérés, même dans ce club qui compte parmi ses membres les sommités de l' industrie et de la finance.",qui,compte,les sommités de l'industrie et de la finance,compte,[],['3'],['FAC'],,,,,une demi-heure plus tard,1872-10-02-18,1872-10-02,1.0,une demi-heure plus tard,1872-10-02-18,1872-10-02,1.0,precedent,['reform_club'],False,True,False
547,3,49,152,153,"«Eh bien, Ralph, demanda Thomas Flanagan, où en est cette affaire de vol?",Thomas Flanagan,demanda,Ralph,demander,"['18', '6']",[],[],,,,,une demi-heure plus tard,1872-10-02-18,1872-10-02,1.0,une demi-heure plus tard,1872-10-02-18,1872-10-02,1.0,precedent,[],True,False,False
548,3,49,152,153,"«Eh bien, Ralph, demanda Thomas Flanagan, où en est cette affaire de vol?",,est,en,être,[],[],[],,,,,une demi-heure plus tard,1872-10-02-18,1872-10-02,1.0,une demi-heure plus tard,1872-10-02-18,1872-10-02,1.0,precedent,[],False,False,False
549,3,49,152,153,"«Eh bien, Ralph, demanda Thomas Flanagan, où en est cette affaire de vol?",,est,cette affaire de vol,être,[],[],[],,,,,une demi-heure plus tard,1872-10-02-18,1872-10-02,1.0,une demi-heure plus tard,1872-10-02-18,1872-10-02,1.0,precedent,[],False,False,False
550,3,50,153,154,"- Eh bien, répondit Andrew Stuart, la Banque en sera pour son argent.",Andrew Stuart,répondit,,répondre,['2'],[],[],,,,,une demi-heure plus tard,1872-10-02-18,1872-10-02,1.0,une demi-heure plus tard,1872-10-02-18,1872-10-02,1.0,precedent,[],True,False,False
551,3,50,153,154,"- Eh bien, répondit Andrew Stuart, la Banque en sera pour son argent.",la Banque,sera,en,être,[],['13'],['FAC'],,,,,une demi-heure plus tard,1872-10-02-18,1872-10-02,1.0,une demi-heure plus tard,1872-10-02-18,1872-10-02,1.0,precedent,['banque_dangleterre'],False,True,False
552,3,50,153,154,"- Eh bien, répondit Andrew Stuart, la Banque en sera pour son argent.",la Banque,sera,pour son argent,être,[],['13'],['FAC'],,,,,une demi-heure plus tard,1872-10-02-18,1872-10-02,1.0,une demi-heure plus tard,1872-10-02-18,1872-10-02,1.0,precedent,['banque_dangleterre'],False,True,False
553,3,51,154,155,"-J' espère, au contraire, dit Gauthier Ralph, que nous mettrons la main sur l' auteur du vol.",-J',espère,au contraire,espérer,['6'],[],[],,,,,une demi-heure plus tard,1872-10-02-18,1872-10-02,1.0,une demi-heure plus tard,1872-10-02-18,1872-10-02,1.0,precedent,[],True,False,False
554,3,51,154,155,"-J' espère, au contraire, dit Gauthier Ralph, que nous mettrons la main sur l' auteur du vol.",Gauthier Ralph,dit,,dire,['6'],[],[],,,,,une demi-heure plus tard,1872-10-02-18,1872-10-02,1.0,une demi-heure plus tard,1872-10-02-18,1872-10-02,1.0,precedent,[],True,False,False
555,3,51,154,155,"-J' espère, au contraire, dit Gauthier Ralph, que nous mettrons la main sur l' auteur du vol.",nous,mettrons,la main,mettre,[],['13'],['FAC'],,,,,une demi-heure plus tard,1872-10-02-18,1872-10-02,1.0,une demi-heure plus tard,1872-10-02-18,1872-10-02,1.0,precedent,['banque_dangleterre'],False,True,False
556,3,51,154,155,"-J' espère, au contraire, dit Gauthier Ralph, que nous mettrons la main sur l' auteur du vol.",nous,mettrons,sur l'auteur du vol,mettre,[],['13'],['FAC'],,,,,une demi-heure plus tard,1872-10-02-18,1872-10-02,1.0,une demi-heure plus tard,1872-10-02-18,1872-10-02,1.0,precedent,['banque_dangleterre'],False,True,False
557,3,51,155,156,"Des inspecteurs de police, gens fort habiles, ont été envoyés en Amérique et en Europe, dans tous les principaux ports d' embarquement et de débarquement, et il sera difficile à ce monsieur de leur échapper.",Des inspecteurs de police gens fort habiles,envoyés,en Amérique et en Europe,envoyer,['17'],[],[],,,,,une demi-heure plus tard,1872-10-02-18,1872-10-02,1.0,une demi-heure plus tard,1872-10-02-18,1872-10-02,1.0,precedent,[],True,False,False
558,3,51,155,156,"Des inspecteurs de police, gens fort habiles, ont été envoyés en Amérique et en Europe, dans tous les principaux ports d' embarquement et de débarquement, et il sera difficile à ce monsieur de leur échapper.",Des inspecteurs de police gens fort habiles,envoyés,dans tous les principaux ports d'embarquement et de débarquement,envoyer,['17'],[],[],,,,,une demi-heure plus tard,1872-10-02-18,1872-10-02,1.0,une demi-heure plus tard,1872-10-02-18,1872-10-02,1.0,precedent,[],True,False,False
559,3,51,155,156,"Des inspecteurs de police, gens fort habiles, ont été envoyés en Amérique et en Europe, dans tous les principaux ports d' embarquement et de débarquement, et il sera difficile à ce monsieur de leur échapper.",Des inspecteurs de police gens fort habiles,envoyés,à ce monsieur,envoyer,['17'],[],[],,,,,une demi-heure plus tard,1872-10-02-18,1872-10-02,1.0,une demi-heure plus tard,1872-10-02-18,1872-10-02,1.0,precedent,[],True,False,False
560,3,51,155,156,"Des inspecteurs de police, gens fort habiles, ont été envoyés en Amérique et en Europe, dans tous les principaux ports d' embarquement et de débarquement, et il sera difficile à ce monsieur de leur échapper.",,échapper,leur,échapper,['17'],[],[],,,,,une demi-heure plus tard,1872-10-02-18,1872-10-02,1.0,une demi-heure plus tard,1872-10-02-18,1872-10-02,1.0,precedent,[],True,False,False
561,3,52,156,157,- Mais on a donc le signalement du voleur? demanda Andrew Stuart.,on,a,le signalement du voleur,avoir,[],[],[],,,,,une demi-heure plus tard,1872-10-02-18,1872-10-02,1.0,une demi-heure plus tard,1872-10-02-18,1872-10-02,1.0,precedent,[],False,False,False
562,3,52,156,157,- Mais on a donc le signalement du voleur? demanda Andrew Stuart.,Andrew Stuart,demanda,,demander,['2'],[],[],,,,,une demi-heure plus tard,1872-10-02-18,1872-10-02,1.0,une demi-heure plus tard,1872-10-02-18,1872-10-02,1.0,precedent,[],True,False,False
563,3,53,157,158,"- D' abord, ce n' est pas un voleur, répondit sérieusement Gauthier Ralph.",Gauthier Ralph,répondit,,répondre,['6'],[],[],,,,,une demi-heure plus tard,1872-10-02-18,1872-10-02,1.0,une demi-heure plus tard,1872-10-02-18,1872-10-02,1.0,precedent,[],True,False,False
564,3,54,158,159,"- Comment, ce n' est pas un voleur, cet individu qui a soustrait cinquante - cinq mille livres en bank - notes( 1 million 375 000 francs)?",qui,soustrait,cinquante-cinq mille livres en bank-notes,soustraire,[],[],[],,,,,une demi-heure plus tard,1872-10-02-18,1872-10-02,1.0,une demi-heure plus tard,1872-10-02-18,1872-10-02,1.0,precedent,[],False,False,False
565,3,54,158,159,"- Comment, ce n' est pas un voleur, cet individu qui a soustrait cinquante - cinq mille livres en bank - notes( 1 million 375 000 francs)?",qui,soustrait,bank-notes,soustraire,[],[],[],,,,,une demi-heure plus tard,1872-10-02-18,1872-10-02,1.0,une demi-heure plus tard,1872-10-02-18,1872-10-02,1.0,precedent,[],False,False,False
566,3,54,158,159,"- Comment, ce n' est pas un voleur, cet individu qui a soustrait cinquante - cinq mille livres en bank - notes( 1 million 375 000 francs)?",qui,soustrait,bank-notes,soustraire,[],[],[],,,,,une demi-heure plus tard,1872-10-02-18,1872-10-02,1.0,une demi-heure plus tard,1872-10-02-18,1872-10-02,1.0,precedent,[],False,False,False
567,3,55,159,160,"- Non, répondit Gauthier Ralph.",Gauthier Ralph,répondit,,répondre,['6'],[],[],,,,,une demi-heure plus tard,1872-10-02-18,1872-10-02,1.0,une demi-heure plus tard,1872-10-02-18,1872-10-02,1.0,precedent,[],True,False,False
568,3,56,160,161,- C' est donc un industriel? dit John Sullivan.,John Sullivan,dit,,dire,['25'],[],[],,,,,une demi-heure plus tard,1872-10-02-18,1872-10-02,1.0,une demi-heure plus tard,1872-10-02-18,1872-10-02,1.0,precedent,[],True,False,False
569,3,57,161,162,- Le Morning Chronicle assure que c' est un gentleman.»,Le Morning Chronicle,assure,,assurer,[],[],[],,,,,une demi-heure plus tard,1872-10-02-18,1872-10-02,1.0,une demi-heure plus tard,1872-10-02-18,1872-10-02,1.0,precedent,[],False,False,False
570,3,58,162,163,"Celui qui fit cette réponse n' était autre que Phileas Fogg, dont la tête émergeait alors du flot de papier amassé autour de lui.",qui,fit,cette réponse,faire,[],[],[],,,,,une demi-heure plus tard,1872-10-02-18,1872-10-02,1.0,une demi-heure plus tard,1872-10-02-18,1872-10-02,1.0,precedent,[],False,False,False
571,3,58,162,163,"Celui qui fit cette réponse n' était autre que Phileas Fogg, dont la tête émergeait alors du flot de papier amassé autour de lui.",dont la tête,émergeait,du flot de papier autour de lui,émerger,['0'],[],[],,,,,une demi-heure plus tard,1872-10-02-18,1872-10-02,1.0,une demi-heure plus tard,1872-10-02-18,1872-10-02,1.0,precedent,[],True,False,False
572,3,58,162,163,"Celui qui fit cette réponse n' était autre que Phileas Fogg, dont la tête émergeait alors du flot de papier amassé autour de lui.",,amassé,,amasser,[],[],[],,,,,une demi-heure plus tard,1872-10-02-18,1872-10-02,1.0,une demi-heure plus tard,1872-10-02-18,1872-10-02,1.0,precedent,[],False,False,False
573,3,58,163,164,"En même temps, Phileas Fogg salua ses collègues, qui lui rendirent son salut.",Phileas Fogg,salua,En même temps,saluer,['0'],[],[],,,,,une demi-heure plus tard,1872-10-02-18,1872-10-02,1.0,une demi-heure plus tard,1872-10-02-18,1872-10-02,1.0,precedent,[],True,False,False
574,3,58,163,164,"En même temps, Phileas Fogg salua ses collègues, qui lui rendirent son salut.",Phileas Fogg,salua,ses collègues,saluer,"['0', '4']",[],[],,,,,une demi-heure plus tard,1872-10-02-18,1872-10-02,1.0,une demi-heure plus tard,1872-10-02-18,1872-10-02,1.0,precedent,[],True,False,False
575,3,58,163,164,"En même temps, Phileas Fogg salua ses collègues, qui lui rendirent son salut.",qui,rendirent,lui,rendre,"['4', '0']",[],[],,,,,une demi-heure plus tard,1872-10-02-18,1872-10-02,1.0,une demi-heure plus tard,1872-10-02-18,1872-10-02,1.0,precedent,[],True,False,False
576,3,58,163,164,"En même temps, Phileas Fogg salua ses collègues, qui lui rendirent son salut.",qui,rendirent,son salut,rendre,"['4', '0']",[],[],,,,,une demi-heure plus tard,1872-10-02-18,1872-10-02,1.0,une demi-heure plus tard,1872-10-02-18,1872-10-02,1.0,precedent,[],True,False,False
577,3,59,164,165,"Le fait dont il était question, que les divers journaux du Royaume - Uni discutaient avec ardeur, s' était accompli trois jours auparavant, le 29 septembre.",les divers journaux du Royaume-Uni,discutaient,que,discuter,[],[],[],trois jours auparavant,1872-09-29-00,1872-09-29,-2.0,une demi-heure plus tard,1872-10-02-18,1872-10-02,1.0,trois jours auparavant,1872-09-29-00,1872-09-29,-2.0,phrase,[],False,False,False
578,3,59,164,165,"Le fait dont il était question, que les divers journaux du Royaume - Uni discutaient avec ardeur, s' était accompli trois jours auparavant, le 29 septembre.",les divers journaux du Royaume-Uni,discutaient,avec ardeur,discuter,[],[],[],trois jours auparavant,1872-09-29-00,1872-09-29,-2.0,une demi-heure plus tard,1872-10-02-18,1872-10-02,1.0,trois jours auparavant,1872-09-29-00,1872-09-29,-2.0,phrase,[],False,False,False
579,3,59,164,165,"Le fait dont il était question, que les divers journaux du Royaume - Uni discutaient avec ardeur, s' était accompli trois jours auparavant, le 29 septembre.",Le fait dont il était question,accompli,trois jours auparavant,accomplir,[],[],[],trois jours auparavant,1872-09-29-00,1872-09-29,-2.0,une demi-heure plus tard,1872-10-02-18,1872-10-02,1.0,trois jours auparavant,1872-09-29-00,1872-09-29,-2.0,phrase,[],False,False,False
580,3,59,164,165,"Le fait dont il était question, que les divers journaux du Royaume - Uni discutaient avec ardeur, s' était accompli trois jours auparavant, le 29 septembre.",Le fait dont il était question,accompli,le 29 septembre,accomplir,[],[],[],le 29 septembre,1872-09-29-00,1872-09-29,-2.0,une demi-heure plus tard,1872-10-02-18,1872-10-02,1.0,le 29 septembre,1872-09-29-00,1872-09-29,-2.0,phrase,[],False,False,False
581,3,59,165,166,"Une liasse de bank - notes, formant l' énorme somme de cinquante - cinq mille livres, avait été prise sur la tablette du caissier principal de la Banque d' Angleterre.",,formant,l'énorme somme de cinquante-cinq mille livres,former,[],[],[],,,,,le 29 septembre,1872-09-29-00,1872-09-29,-2.0,le 29 septembre,1872-09-29-00,1872-09-29,-2.0,precedent,[],False,False,False
582,3,59,165,166,"Une liasse de bank - notes, formant l' énorme somme de cinquante - cinq mille livres, avait été prise sur la tablette du caissier principal de la Banque d' Angleterre.",Une liasse de bank-notes,prise,sur la tablette du caissier principal de la Banque d'Angleterre,prendre,[],['13'],['FAC'],,,,,le 29 septembre,1872-09-29-00,1872-09-29,-2.0,le 29 septembre,1872-09-29-00,1872-09-29,-2.0,precedent,['banque_dangleterre'],False,True,False
583,3,60,166,167,"À qui s' étonnait qu' un tel vol eût pu s' accomplir aussi facilement, le sous-gouverneur Gauthier Ralph se bornait à répondre qu' à ce moment même, le caissier s' occupait d' enregistrer une recette de trois shillings six pence, et qu' on ne saurait avoir l' œil à tout.",le sous-gouverneur Gauthier Ralph,étonnait,s',étonner,['6'],[],[],,,,,le 29 septembre,1872-09-29-00,1872-09-29,-2.0,le 29 septembre,1872-09-29-00,1872-09-29,-2.0,precedent,[],True,False,False
584,3,60,166,167,"À qui s' étonnait qu' un tel vol eût pu s' accomplir aussi facilement, le sous-gouverneur Gauthier Ralph se bornait à répondre qu' à ce moment même, le caissier s' occupait d' enregistrer une recette de trois shillings six pence, et qu' on ne saurait avoir l' œil à tout.",un tel vol,pu,,pouvoir,[],[],[],,,,,le 29 septembre,1872-09-29-00,1872-09-29,-2.0,le 29 septembre,1872-09-29-00,1872-09-29,-2.0,precedent,[],False,False,False
585,3,60,166,167,"À qui s' étonnait qu' un tel vol eût pu s' accomplir aussi facilement, le sous-gouverneur Gauthier Ralph se bornait à répondre qu' à ce moment même, le caissier s' occupait d' enregistrer une recette de trois shillings six pence, et qu' on ne saurait avoir l' œil à tout.",un tel vol,accomplir,s',accomplir,[],[],[],,,,,le 29 septembre,1872-09-29-00,1872-09-29,-2.0,le 29 septembre,1872-09-29-00,1872-09-29,-2.0,precedent,[],False,False,False
586,3,60,166,167,"À qui s' étonnait qu' un tel vol eût pu s' accomplir aussi facilement, le sous-gouverneur Gauthier Ralph se bornait à répondre qu' à ce moment même, le caissier s' occupait d' enregistrer une recette de trois shillings six pence, et qu' on ne saurait avoir l' œil à tout.",le sous-gouverneur Gauthier Ralph,bornait,se,borner,['6'],[],[],,,,,le 29 septembre,1872-09-29-00,1872-09-29,-2.0,le 29 septembre,1872-09-29-00,1872-09-29,-2.0,precedent,[],True,False,False
587,3,60,166,167,"À qui s' étonnait qu' un tel vol eût pu s' accomplir aussi facilement, le sous-gouverneur Gauthier Ralph se bornait à répondre qu' à ce moment même, le caissier s' occupait d' enregistrer une recette de trois shillings six pence, et qu' on ne saurait avoir l' œil à tout.",le sous-gouverneur Gauthier Ralph,répondre,,répondre,['6'],[],[],,,,,le 29 septembre,1872-09-29-00,1872-09-29,-2.0,le 29 septembre,1872-09-29-00,1872-09-29,-2.0,precedent,[],True,False,False
588,3,60,166,167,"À qui s' étonnait qu' un tel vol eût pu s' accomplir aussi facilement, le sous-gouverneur Gauthier Ralph se bornait à répondre qu' à ce moment même, le caissier s' occupait d' enregistrer une recette de trois shillings six pence, et qu' on ne saurait avoir l' œil à tout.",le caissier,occupait,à ce moment même,occuper,[],[],[],,,,,le 29 septembre,1872-09-29-00,1872-09-29,-2.0,le 29 septembre,1872-09-29-00,1872-09-29,-2.0,precedent,[],False,False,False
589,3,60,166,167,"À qui s' étonnait qu' un tel vol eût pu s' accomplir aussi facilement, le sous-gouverneur Gauthier Ralph se bornait à répondre qu' à ce moment même, le caissier s' occupait d' enregistrer une recette de trois shillings six pence, et qu' on ne saurait avoir l' œil à tout.",le caissier,occupait,s',occuper,[],[],[],,,,,le 29 septembre,1872-09-29-00,1872-09-29,-2.0,le 29 septembre,1872-09-29-00,1872-09-29,-2.0,precedent,[],False,False,False
590,3,60,166,167,"À qui s' étonnait qu' un tel vol eût pu s' accomplir aussi facilement, le sous-gouverneur Gauthier Ralph se bornait à répondre qu' à ce moment même, le caissier s' occupait d' enregistrer une recette de trois shillings six pence, et qu' on ne saurait avoir l' œil à tout.",le caissier,enregistrer,une recette de trois shillings six pence,enregistrer,[],[],[],,,,,le 29 septembre,1872-09-29-00,1872-09-29,-2.0,le 29 septembre,1872-09-29-00,1872-09-29,-2.0,precedent,[],False,False,False
591,3,60,166,167,"À qui s' étonnait qu' un tel vol eût pu s' accomplir aussi facilement, le sous-gouverneur Gauthier Ralph se bornait à répondre qu' à ce moment même, le caissier s' occupait d' enregistrer une recette de trois shillings six pence, et qu' on ne saurait avoir l' œil à tout.",on,saurait,,savoir,[],[],[],,,,,le 29 septembre,1872-09-29-00,1872-09-29,-2.0,le 29 septembre,1872-09-29-00,1872-09-29,-2.0,precedent,[],False,False,False
592,3,60,166,167,"À qui s' étonnait qu' un tel vol eût pu s' accomplir aussi facilement, le sous-gouverneur Gauthier Ralph se bornait à répondre qu' à ce moment même, le caissier s' occupait d' enregistrer une recette de trois shillings six pence, et qu' on ne saurait avoir l' œil à tout.",on,avoir,l'œil,avoir,[],[],[],,,,,le 29 septembre,1872-09-29-00,1872-09-29,-2.0,le 29 septembre,1872-09-29-00,1872-09-29,-2.0,precedent,[],False,False,False
593,3,60,166,167,"À qui s' étonnait qu' un tel vol eût pu s' accomplir aussi facilement, le sous-gouverneur Gauthier Ralph se bornait à répondre qu' à ce moment même, le caissier s' occupait d' enregistrer une recette de trois shillings six pence, et qu' on ne saurait avoir l' œil à tout.",on,avoir,à tout,avoir,[],[],[],,,,,le 29 septembre,1872-09-29-00,1872-09-29,-2.0,le 29 septembre,1872-09-29-00,1872-09-29,-2.0,precedent,[],False,False,False
594,3,61,167,168,Mais il convient de faire observer ici- ce qui rend le fait plus explicable- que cet admirable établissement de« Bank of England» paraît se soucier extrêmement de la dignité du public.,,convient,,convier,[],[],[],,,,,le 29 septembre,1872-09-29-00,1872-09-29,-2.0,le 29 septembre,1872-09-29-00,1872-09-29,-2.0,precedent,[],False,False,False
595,3,61,167,168,Mais il convient de faire observer ici- ce qui rend le fait plus explicable- que cet admirable établissement de« Bank of England» paraît se soucier extrêmement de la dignité du public.,,observer,,observer,[],[],[],,,,,le 29 septembre,1872-09-29-00,1872-09-29,-2.0,le 29 septembre,1872-09-29-00,1872-09-29,-2.0,precedent,[],False,False,False
596,3,61,167,168,Mais il convient de faire observer ici- ce qui rend le fait plus explicable- que cet admirable établissement de« Bank of England» paraît se soucier extrêmement de la dignité du public.,qui,rend,le fait,rendre,[],[],[],,,,,le 29 septembre,1872-09-29-00,1872-09-29,-2.0,le 29 septembre,1872-09-29-00,1872-09-29,-2.0,precedent,[],False,False,False
597,3,61,167,168,Mais il convient de faire observer ici- ce qui rend le fait plus explicable- que cet admirable établissement de« Bank of England» paraît se soucier extrêmement de la dignité du public.,cet admirable établissement de Bank of England,paraît,,paraître,[],['13'],['FAC'],,,,,le 29 septembre,1872-09-29-00,1872-09-29,-2.0,le 29 septembre,1872-09-29-00,1872-09-29,-2.0,precedent,['banque_dangleterre'],False,True,False
598,3,61,167,168,Mais il convient de faire observer ici- ce qui rend le fait plus explicable- que cet admirable établissement de« Bank of England» paraît se soucier extrêmement de la dignité du public.,cet admirable établissement de Bank of England,soucier,se,soucier,[],['13'],['FAC'],,,,,le 29 septembre,1872-09-29-00,1872-09-29,-2.0,le 29 septembre,1872-09-29-00,1872-09-29,-2.0,precedent,['banque_dangleterre'],False,True,False
599,3,61,167,168,Mais il convient de faire observer ici- ce qui rend le fait plus explicable- que cet admirable établissement de« Bank of England» paraît se soucier extrêmement de la dignité du public.,cet admirable établissement de Bank of England,soucier,de la dignité du public,soucier,[],['13'],['FAC'],,,,,le 29 septembre,1872-09-29-00,1872-09-29,-2.0,le 29 septembre,1872-09-29-00,1872-09-29,-2.0,precedent,['banque_dangleterre'],False,True,False
600,3,61,169,170,"L' or, l' argent, les billets sont exposés librement et pour ainsi dire à la merci du premier venu.",L'or l'argent les billets,exposés,,exposer,[],[],[],,,,,le 29 septembre,1872-09-29-00,1872-09-29,-2.0,le 29 septembre,1872-09-29-00,1872-09-29,-2.0,precedent,[],False,False,False
601,3,61,169,170,"L' or, l' argent, les billets sont exposés librement et pour ainsi dire à la merci du premier venu.",,dire,,dire,[],[],[],,,,,le 29 septembre,1872-09-29-00,1872-09-29,-2.0,le 29 septembre,1872-09-29-00,1872-09-29,-2.0,precedent,[],False,False,False
602,3,61,170,171,On ne saurait mettre en suspicion l' honorabilité d' un passant quelconque.,On,saurait,,savoir,[],[],[],,,,,le 29 septembre,1872-09-29-00,1872-09-29,-2.0,le 29 septembre,1872-09-29-00,1872-09-29,-2.0,precedent,[],False,False,False
603,3,61,170,171,On ne saurait mettre en suspicion l' honorabilité d' un passant quelconque.,On,mettre,en suspicion,mettre,[],[],[],,,,,le 29 septembre,1872-09-29-00,1872-09-29,-2.0,le 29 septembre,1872-09-29-00,1872-09-29,-2.0,precedent,[],False,False,False
604,3,61,170,171,On ne saurait mettre en suspicion l' honorabilité d' un passant quelconque.,On,mettre,l'honorabilité d'un passant quelconque,mettre,[],[],[],,,,,le 29 septembre,1872-09-29-00,1872-09-29,-2.0,le 29 septembre,1872-09-29-00,1872-09-29,-2.0,precedent,[],False,False,False
605,3,61,171,172,"Un des meilleurs observateurs des usages anglais raconte même ceci: Dans une des salles de la Banque où il se trouvait un jour, il eut la curiosité de voir de plus près un lingot d' or pesant sept à huit livres, qui se trouvait exposé sur la tablette du caissier; il prit ce lingot, l' examina, le passa à son voisin, celui-ci à un autre, si bien que le lingot, de main en main, s' en alla jusqu' au fond d' un corridor obscur, et ne revint qu' une demi-heure après reprendre sa place, sans que le caissier eût seulement levé la tête.",Un des meilleurs observateurs des usages anglais,raconte,ceci,raconter,[],[],[],,,,,le 29 septembre,1872-09-29-00,1872-09-29,-2.0,le 29 septembre,1872-09-29-00,1872-09-29,-2.0,precedent,[],False,False,False
606,3,61,171,172,"Un des meilleurs observateurs des usages anglais raconte même ceci: Dans une des salles de la Banque où il se trouvait un jour, il eut la curiosité de voir de plus près un lingot d' or pesant sept à huit livres, qui se trouvait exposé sur la tablette du caissier; il prit ce lingot, l' examina, le passa à son voisin, celui-ci à un autre, si bien que le lingot, de main en main, s' en alla jusqu' au fond d' un corridor obscur, et ne revint qu' une demi-heure après reprendre sa place, sans que le caissier eût seulement levé la tête.",il,trouvait,où,trouver,[],['68'],['FAC'],,,,,le 29 septembre,1872-09-29-00,1872-09-29,-2.0,le 29 septembre,1872-09-29-00,1872-09-29,-2.0,precedent,['salle_banque'],False,True,False
607,3,61,171,172,"Un des meilleurs observateurs des usages anglais raconte même ceci: Dans une des salles de la Banque où il se trouvait un jour, il eut la curiosité de voir de plus près un lingot d' or pesant sept à huit livres, qui se trouvait exposé sur la tablette du caissier; il prit ce lingot, l' examina, le passa à son voisin, celui-ci à un autre, si bien que le lingot, de main en main, s' en alla jusqu' au fond d' un corridor obscur, et ne revint qu' une demi-heure après reprendre sa place, sans que le caissier eût seulement levé la tête.",il,trouvait,se,trouver,[],[],[],,,,,le 29 septembre,1872-09-29-00,1872-09-29,-2.0,le 29 septembre,1872-09-29-00,1872-09-29,-2.0,precedent,[],False,False,False
608,3,61,171,172,"Un des meilleurs observateurs des usages anglais raconte même ceci: Dans une des salles de la Banque où il se trouvait un jour, il eut la curiosité de voir de plus près un lingot d' or pesant sept à huit livres, qui se trouvait exposé sur la tablette du caissier; il prit ce lingot, l' examina, le passa à son voisin, celui-ci à un autre, si bien que le lingot, de main en main, s' en alla jusqu' au fond d' un corridor obscur, et ne revint qu' une demi-heure après reprendre sa place, sans que le caissier eût seulement levé la tête.",il,trouvait,un jour,trouver,[],[],[],,,,,le 29 septembre,1872-09-29-00,1872-09-29,-2.0,le 29 septembre,1872-09-29-00,1872-09-29,-2.0,precedent,[],False,False,False
609,3,61,171,172,"Un des meilleurs observateurs des usages anglais raconte même ceci: Dans une des salles de la Banque où il se trouvait un jour, il eut la curiosité de voir de plus près un lingot d' or pesant sept à huit livres, qui se trouvait exposé sur la tablette du caissier; il prit ce lingot, l' examina, le passa à son voisin, celui-ci à un autre, si bien que le lingot, de main en main, s' en alla jusqu' au fond d' un corridor obscur, et ne revint qu' une demi-heure après reprendre sa place, sans que le caissier eût seulement levé la tête.",il,eut,Dans une des salles de la Banque,avoir,[],"['68', '13']",['FAC'],,,,,le 29 septembre,1872-09-29-00,1872-09-29,-2.0,le 29 septembre,1872-09-29-00,1872-09-29,-2.0,precedent,"['salle_banque', 'banque_dangleterre']",False,True,False
610,3,61,171,172,"Un des meilleurs observateurs des usages anglais raconte même ceci: Dans une des salles de la Banque où il se trouvait un jour, il eut la curiosité de voir de plus près un lingot d' or pesant sept à huit livres, qui se trouvait exposé sur la tablette du caissier; il prit ce lingot, l' examina, le passa à son voisin, celui-ci à un autre, si bien que le lingot, de main en main, s' en alla jusqu' au fond d' un corridor obscur, et ne revint qu' une demi-heure après reprendre sa place, sans que le caissier eût seulement levé la tête.",il,eut,la curiosité,avoir,[],[],[],,,,,le 29 septembre,1872-09-29-00,1872-09-29,-2.0,le 29 septembre,1872-09-29-00,1872-09-29,-2.0,precedent,[],False,False,False
611,3,61,171,172,"Un des meilleurs observateurs des usages anglais raconte même ceci: Dans une des salles de la Banque où il se trouvait un jour, il eut la curiosité de voir de plus près un lingot d' or pesant sept à huit livres, qui se trouvait exposé sur la tablette du caissier; il prit ce lingot, l' examina, le passa à son voisin, celui-ci à un autre, si bien que le lingot, de main en main, s' en alla jusqu' au fond d' un corridor obscur, et ne revint qu' une demi-heure après reprendre sa place, sans que le caissier eût seulement levé la tête.",,voir,de plus près un lingot d'or,voir,[],[],[],,,,,le 29 septembre,1872-09-29-00,1872-09-29,-2.0,le 29 septembre,1872-09-29-00,1872-09-29,-2.0,precedent,[],False,False,False
612,3,61,171,172,"Un des meilleurs observateurs des usages anglais raconte même ceci: Dans une des salles de la Banque où il se trouvait un jour, il eut la curiosité de voir de plus près un lingot d' or pesant sept à huit livres, qui se trouvait exposé sur la tablette du caissier; il prit ce lingot, l' examina, le passa à son voisin, celui-ci à un autre, si bien que le lingot, de main en main, s' en alla jusqu' au fond d' un corridor obscur, et ne revint qu' une demi-heure après reprendre sa place, sans que le caissier eût seulement levé la tête.",,pesant,sept à huit livres,peser,[],[],[],,,,,le 29 septembre,1872-09-29-00,1872-09-29,-2.0,le 29 septembre,1872-09-29-00,1872-09-29,-2.0,precedent,[],False,False,False
613,3,61,171,172,"Un des meilleurs observateurs des usages anglais raconte même ceci: Dans une des salles de la Banque où il se trouvait un jour, il eut la curiosité de voir de plus près un lingot d' or pesant sept à huit livres, qui se trouvait exposé sur la tablette du caissier; il prit ce lingot, l' examina, le passa à son voisin, celui-ci à un autre, si bien que le lingot, de main en main, s' en alla jusqu' au fond d' un corridor obscur, et ne revint qu' une demi-heure après reprendre sa place, sans que le caissier eût seulement levé la tête.",qui,trouvait,se,trouver,[],[],[],,,,,le 29 septembre,1872-09-29-00,1872-09-29,-2.0,le 29 septembre,1872-09-29-00,1872-09-29,-2.0,precedent,[],False,False,False
614,3,61,171,172,"Un des meilleurs observateurs des usages anglais raconte même ceci: Dans une des salles de la Banque où il se trouvait un jour, il eut la curiosité de voir de plus près un lingot d' or pesant sept à huit livres, qui se trouvait exposé sur la tablette du caissier; il prit ce lingot, l' examina, le passa à son voisin, celui-ci à un autre, si bien que le lingot, de main en main, s' en alla jusqu' au fond d' un corridor obscur, et ne revint qu' une demi-heure après reprendre sa place, sans que le caissier eût seulement levé la tête.",qui,exposé,sur la tablette du caissier,exposer,[],[],[],,,,,le 29 septembre,1872-09-29-00,1872-09-29,-2.0,le 29 septembre,1872-09-29-00,1872-09-29,-2.0,precedent,[],False,False,False
615,3,61,171,172,"Un des meilleurs observateurs des usages anglais raconte même ceci: Dans une des salles de la Banque où il se trouvait un jour, il eut la curiosité de voir de plus près un lingot d' or pesant sept à huit livres, qui se trouvait exposé sur la tablette du caissier; il prit ce lingot, l' examina, le passa à son voisin, celui-ci à un autre, si bien que le lingot, de main en main, s' en alla jusqu' au fond d' un corridor obscur, et ne revint qu' une demi-heure après reprendre sa place, sans que le caissier eût seulement levé la tête.",il,prit,ce lingot,prendre,[],[],[],,,,,le 29 septembre,1872-09-29-00,1872-09-29,-2.0,le 29 septembre,1872-09-29-00,1872-09-29,-2.0,precedent,[],False,False,False
616,3,61,171,172,"Un des meilleurs observateurs des usages anglais raconte même ceci: Dans une des salles de la Banque où il se trouvait un jour, il eut la curiosité de voir de plus près un lingot d' or pesant sept à huit livres, qui se trouvait exposé sur la tablette du caissier; il prit ce lingot, l' examina, le passa à son voisin, celui-ci à un autre, si bien que le lingot, de main en main, s' en alla jusqu' au fond d' un corridor obscur, et ne revint qu' une demi-heure après reprendre sa place, sans que le caissier eût seulement levé la tête.",il,examina,l',examiner,[],[],[],,,,,le 29 septembre,1872-09-29-00,1872-09-29,-2.0,le 29 septembre,1872-09-29-00,1872-09-29,-2.0,precedent,[],False,False,False
617,3,61,171,172,"Un des meilleurs observateurs des usages anglais raconte même ceci: Dans une des salles de la Banque où il se trouvait un jour, il eut la curiosité de voir de plus près un lingot d' or pesant sept à huit livres, qui se trouvait exposé sur la tablette du caissier; il prit ce lingot, l' examina, le passa à son voisin, celui-ci à un autre, si bien que le lingot, de main en main, s' en alla jusqu' au fond d' un corridor obscur, et ne revint qu' une demi-heure après reprendre sa place, sans que le caissier eût seulement levé la tête.",il,passa,le,passer,[],[],[],,,,,le 29 septembre,1872-09-29-00,1872-09-29,-2.0,le 29 septembre,1872-09-29-00,1872-09-29,-2.0,precedent,[],False,False,False
618,3,61,171,172,"Un des meilleurs observateurs des usages anglais raconte même ceci: Dans une des salles de la Banque où il se trouvait un jour, il eut la curiosité de voir de plus près un lingot d' or pesant sept à huit livres, qui se trouvait exposé sur la tablette du caissier; il prit ce lingot, l' examina, le passa à son voisin, celui-ci à un autre, si bien que le lingot, de main en main, s' en alla jusqu' au fond d' un corridor obscur, et ne revint qu' une demi-heure après reprendre sa place, sans que le caissier eût seulement levé la tête.",il,passa,à son voisin,passer,[],[],[],,,,,le 29 septembre,1872-09-29-00,1872-09-29,-2.0,le 29 septembre,1872-09-29-00,1872-09-29,-2.0,precedent,[],False,False,False
619,3,61,171,172,"Un des meilleurs observateurs des usages anglais raconte même ceci: Dans une des salles de la Banque où il se trouvait un jour, il eut la curiosité de voir de plus près un lingot d' or pesant sept à huit livres, qui se trouvait exposé sur la tablette du caissier; il prit ce lingot, l' examina, le passa à son voisin, celui-ci à un autre, si bien que le lingot, de main en main, s' en alla jusqu' au fond d' un corridor obscur, et ne revint qu' une demi-heure après reprendre sa place, sans que le caissier eût seulement levé la tête.",le lingot,alla,de main en main,aller,[],[],[],,,,,le 29 septembre,1872-09-29-00,1872-09-29,-2.0,le 29 septembre,1872-09-29-00,1872-09-29,-2.0,precedent,[],False,False,False
620,3,61,171,172,"Un des meilleurs observateurs des usages anglais raconte même ceci: Dans une des salles de la Banque où il se trouvait un jour, il eut la curiosité de voir de plus près un lingot d' or pesant sept à huit livres, qui se trouvait exposé sur la tablette du caissier; il prit ce lingot, l' examina, le passa à son voisin, celui-ci à un autre, si bien que le lingot, de main en main, s' en alla jusqu' au fond d' un corridor obscur, et ne revint qu' une demi-heure après reprendre sa place, sans que le caissier eût seulement levé la tête.",le lingot,alla,s',aller,[],[],[],,,,,le 29 septembre,1872-09-29-00,1872-09-29,-2.0,le 29 septembre,1872-09-29-00,1872-09-29,-2.0,precedent,[],False,False,False
621,3,61,171,172,"Un des meilleurs observateurs des usages anglais raconte même ceci: Dans une des salles de la Banque où il se trouvait un jour, il eut la curiosité de voir de plus près un lingot d' or pesant sept à huit livres, qui se trouvait exposé sur la tablette du caissier; il prit ce lingot, l' examina, le passa à son voisin, celui-ci à un autre, si bien que le lingot, de main en main, s' en alla jusqu' au fond d' un corridor obscur, et ne revint qu' une demi-heure après reprendre sa place, sans que le caissier eût seulement levé la tête.",le lingot,alla,en,aller,[],[],[],,,,,le 29 septembre,1872-09-29-00,1872-09-29,-2.0,le 29 septembre,1872-09-29-00,1872-09-29,-2.0,precedent,[],False,False,False
622,3,61,171,172,"Un des meilleurs observateurs des usages anglais raconte même ceci: Dans une des salles de la Banque où il se trouvait un jour, il eut la curiosité de voir de plus près un lingot d' or pesant sept à huit livres, qui se trouvait exposé sur la tablette du caissier; il prit ce lingot, l' examina, le passa à son voisin, celui-ci à un autre, si bien que le lingot, de main en main, s' en alla jusqu' au fond d' un corridor obscur, et ne revint qu' une demi-heure après reprendre sa place, sans que le caissier eût seulement levé la tête.",le lingot,alla,jusqu'au fond d'un corridor obscur,aller,[],['145'],['FAC'],,,,,le 29 septembre,1872-09-29-00,1872-09-29,-2.0,le 29 septembre,1872-09-29-00,1872-09-29,-2.0,precedent,['noRef_2613'],False,True,False
623,3,61,171,172,"Un des meilleurs observateurs des usages anglais raconte même ceci: Dans une des salles de la Banque où il se trouvait un jour, il eut la curiosité de voir de plus près un lingot d' or pesant sept à huit livres, qui se trouvait exposé sur la tablette du caissier; il prit ce lingot, l' examina, le passa à son voisin, celui-ci à un autre, si bien que le lingot, de main en main, s' en alla jusqu' au fond d' un corridor obscur, et ne revint qu' une demi-heure après reprendre sa place, sans que le caissier eût seulement levé la tête.",il,revint,qu'une demi-heure,revenir,[],[],[],,,,,le 29 septembre,1872-09-29-00,1872-09-29,-2.0,le 29 septembre,1872-09-29-00,1872-09-29,-2.0,precedent,[],False,False,False
624,3,61,171,172,"Un des meilleurs observateurs des usages anglais raconte même ceci: Dans une des salles de la Banque où il se trouvait un jour, il eut la curiosité de voir de plus près un lingot d' or pesant sept à huit livres, qui se trouvait exposé sur la tablette du caissier; il prit ce lingot, l' examina, le passa à son voisin, celui-ci à un autre, si bien que le lingot, de main en main, s' en alla jusqu' au fond d' un corridor obscur, et ne revint qu' une demi-heure après reprendre sa place, sans que le caissier eût seulement levé la tête.",,reprendre,sa place,reprendre,[],[],[],,,,,le 29 septembre,1872-09-29-00,1872-09-29,-2.0,le 29 septembre,1872-09-29-00,1872-09-29,-2.0,precedent,[],False,False,False
625,3,61,171,172,"Un des meilleurs observateurs des usages anglais raconte même ceci: Dans une des salles de la Banque où il se trouvait un jour, il eut la curiosité de voir de plus près un lingot d' or pesant sept à huit livres, qui se trouvait exposé sur la tablette du caissier; il prit ce lingot, l' examina, le passa à son voisin, celui-ci à un autre, si bien que le lingot, de main en main, s' en alla jusqu' au fond d' un corridor obscur, et ne revint qu' une demi-heure après reprendre sa place, sans que le caissier eût seulement levé la tête.",le caissier,levé,la tête,lever,[],[],[],,,,,le 29 septembre,1872-09-29-00,1872-09-29,-2.0,le 29 septembre,1872-09-29-00,1872-09-29,-2.0,precedent,[],False,False,False
626,3,62,172,173,"Mais, le 29 septembre, les choses ne se passèrent pas tout à fait ainsi.",les choses,passèrent,le 29 septembre,passer,[],[],[],le 29 septembre,1872-09-29-00,1872-09-29,-2.0,le 29 septembre,1872-09-29-00,1872-09-29,-2.0,le 29 septembre,1872-09-29-00,1872-09-29,-2.0,phrase,[],False,False,False
627,3,62,172,173,"Mais, le 29 septembre, les choses ne se passèrent pas tout à fait ainsi.",les choses,passèrent,se,passer,[],[],[],le 29 septembre,1872-09-29-00,1872-09-29,-2.0,le 29 septembre,1872-09-29-00,1872-09-29,-2.0,le 29 septembre,1872-09-29-00,1872-09-29,-2.0,phrase,[],False,False,False
628,3,62,173,174,"La liasse de bank - notes ne revint pas, et quand la magnifique horloge, posée au-dessus du« drawing - office», sonna à cinq heures la fermeture des bureaux, la Banque d' Angleterre n' avait plus qu' à passer cinquante - cinq mille livres par le compte de profits et pertes.",La liasse de bank-notes,revint,,revenir,[],[],[],,,,,le 29 septembre,1872-09-29-00,1872-09-29,-2.0,le 29 septembre,1872-09-29-00,1872-09-29,-2.0,precedent,[],False,False,False
629,3,62,173,174,"La liasse de bank - notes ne revint pas, et quand la magnifique horloge, posée au-dessus du« drawing - office», sonna à cinq heures la fermeture des bureaux, la Banque d' Angleterre n' avait plus qu' à passer cinquante - cinq mille livres par le compte de profits et pertes.",,posée,au-dessus du drawing-office,poser,[],[],[],,,,,le 29 septembre,1872-09-29-00,1872-09-29,-2.0,le 29 septembre,1872-09-29-00,1872-09-29,-2.0,precedent,[],False,False,False
630,3,62,173,174,"La liasse de bank - notes ne revint pas, et quand la magnifique horloge, posée au-dessus du« drawing - office», sonna à cinq heures la fermeture des bureaux, la Banque d' Angleterre n' avait plus qu' à passer cinquante - cinq mille livres par le compte de profits et pertes.",la magnifique horloge,sonna,à cinq heures,sonner,[],[],[],,,,,le 29 septembre,1872-09-29-00,1872-09-29,-2.0,le 29 septembre,1872-09-29-00,1872-09-29,-2.0,precedent,[],False,False,False
631,3,62,173,174,"La liasse de bank - notes ne revint pas, et quand la magnifique horloge, posée au-dessus du« drawing - office», sonna à cinq heures la fermeture des bureaux, la Banque d' Angleterre n' avait plus qu' à passer cinquante - cinq mille livres par le compte de profits et pertes.",la magnifique horloge,sonna,la fermeture des bureaux,sonner,[],['162'],['FAC'],,,,,le 29 septembre,1872-09-29-00,1872-09-29,-2.0,le 29 septembre,1872-09-29-00,1872-09-29,-2.0,precedent,['noRef_1120'],False,True,False
632,3,62,173,174,"La liasse de bank - notes ne revint pas, et quand la magnifique horloge, posée au-dessus du« drawing - office», sonna à cinq heures la fermeture des bureaux, la Banque d' Angleterre n' avait plus qu' à passer cinquante - cinq mille livres par le compte de profits et pertes.",la Banque d'Angleterre,avait,,avoir,[],['13'],['FAC'],,,,,le 29 septembre,1872-09-29-00,1872-09-29,-2.0,le 29 septembre,1872-09-29-00,1872-09-29,-2.0,precedent,['banque_dangleterre'],False,True,False
633,3,62,173,174,"La liasse de bank - notes ne revint pas, et quand la magnifique horloge, posée au-dessus du« drawing - office», sonna à cinq heures la fermeture des bureaux, la Banque d' Angleterre n' avait plus qu' à passer cinquante - cinq mille livres par le compte de profits et pertes.",la Banque d'Angleterre,passer,cinquante-cinq mille livres,passer,[],['13'],['FAC'],,,,,le 29 septembre,1872-09-29-00,1872-09-29,-2.0,le 29 septembre,1872-09-29-00,1872-09-29,-2.0,precedent,['banque_dangleterre'],False,True,False
634,3,62,173,174,"La liasse de bank - notes ne revint pas, et quand la magnifique horloge, posée au-dessus du« drawing - office», sonna à cinq heures la fermeture des bureaux, la Banque d' Angleterre n' avait plus qu' à passer cinquante - cinq mille livres par le compte de profits et pertes.",la Banque d'Angleterre,passer,par le compte de profits et pertes,passer,[],['13'],['FAC'],,,,,le 29 septembre,1872-09-29-00,1872-09-29,-2.0,le 29 septembre,1872-09-29-00,1872-09-29,-2.0,precedent,['banque_dangleterre'],False,True,False
635,3,63,174,175,"Le vol bien et dûment reconnu, des agents, des« détectives», choisis parmi les plus habiles, furent envoyés dans les principaux ports, à Liverpool, à Glasgow, au Havre, à Suez, à Brindisi, à New York, etc., avec promesse, en cas de succès, d' une prime de deux mille livres( 50 000 F) et cinq pour cent de la somme qui serait retrouvée.",,reconnu,,reconnaître,[],[],[],,,,,le 29 septembre,1872-09-29-00,1872-09-29,-2.0,le 29 septembre,1872-09-29-00,1872-09-29,-2.0,precedent,[],False,False,False
636,3,63,174,175,"Le vol bien et dûment reconnu, des agents, des« détectives», choisis parmi les plus habiles, furent envoyés dans les principaux ports, à Liverpool, à Glasgow, au Havre, à Suez, à Brindisi, à New York, etc., avec promesse, en cas de succès, d' une prime de deux mille livres( 50 000 F) et cinq pour cent de la somme qui serait retrouvée.",,choisis,parmi les plus habiles,choisir,[],[],[],,,,,le 29 septembre,1872-09-29-00,1872-09-29,-2.0,le 29 septembre,1872-09-29-00,1872-09-29,-2.0,precedent,[],False,False,False
637,3,63,174,175,"Le vol bien et dûment reconnu, des agents, des« détectives», choisis parmi les plus habiles, furent envoyés dans les principaux ports, à Liverpool, à Glasgow, au Havre, à Suez, à Brindisi, à New York, etc., avec promesse, en cas de succès, d' une prime de deux mille livres( 50 000 F) et cinq pour cent de la somme qui serait retrouvée.",Le vol,envoyés,dans les principaux ports à Liverpool à Glasgow au Havre à Suez à Brindisi à New York,envoyer,[],['40'],['FAC'],,,,,le 29 septembre,1872-09-29-00,1872-09-29,-2.0,le 29 septembre,1872-09-29-00,1872-09-29,-2.0,precedent,['M23'],False,True,False
638,3,63,174,175,"Le vol bien et dûment reconnu, des agents, des« détectives», choisis parmi les plus habiles, furent envoyés dans les principaux ports, à Liverpool, à Glasgow, au Havre, à Suez, à Brindisi, à New York, etc., avec promesse, en cas de succès, d' une prime de deux mille livres( 50 000 F) et cinq pour cent de la somme qui serait retrouvée.",Le vol,envoyés,avec promesse en cas de succès d'une prime de deux mille livres 50 000 F et cinq pour cent de la somme,envoyer,[],[],[],,,,,le 29 septembre,1872-09-29-00,1872-09-29,-2.0,le 29 septembre,1872-09-29-00,1872-09-29,-2.0,precedent,[],False,False,False
639,3,63,174,175,"Le vol bien et dûment reconnu, des agents, des« détectives», choisis parmi les plus habiles, furent envoyés dans les principaux ports, à Liverpool, à Glasgow, au Havre, à Suez, à Brindisi, à New York, etc., avec promesse, en cas de succès, d' une prime de deux mille livres( 50 000 F) et cinq pour cent de la somme qui serait retrouvée.",qui,retrouvée,,retrouver,[],[],[],,,,,le 29 septembre,1872-09-29-00,1872-09-29,-2.0,le 29 septembre,1872-09-29-00,1872-09-29,-2.0,precedent,[],False,False,False
640,3,63,175,176,"En attendant les renseignements que devait fournir l' enquête immédiatement commencée, ces inspecteurs avaient pour mission d' observer scrupuleusement tous les voyageurs en arrivée ou en partance.",ces inspecteurs,attendant,les renseignements,attendre,['17'],[],[],,,,,le 29 septembre,1872-09-29-00,1872-09-29,-2.0,le 29 septembre,1872-09-29-00,1872-09-29,-2.0,precedent,[],True,False,False
641,3,63,175,176,"En attendant les renseignements que devait fournir l' enquête immédiatement commencée, ces inspecteurs avaient pour mission d' observer scrupuleusement tous les voyageurs en arrivée ou en partance.",l'enquête,devait,que,devoir,[],[],[],,,,,le 29 septembre,1872-09-29-00,1872-09-29,-2.0,le 29 septembre,1872-09-29-00,1872-09-29,-2.0,precedent,[],False,False,False
642,3,63,175,176,"En attendant les renseignements que devait fournir l' enquête immédiatement commencée, ces inspecteurs avaient pour mission d' observer scrupuleusement tous les voyageurs en arrivée ou en partance.",l'enquête,fournir,,fournir,[],[],[],,,,,le 29 septembre,1872-09-29-00,1872-09-29,-2.0,le 29 septembre,1872-09-29-00,1872-09-29,-2.0,precedent,[],False,False,False
643,3,63,175,176,"En attendant les renseignements que devait fournir l' enquête immédiatement commencée, ces inspecteurs avaient pour mission d' observer scrupuleusement tous les voyageurs en arrivée ou en partance.",,commencée,,commencer,[],[],[],,,,,le 29 septembre,1872-09-29-00,1872-09-29,-2.0,le 29 septembre,1872-09-29-00,1872-09-29,-2.0,precedent,[],False,False,False
644,3,63,175,176,"En attendant les renseignements que devait fournir l' enquête immédiatement commencée, ces inspecteurs avaient pour mission d' observer scrupuleusement tous les voyageurs en arrivée ou en partance.",ces inspecteurs,avaient,pour mission,avoir,['17'],[],[],,,,,le 29 septembre,1872-09-29-00,1872-09-29,-2.0,le 29 septembre,1872-09-29-00,1872-09-29,-2.0,precedent,[],True,False,False
645,3,63,175,176,"En attendant les renseignements que devait fournir l' enquête immédiatement commencée, ces inspecteurs avaient pour mission d' observer scrupuleusement tous les voyageurs en arrivée ou en partance.",ces inspecteurs,observer,tous les voyageurs en arrivée ou en partance,observer,['17'],[],[],,,,,le 29 septembre,1872-09-29-00,1872-09-29,-2.0,le 29 septembre,1872-09-29-00,1872-09-29,-2.0,precedent,[],True,False,False
646,3,64,176,177,"Or, précisément, ainsi que le disait le Morning Chronicle, on avait lieu de supposer que l' auteur du vol ne faisait partie d' aucune des sociétés de voleurs d' Angleterre.",le Morning Chronicle,disait,le,dire,[],[],[],,,,,le 29 septembre,1872-09-29-00,1872-09-29,-2.0,le 29 septembre,1872-09-29-00,1872-09-29,-2.0,precedent,[],False,False,False
647,3,64,176,177,"Or, précisément, ainsi que le disait le Morning Chronicle, on avait lieu de supposer que l' auteur du vol ne faisait partie d' aucune des sociétés de voleurs d' Angleterre.",on,avait,lieu,avoir,[],[],[],,,,,le 29 septembre,1872-09-29-00,1872-09-29,-2.0,le 29 septembre,1872-09-29-00,1872-09-29,-2.0,precedent,[],False,False,False
648,3,64,176,177,"Or, précisément, ainsi que le disait le Morning Chronicle, on avait lieu de supposer que l' auteur du vol ne faisait partie d' aucune des sociétés de voleurs d' Angleterre.",on,supposer,,supposer,[],[],[],,,,,le 29 septembre,1872-09-29-00,1872-09-29,-2.0,le 29 septembre,1872-09-29-00,1872-09-29,-2.0,precedent,[],False,False,False
649,3,64,176,177,"Or, précisément, ainsi que le disait le Morning Chronicle, on avait lieu de supposer que l' auteur du vol ne faisait partie d' aucune des sociétés de voleurs d' Angleterre.",l'auteur du vol,faisait,partie,faire,[],[],[],,,,,le 29 septembre,1872-09-29-00,1872-09-29,-2.0,le 29 septembre,1872-09-29-00,1872-09-29,-2.0,precedent,[],False,False,False
650,3,64,176,177,"Or, précisément, ainsi que le disait le Morning Chronicle, on avait lieu de supposer que l' auteur du vol ne faisait partie d' aucune des sociétés de voleurs d' Angleterre.",l'auteur du vol,faisait,d'aucune des sociétés de voleurs d'Angleterre,faire,[],[],[],,,,,le 29 septembre,1872-09-29-00,1872-09-29,-2.0,le 29 septembre,1872-09-29-00,1872-09-29,-2.0,precedent,[],False,False,False
651,3,64,177,178,"Pendant cette journée du 29 septembre, un gentleman bien mis, de bonnes manières, l' air distingué, avait été remarqué, qui allait et venait dans la salle des paiements, théâtre du vol.",,mis,,mettre,[],[],[],pendant cette journée du 29 septembre,1872-09-29-00,1872-09-29,-2.0,pendant cette journée du 29 septembre,1872-09-29-00,1872-09-29,-2.0,pendant cette journée du 29 septembre,1872-09-29-00,1872-09-29,-2.0,phrase,[],False,False,False
652,3,64,177,178,"Pendant cette journée du 29 septembre, un gentleman bien mis, de bonnes manières, l' air distingué, avait été remarqué, qui allait et venait dans la salle des paiements, théâtre du vol.",un gentleman de bonnes manières l'air distingué,remarqué,Pendant cette journée du 29 septembre,remarquer,[],[],[],pendant cette journée du 29 septembre,1872-09-29-00,1872-09-29,-2.0,pendant cette journée du 29 septembre,1872-09-29-00,1872-09-29,-2.0,pendant cette journée du 29 septembre,1872-09-29-00,1872-09-29,-2.0,phrase,[],False,False,False
653,3,64,177,178,"Pendant cette journée du 29 septembre, un gentleman bien mis, de bonnes manières, l' air distingué, avait été remarqué, qui allait et venait dans la salle des paiements, théâtre du vol.",qui,allait,dans la salle des paiements théâtre du vol,aller,[],['68'],['FAC'],pendant cette journée du 29 septembre,1872-09-29-00,1872-09-29,-2.0,pendant cette journée du 29 septembre,1872-09-29-00,1872-09-29,-2.0,pendant cette journée du 29 septembre,1872-09-29-00,1872-09-29,-2.0,phrase,['salle_banque'],False,True,False
654,3,64,177,178,"Pendant cette journée du 29 septembre, un gentleman bien mis, de bonnes manières, l' air distingué, avait été remarqué, qui allait et venait dans la salle des paiements, théâtre du vol.",qui,venait,,venir,[],[],[],pendant cette journée du 29 septembre,1872-09-29-00,1872-09-29,-2.0,pendant cette journée du 29 septembre,1872-09-29-00,1872-09-29,-2.0,pendant cette journée du 29 septembre,1872-09-29-00,1872-09-29,-2.0,phrase,[],False,False,False
655,3,64,178,179,"L' enquête avait permis de refaire assez exactement le signalement de ce gentleman, signalement qui fut aussitôt adressé à tous les détectives du Royaume - Uni et du continent quelques bons esprits- et Gauthier Ralph était du nombre- se croyaient donc fondés à espérer que le voleur n' échapperait pas.",L'enquête,permis,,permettre,[],[],[],,,,,pendant cette journée du 29 septembre,1872-09-29-00,1872-09-29,-2.0,pendant cette journée du 29 septembre,1872-09-29-00,1872-09-29,-2.0,precedent,[],False,False,False
656,3,64,178,179,"L' enquête avait permis de refaire assez exactement le signalement de ce gentleman, signalement qui fut aussitôt adressé à tous les détectives du Royaume - Uni et du continent quelques bons esprits- et Gauthier Ralph était du nombre- se croyaient donc fondés à espérer que le voleur n' échapperait pas.",L'enquête,refaire,le signalement de ce gentleman signalement,refaire,[],[],[],,,,,pendant cette journée du 29 septembre,1872-09-29-00,1872-09-29,-2.0,pendant cette journée du 29 septembre,1872-09-29-00,1872-09-29,-2.0,precedent,[],False,False,False
657,3,64,178,179,"L' enquête avait permis de refaire assez exactement le signalement de ce gentleman, signalement qui fut aussitôt adressé à tous les détectives du Royaume - Uni et du continent quelques bons esprits- et Gauthier Ralph était du nombre- se croyaient donc fondés à espérer que le voleur n' échapperait pas.",qui,adressé,à tous les détectives du Royaume-Uni et du continent quelques bons esprits,adresser,['17'],[],[],,,,,pendant cette journée du 29 septembre,1872-09-29-00,1872-09-29,-2.0,pendant cette journée du 29 septembre,1872-09-29-00,1872-09-29,-2.0,precedent,[],True,False,False
658,3,64,178,179,"L' enquête avait permis de refaire assez exactement le signalement de ce gentleman, signalement qui fut aussitôt adressé à tous les détectives du Royaume - Uni et du continent quelques bons esprits- et Gauthier Ralph était du nombre- se croyaient donc fondés à espérer que le voleur n' échapperait pas.",nombre-se,croyaient,nombre-se,croire,[],[],[],,,,,pendant cette journée du 29 septembre,1872-09-29-00,1872-09-29,-2.0,pendant cette journée du 29 septembre,1872-09-29-00,1872-09-29,-2.0,precedent,[],False,False,False
659,3,64,178,179,"L' enquête avait permis de refaire assez exactement le signalement de ce gentleman, signalement qui fut aussitôt adressé à tous les détectives du Royaume - Uni et du continent quelques bons esprits- et Gauthier Ralph était du nombre- se croyaient donc fondés à espérer que le voleur n' échapperait pas.",nombre-se,fondés,,fonder,[],[],[],,,,,pendant cette journée du 29 septembre,1872-09-29-00,1872-09-29,-2.0,pendant cette journée du 29 septembre,1872-09-29-00,1872-09-29,-2.0,precedent,[],False,False,False
660,3,64,178,179,"L' enquête avait permis de refaire assez exactement le signalement de ce gentleman, signalement qui fut aussitôt adressé à tous les détectives du Royaume - Uni et du continent quelques bons esprits- et Gauthier Ralph était du nombre- se croyaient donc fondés à espérer que le voleur n' échapperait pas.",,espérer,,espérer,[],[],[],,,,,pendant cette journée du 29 septembre,1872-09-29-00,1872-09-29,-2.0,pendant cette journée du 29 septembre,1872-09-29-00,1872-09-29,-2.0,precedent,[],False,False,False
661,3,64,178,179,"L' enquête avait permis de refaire assez exactement le signalement de ce gentleman, signalement qui fut aussitôt adressé à tous les détectives du Royaume - Uni et du continent quelques bons esprits- et Gauthier Ralph était du nombre- se croyaient donc fondés à espérer que le voleur n' échapperait pas.",le voleur,échapperait,,échapper,[],[],[],,,,,pendant cette journée du 29 septembre,1872-09-29-00,1872-09-29,-2.0,pendant cette journée du 29 septembre,1872-09-29-00,1872-09-29,-2.0,precedent,[],False,False,False
662,3,65,179,180,"Comme on le pense, ce fait était à l' ordre du jour à Londres et dans toute l' Angleterre.",on,pense,le,penser,[],[],[],,,,,pendant cette journée du 29 septembre,1872-09-29-00,1872-09-29,-2.0,pendant cette journée du 29 septembre,1872-09-29-00,1872-09-29,-2.0,precedent,[],False,False,False
663,3,65,180,181,"On discutait, on se passionnait pour ou contre les probabilités du succès de la police métropolitaine.",On,discutait,,discuter,[],[],[],,,,,pendant cette journée du 29 septembre,1872-09-29-00,1872-09-29,-2.0,pendant cette journée du 29 septembre,1872-09-29-00,1872-09-29,-2.0,precedent,[],False,False,False
664,3,65,180,181,"On discutait, on se passionnait pour ou contre les probabilités du succès de la police métropolitaine.",on,passionnait,se,passionner,[],[],[],,,,,pendant cette journée du 29 septembre,1872-09-29-00,1872-09-29,-2.0,pendant cette journée du 29 septembre,1872-09-29-00,1872-09-29,-2.0,precedent,[],False,False,False
665,3,65,180,181,"On discutait, on se passionnait pour ou contre les probabilités du succès de la police métropolitaine.",on,passionnait,pour ou contre les probabilités du succès de la police métropolitaine,passionner,['17'],[],[],,,,,pendant cette journée du 29 septembre,1872-09-29-00,1872-09-29,-2.0,pendant cette journée du 29 septembre,1872-09-29-00,1872-09-29,-2.0,precedent,[],True,False,False
666,3,65,181,182,"On ne s' étonnera donc pas d' entendre les membres du Reform - Club traiter la même question, d' autant plus que l' un des sous-gouverneurs de la Banque se trouvait parmi eux.",On,étonnera,s',étonner,[],[],[],,,,,pendant cette journée du 29 septembre,1872-09-29-00,1872-09-29,-2.0,pendant cette journée du 29 septembre,1872-09-29-00,1872-09-29,-2.0,precedent,[],False,False,False
667,3,65,181,182,"On ne s' étonnera donc pas d' entendre les membres du Reform - Club traiter la même question, d' autant plus que l' un des sous-gouverneurs de la Banque se trouvait parmi eux.",On,entendre,les membres du Reform-Club,entendre,[],['3'],['FAC'],,,,,pendant cette journée du 29 septembre,1872-09-29-00,1872-09-29,-2.0,pendant cette journée du 29 septembre,1872-09-29-00,1872-09-29,-2.0,precedent,['reform_club'],False,True,False
668,3,65,181,182,"On ne s' étonnera donc pas d' entendre les membres du Reform - Club traiter la même question, d' autant plus que l' un des sous-gouverneurs de la Banque se trouvait parmi eux.",,traiter,la même question,traiter,[],[],[],,,,,pendant cette journée du 29 septembre,1872-09-29-00,1872-09-29,-2.0,pendant cette journée du 29 septembre,1872-09-29-00,1872-09-29,-2.0,precedent,[],False,False,False
669,3,65,181,182,"On ne s' étonnera donc pas d' entendre les membres du Reform - Club traiter la même question, d' autant plus que l' un des sous-gouverneurs de la Banque se trouvait parmi eux.",l'un des sous-gouverneurs de la Banque,trouvait,se,trouver,['6'],['13'],['FAC'],,,,,pendant cette journée du 29 septembre,1872-09-29-00,1872-09-29,-2.0,pendant cette journée du 29 septembre,1872-09-29-00,1872-09-29,-2.0,precedent,['banque_dangleterre'],True,True,True
670,3,65,181,182,"On ne s' étonnera donc pas d' entendre les membres du Reform - Club traiter la même question, d' autant plus que l' un des sous-gouverneurs de la Banque se trouvait parmi eux.",l'un des sous-gouverneurs de la Banque,trouvait,parmi eux,trouver,"['6', '4']",['13'],['FAC'],,,,,pendant cette journée du 29 septembre,1872-09-29-00,1872-09-29,-2.0,pendant cette journée du 29 septembre,1872-09-29-00,1872-09-29,-2.0,precedent,['banque_dangleterre'],True,True,True
671,3,66,182,183,"L' honorable Gauthier Ralph ne voulait pas douter du résultat des recherches, estimant que la prime offerte devrait singulièrement aiguiser le zèle et l' intelligence des agents.",L'honorable Gauthier Ralph,voulait,,vouloir,['6'],[],[],,,,,pendant cette journée du 29 septembre,1872-09-29-00,1872-09-29,-2.0,pendant cette journée du 29 septembre,1872-09-29-00,1872-09-29,-2.0,precedent,[],True,False,False
672,3,66,182,183,"L' honorable Gauthier Ralph ne voulait pas douter du résultat des recherches, estimant que la prime offerte devrait singulièrement aiguiser le zèle et l' intelligence des agents.",L'honorable Gauthier Ralph,douter,du résultat des recherches,douter,['6'],[],[],,,,,pendant cette journée du 29 septembre,1872-09-29-00,1872-09-29,-2.0,pendant cette journée du 29 septembre,1872-09-29-00,1872-09-29,-2.0,precedent,[],True,False,False
673,3,66,182,183,"L' honorable Gauthier Ralph ne voulait pas douter du résultat des recherches, estimant que la prime offerte devrait singulièrement aiguiser le zèle et l' intelligence des agents.",L'honorable Gauthier Ralph,estimant,,estimer,['6'],[],[],,,,,pendant cette journée du 29 septembre,1872-09-29-00,1872-09-29,-2.0,pendant cette journée du 29 septembre,1872-09-29-00,1872-09-29,-2.0,precedent,[],True,False,False
674,3,66,182,183,"L' honorable Gauthier Ralph ne voulait pas douter du résultat des recherches, estimant que la prime offerte devrait singulièrement aiguiser le zèle et l' intelligence des agents.",,offerte,,offrir,[],[],[],,,,,pendant cette journée du 29 septembre,1872-09-29-00,1872-09-29,-2.0,pendant cette journée du 29 septembre,1872-09-29-00,1872-09-29,-2.0,precedent,[],False,False,False
675,3,66,182,183,"L' honorable Gauthier Ralph ne voulait pas douter du résultat des recherches, estimant que la prime offerte devrait singulièrement aiguiser le zèle et l' intelligence des agents.",la prime,devrait,,devoir,[],[],[],,,,,pendant cette journée du 29 septembre,1872-09-29-00,1872-09-29,-2.0,pendant cette journée du 29 septembre,1872-09-29-00,1872-09-29,-2.0,precedent,[],False,False,False
676,3,66,182,183,"L' honorable Gauthier Ralph ne voulait pas douter du résultat des recherches, estimant que la prime offerte devrait singulièrement aiguiser le zèle et l' intelligence des agents.",la prime,aiguiser,le zèle et l'intelligence des agents,aiguiser,['17'],[],[],,,,,pendant cette journée du 29 septembre,1872-09-29-00,1872-09-29,-2.0,pendant cette journée du 29 septembre,1872-09-29-00,1872-09-29,-2.0,precedent,[],True,False,False
677,3,66,183,184,"Mais son collègue, Andrew Stuart, était loin de partager cette confiance.",son collègue Andrew Stuart,partager,cette confiance,partager,"['6', '2']",[],[],,,,,pendant cette journée du 29 septembre,1872-09-29-00,1872-09-29,-2.0,pendant cette journée du 29 septembre,1872-09-29-00,1872-09-29,-2.0,precedent,[],True,False,False
678,3,66,184,185,"La discussion continua donc entre les gentlemen, qui s' étaient assis à une table de whist, Stuart devant Flanagan, Fallentin devant Phileas Fogg.",La discussion,continua,entre les gentlemen Stuart devant Flanagan Fallentin devant Phileas Fogg,continuer,"['4', '2', '18', '27', '0']",[],[],,,,,pendant cette journée du 29 septembre,1872-09-29-00,1872-09-29,-2.0,pendant cette journée du 29 septembre,1872-09-29-00,1872-09-29,-2.0,precedent,[],True,False,False
679,3,66,184,185,"La discussion continua donc entre les gentlemen, qui s' étaient assis à une table de whist, Stuart devant Flanagan, Fallentin devant Phileas Fogg.",qui,assis,s',asseoir,['4'],[],[],,,,,pendant cette journée du 29 septembre,1872-09-29-00,1872-09-29,-2.0,pendant cette journée du 29 septembre,1872-09-29-00,1872-09-29,-2.0,precedent,[],True,False,False
680,3,66,184,185,"La discussion continua donc entre les gentlemen, qui s' étaient assis à une table de whist, Stuart devant Flanagan, Fallentin devant Phileas Fogg.",qui,assis,à une table de whist,asseoir,['4'],[],[],,,,,pendant cette journée du 29 septembre,1872-09-29-00,1872-09-29,-2.0,pendant cette journée du 29 septembre,1872-09-29-00,1872-09-29,-2.0,precedent,[],True,False,False
681,3,66,185,186,"Pendant le jeu, les joueurs ne parlaient pas, mais entre les robres, la conversation interrompue reprenait de plus belle.",les joueurs,parlaient,Pendant le jeu,parler,['4'],[],[],,,,,pendant cette journée du 29 septembre,1872-09-29-00,1872-09-29,-2.0,pendant cette journée du 29 septembre,1872-09-29-00,1872-09-29,-2.0,precedent,[],True,False,False
682,3,66,185,186,"Pendant le jeu, les joueurs ne parlaient pas, mais entre les robres, la conversation interrompue reprenait de plus belle.",,interrompue,,interrompre,[],[],[],,,,,pendant cette journée du 29 septembre,1872-09-29-00,1872-09-29,-2.0,pendant cette journée du 29 septembre,1872-09-29-00,1872-09-29,-2.0,precedent,[],False,False,False
683,3,66,185,186,"Pendant le jeu, les joueurs ne parlaient pas, mais entre les robres, la conversation interrompue reprenait de plus belle.",la conversation,reprenait,entre les robres,reprendre,[],[],[],,,,,pendant cette journée du 29 septembre,1872-09-29-00,1872-09-29,-2.0,pendant cette journée du 29 septembre,1872-09-29-00,1872-09-29,-2.0,precedent,[],False,False,False
684,3,66,185,186,"Pendant le jeu, les joueurs ne parlaient pas, mais entre les robres, la conversation interrompue reprenait de plus belle.",la conversation,reprenait,de plus belle.,reprendre,[],[],[],,,,,pendant cette journée du 29 septembre,1872-09-29-00,1872-09-29,-2.0,pendant cette journée du 29 septembre,1872-09-29-00,1872-09-29,-2.0,precedent,[],False,False,False
685,3,67,186,187,"«Je soutiens, dit Andrew Stuart, que les chances sont en faveur du voleur, qui ne peut manquer d' être un habile homme!",Je,soutiens,,soutenir,['2'],[],[],,,,,pendant cette journée du 29 septembre,1872-09-29-00,1872-09-29,-2.0,pendant cette journée du 29 septembre,1872-09-29-00,1872-09-29,-2.0,precedent,[],True,False,False
686,3,67,186,187,"«Je soutiens, dit Andrew Stuart, que les chances sont en faveur du voleur, qui ne peut manquer d' être un habile homme!",Andrew Stuart,dit,,dire,['2'],[],[],,,,,pendant cette journée du 29 septembre,1872-09-29-00,1872-09-29,-2.0,pendant cette journée du 29 septembre,1872-09-29-00,1872-09-29,-2.0,precedent,[],True,False,False
687,3,67,186,187,"«Je soutiens, dit Andrew Stuart, que les chances sont en faveur du voleur, qui ne peut manquer d' être un habile homme!",qui,peut,,pouvoir,[],[],[],,,,,pendant cette journée du 29 septembre,1872-09-29-00,1872-09-29,-2.0,pendant cette journée du 29 septembre,1872-09-29-00,1872-09-29,-2.0,precedent,[],False,False,False
688,3,67,186,187,"«Je soutiens, dit Andrew Stuart, que les chances sont en faveur du voleur, qui ne peut manquer d' être un habile homme!",qui,manquer,,manquer,[],[],[],,,,,pendant cette journée du 29 septembre,1872-09-29-00,1872-09-29,-2.0,pendant cette journée du 29 septembre,1872-09-29-00,1872-09-29,-2.0,precedent,[],False,False,False
689,3,68,187,188,"- Allons donc! répondit Ralph, il n' y a plus un seul pays Dans lequel il puisse se réfugier.",,Allons,,aller,[],[],[],,,,,pendant cette journée du 29 septembre,1872-09-29-00,1872-09-29,-2.0,pendant cette journée du 29 septembre,1872-09-29-00,1872-09-29,-2.0,precedent,[],False,False,False
690,3,68,187,188,"- Allons donc! répondit Ralph, il n' y a plus un seul pays Dans lequel il puisse se réfugier.",,répondit,Ralph,répondre,['6'],[],[],,,,,pendant cette journée du 29 septembre,1872-09-29-00,1872-09-29,-2.0,pendant cette journée du 29 septembre,1872-09-29-00,1872-09-29,-2.0,precedent,[],True,False,False
691,3,68,187,188,"- Allons donc! répondit Ralph, il n' y a plus un seul pays Dans lequel il puisse se réfugier.",,a,y,avoir,[],[],[],,,,,pendant cette journée du 29 septembre,1872-09-29-00,1872-09-29,-2.0,pendant cette journée du 29 septembre,1872-09-29-00,1872-09-29,-2.0,precedent,[],False,False,False
692,3,68,187,188,"- Allons donc! répondit Ralph, il n' y a plus un seul pays Dans lequel il puisse se réfugier.",,a,un seul pays,avoir,[],[],[],,,,,pendant cette journée du 29 septembre,1872-09-29-00,1872-09-29,-2.0,pendant cette journée du 29 septembre,1872-09-29-00,1872-09-29,-2.0,precedent,[],False,False,False
693,3,68,187,188,"- Allons donc! répondit Ralph, il n' y a plus un seul pays Dans lequel il puisse se réfugier.",il,puisse,Dans lequel,pouvoir,[],[],[],,,,,pendant cette journée du 29 septembre,1872-09-29-00,1872-09-29,-2.0,pendant cette journée du 29 septembre,1872-09-29-00,1872-09-29,-2.0,precedent,[],False,False,False
694,3,68,187,188,"- Allons donc! répondit Ralph, il n' y a plus un seul pays Dans lequel il puisse se réfugier.",il,réfugier,se,réfugier,[],[],[],,,,,pendant cette journée du 29 septembre,1872-09-29-00,1872-09-29,-2.0,pendant cette journée du 29 septembre,1872-09-29-00,1872-09-29,-2.0,precedent,[],False,False,False
695,3,70,189,190,- Où voulez -vous qu' il aille?,-vous,voulez,,vouloir,['2'],[],[],,,,,pendant cette journée du 29 septembre,1872-09-29-00,1872-09-29,-2.0,pendant cette journée du 29 septembre,1872-09-29-00,1872-09-29,-2.0,precedent,[],True,False,False
696,3,70,189,190,- Où voulez -vous qu' il aille?,il,aille,,aller,[],[],[],,,,,pendant cette journée du 29 septembre,1872-09-29-00,1872-09-29,-2.0,pendant cette journée du 29 septembre,1872-09-29-00,1872-09-29,-2.0,precedent,[],False,False,False
697,3,71,190,191,"-Je n' en sais rien, répondit Andrew Stuart, mais, après tout, la terre est assez vaste.",-Je,sais,en,savoir,['2'],[],[],,,,,pendant cette journée du 29 septembre,1872-09-29-00,1872-09-29,-2.0,pendant cette journée du 29 septembre,1872-09-29-00,1872-09-29,-2.0,precedent,[],True,False,False
698,3,71,190,191,"-Je n' en sais rien, répondit Andrew Stuart, mais, après tout, la terre est assez vaste.",-Je,sais,rien,savoir,['2'],[],[],,,,,pendant cette journée du 29 septembre,1872-09-29-00,1872-09-29,-2.0,pendant cette journée du 29 septembre,1872-09-29-00,1872-09-29,-2.0,precedent,[],True,False,False
699,3,71,190,191,"-Je n' en sais rien, répondit Andrew Stuart, mais, après tout, la terre est assez vaste.",-Je,sais,après tout,savoir,['2'],[],[],,,,,pendant cette journée du 29 septembre,1872-09-29-00,1872-09-29,-2.0,pendant cette journée du 29 septembre,1872-09-29-00,1872-09-29,-2.0,precedent,[],True,False,False
700,3,71,190,191,"-Je n' en sais rien, répondit Andrew Stuart, mais, après tout, la terre est assez vaste.",Andrew Stuart,répondit,,répondre,['2'],[],[],,,,,pendant cette journée du 29 septembre,1872-09-29-00,1872-09-29,-2.0,pendant cette journée du 29 septembre,1872-09-29-00,1872-09-29,-2.0,precedent,[],True,False,False
701,3,72,191,192,"- Elle l' était autrefois…», dit à mi-voix Phileas Fogg.",,dit,à mi-voix,dire,[],[],[],,,,,pendant cette journée du 29 septembre,1872-09-29-00,1872-09-29,-2.0,pendant cette journée du 29 septembre,1872-09-29-00,1872-09-29,-2.0,precedent,[],False,False,False
702,3,72,191,192,"- Elle l' était autrefois…», dit à mi-voix Phileas Fogg.",,dit,Phileas Fogg,dire,['0'],[],[],,,,,pendant cette journée du 29 septembre,1872-09-29-00,1872-09-29,-2.0,pendant cette journée du 29 septembre,1872-09-29-00,1872-09-29,-2.0,precedent,[],True,False,False
703,3,72,192,193,"Puis:« À vous de couper, monsieur», ajouta -t -il en présentant les cartes à Thomas Flanagan.",,couper,,couper,[],[],[],,,,,pendant cette journée du 29 septembre,1872-09-29-00,1872-09-29,-2.0,pendant cette journée du 29 septembre,1872-09-29-00,1872-09-29,-2.0,precedent,[],False,False,False
704,3,72,192,193,"Puis:« À vous de couper, monsieur», ajouta -t -il en présentant les cartes à Thomas Flanagan.",-t,ajouta,,ajouter,[],[],[],,,,,pendant cette journée du 29 septembre,1872-09-29-00,1872-09-29,-2.0,pendant cette journée du 29 septembre,1872-09-29-00,1872-09-29,-2.0,precedent,[],False,False,False
705,3,72,192,193,"Puis:« À vous de couper, monsieur», ajouta -t -il en présentant les cartes à Thomas Flanagan.",-t,présentant,les cartes,présenter,[],[],[],,,,,pendant cette journée du 29 septembre,1872-09-29-00,1872-09-29,-2.0,pendant cette journée du 29 septembre,1872-09-29-00,1872-09-29,-2.0,precedent,[],False,False,False
706,3,72,192,193,"Puis:« À vous de couper, monsieur», ajouta -t -il en présentant les cartes à Thomas Flanagan.",-t,présentant,à Thomas Flanagan,présenter,['18'],[],[],,,,,pendant cette journée du 29 septembre,1872-09-29-00,1872-09-29,-2.0,pendant cette journée du 29 septembre,1872-09-29-00,1872-09-29,-2.0,precedent,[],True,False,False
707,3,73,193,194,La discussion fut suspendue pendant le robre.,La discussion,suspendue,pendant le robre,suspendre,[],[],[],,,,,pendant cette journée du 29 septembre,1872-09-29-00,1872-09-29,-2.0,pendant cette journée du 29 septembre,1872-09-29-00,1872-09-29,-2.0,precedent,[],False,False,False
708,3,73,194,195,"Mais bientôt Andrew Stuart la reprenait, disant:",Andrew Stuart,reprenait,la,reprendre,['2'],[],[],,,,,pendant cette journée du 29 septembre,1872-09-29-00,1872-09-29,-2.0,pendant cette journée du 29 septembre,1872-09-29-00,1872-09-29,-2.0,precedent,[],True,False,False
709,3,73,194,195,"Mais bientôt Andrew Stuart la reprenait, disant:",Andrew Stuart,disant,,dire,['2'],[],[],,,,,pendant cette journée du 29 septembre,1872-09-29-00,1872-09-29,-2.0,pendant cette journée du 29 septembre,1872-09-29-00,1872-09-29,-2.0,precedent,[],True,False,False
710,3,74,195,196,"«Comment, autrefois! Est -ce que la terre a diminué, par hasard?",la terre,diminué,par hasard,diminuer,[],[],[],,,,,pendant cette journée du 29 septembre,1872-09-29-00,1872-09-29,-2.0,pendant cette journée du 29 septembre,1872-09-29-00,1872-09-29,-2.0,precedent,[],False,False,False
711,3,75,196,197,"- Sans doute, répondit Gauthier Ralph.",Gauthier Ralph,répondit,Sans doute,répondre,['6'],[],[],,,,,pendant cette journée du 29 septembre,1872-09-29-00,1872-09-29,-2.0,pendant cette journée du 29 septembre,1872-09-29-00,1872-09-29,-2.0,precedent,[],True,False,False
712,3,75,198,199,"La terre a diminué, puisqu' on la parcourt maintenant dix fois plus vite qu' il y a cent ans.",La terre,diminué,,diminuer,[],[],[],il y a cent ans,1772-00-00-00,,,pendant cette journée du 29 septembre,1872-09-29-00,1872-09-29,-2.0,il y a cent ans,1772-00-00-00,,,phrase,[],False,False,False
713,3,75,198,199,"La terre a diminué, puisqu' on la parcourt maintenant dix fois plus vite qu' il y a cent ans.",on,parcourt,la,parcourir,[],[],[],il y a cent ans,1772-00-00-00,,,pendant cette journée du 29 septembre,1872-09-29-00,1872-09-29,-2.0,il y a cent ans,1772-00-00-00,,,phrase,[],False,False,False
714,3,75,198,199,"La terre a diminué, puisqu' on la parcourt maintenant dix fois plus vite qu' il y a cent ans.",on,parcourt,dix fois plus vite qu'il y cent ans,parcourir,[],[],[],il y a cent ans,1772-00-00-00,,,pendant cette journée du 29 septembre,1872-09-29-00,1872-09-29,-2.0,il y a cent ans,1772-00-00-00,,,phrase,[],False,False,False
715,3,75,198,199,"La terre a diminué, puisqu' on la parcourt maintenant dix fois plus vite qu' il y a cent ans.",,a,,avoir,[],[],[],il y a cent ans,1772-00-00-00,,,il y a cent ans,1772-00-00-00,,,il y a cent ans,1772-00-00-00,,,phrase,[],False,False,False
716,3,75,199,200,"Et c' est ce qui, dans le cas dont nous nous occupons, rendra les recherches plus rapides.",nous,occupons,dont,occuper,['4'],[],[],,,,,il y a cent ans,1772-00-00-00,,,il y a cent ans,1772-00-00-00,,,precedent,[],True,False,False
717,3,75,199,200,"Et c' est ce qui, dans le cas dont nous nous occupons, rendra les recherches plus rapides.",nous,occupons,nous,occuper,['4'],[],[],,,,,il y a cent ans,1772-00-00-00,,,il y a cent ans,1772-00-00-00,,,precedent,[],True,False,False
718,3,75,199,200,"Et c' est ce qui, dans le cas dont nous nous occupons, rendra les recherches plus rapides.",qui,rendra,dans le cas,rendre,[],[],[],,,,,il y a cent ans,1772-00-00-00,,,il y a cent ans,1772-00-00-00,,,precedent,[],False,False,False
719,3,75,199,200,"Et c' est ce qui, dans le cas dont nous nous occupons, rendra les recherches plus rapides.",qui,rendra,les recherches plus rapides,rendre,[],[],[],,,,,il y a cent ans,1772-00-00-00,,,il y a cent ans,1772-00-00-00,,,precedent,[],False,False,False
720,3,76,200,201,- Et rendra plus facile aussi la fuite du voleur!,,rendra,,rendre,[],[],[],,,,,il y a cent ans,1772-00-00-00,,,il y a cent ans,1772-00-00-00,,,precedent,[],False,False,False
721,3,77,201,202,"- À vous de jouer, monsieur Stuart!» dit Phileas Fogg.",,jouer,,jouer,[],[],[],,,,,il y a cent ans,1772-00-00-00,,,il y a cent ans,1772-00-00-00,,,precedent,[],False,False,False
722,3,77,201,202,"- À vous de jouer, monsieur Stuart!» dit Phileas Fogg.",Phileas Fogg,dit,,dire,['0'],[],[],,,,,il y a cent ans,1772-00-00-00,,,il y a cent ans,1772-00-00-00,,,precedent,[],True,False,False
723,3,78,202,203,"Mais l' incrédule Stuart n' était pas convaincu, et, la partie achevée:",l'incrédule Stuart,convaincu,,convaincre,['2'],[],[],,,,,il y a cent ans,1772-00-00-00,,,il y a cent ans,1772-00-00-00,,,precedent,[],True,False,False
724,3,78,202,203,"Mais l' incrédule Stuart n' était pas convaincu, et, la partie achevée:",,achevée,,achever,[],[],[],,,,,il y a cent ans,1772-00-00-00,,,il y a cent ans,1772-00-00-00,,,precedent,[],False,False,False
725,3,79,203,204,"«Il faut avouer, monsieur Ralph, reprit -il, que vous avez trouvé là une manière plaisante de dire que la terre a diminué!",,faut,,falloir,[],[],[],,,,,il y a cent ans,1772-00-00-00,,,il y a cent ans,1772-00-00-00,,,precedent,[],False,False,False
726,3,79,203,204,"«Il faut avouer, monsieur Ralph, reprit -il, que vous avez trouvé là une manière plaisante de dire que la terre a diminué!",,avouer,,avouer,[],[],[],,,,,il y a cent ans,1772-00-00-00,,,il y a cent ans,1772-00-00-00,,,precedent,[],False,False,False
727,3,79,203,204,"«Il faut avouer, monsieur Ralph, reprit -il, que vous avez trouvé là une manière plaisante de dire que la terre a diminué!",-il,reprit,,reprendre,['2'],[],[],,,,,il y a cent ans,1772-00-00-00,,,il y a cent ans,1772-00-00-00,,,precedent,[],True,False,False
728,3,79,203,204,"«Il faut avouer, monsieur Ralph, reprit -il, que vous avez trouvé là une manière plaisante de dire que la terre a diminué!",vous,trouvé,une manière plaisante,trouver,['6'],[],[],,,,,il y a cent ans,1772-00-00-00,,,il y a cent ans,1772-00-00-00,,,precedent,[],True,False,False
729,3,79,203,204,"«Il faut avouer, monsieur Ralph, reprit -il, que vous avez trouvé là une manière plaisante de dire que la terre a diminué!",,dire,,dire,[],[],[],,,,,il y a cent ans,1772-00-00-00,,,il y a cent ans,1772-00-00-00,,,precedent,[],False,False,False
730,3,79,203,204,"«Il faut avouer, monsieur Ralph, reprit -il, que vous avez trouvé là une manière plaisante de dire que la terre a diminué!",la terre,diminué,,diminuer,[],[],[],,,,,il y a cent ans,1772-00-00-00,,,il y a cent ans,1772-00-00-00,,,precedent,[],False,False,False
731,3,79,204,205,Ainsi parce qu' on en fait maintenant le tour en trois mois…,on,fait,en,faire,[],[],[],,,,,il y a cent ans,1772-00-00-00,,,il y a cent ans,1772-00-00-00,,,precedent,[],False,False,False
732,3,79,204,205,Ainsi parce qu' on en fait maintenant le tour en trois mois…,on,fait,le tour,faire,[],[],[],,,,,il y a cent ans,1772-00-00-00,,,il y a cent ans,1772-00-00-00,,,precedent,[],False,False,False
733,3,79,204,205,Ainsi parce qu' on en fait maintenant le tour en trois mois…,on,fait,en trois mois,faire,[],[],[],,,,,il y a cent ans,1772-00-00-00,,,il y a cent ans,1772-00-00-00,,,precedent,[],False,False,False
734,3,80,205,206,"- En quatre-vingts jours seulement, dit Phileas Fogg.",Phileas Fogg,dit,En quatre-vingts jours seulement,dire,['0'],[],[],,,,,il y a cent ans,1772-00-00-00,,,il y a cent ans,1772-00-00-00,,,precedent,[],True,False,False
735,3,81,206,207,"- En effet, messieurs, ajouta John Sullivan, quatre-vingts jours, depuis que la section entre Rothal et Allahabad a été ouverte sur le« Great - Indian peninsular railway», et voici le calcul établi par le Morning Chronicle:",John Sullivan,ajouta,quatre-vingts jours,ajouter,['25'],[],[],,,,,il y a cent ans,1772-00-00-00,,,il y a cent ans,1772-00-00-00,,,precedent,[],True,False,False
736,3,81,206,207,"- En effet, messieurs, ajouta John Sullivan, quatre-vingts jours, depuis que la section entre Rothal et Allahabad a été ouverte sur le« Great - Indian peninsular railway», et voici le calcul établi par le Morning Chronicle:",la section entre Rothal et Allahabad,ouverte,,ouvrir,[],[],[],,,,,il y a cent ans,1772-00-00-00,,,il y a cent ans,1772-00-00-00,,,precedent,[],False,False,False
737,3,81,206,207,"- En effet, messieurs, ajouta John Sullivan, quatre-vingts jours, depuis que la section entre Rothal et Allahabad a été ouverte sur le« Great - Indian peninsular railway», et voici le calcul établi par le Morning Chronicle:",John Sullivan,voici,le calcul:,voici,['25'],[],[],,,,,il y a cent ans,1772-00-00-00,,,il y a cent ans,1772-00-00-00,,,precedent,[],True,False,False
738,3,81,206,207,"- En effet, messieurs, ajouta John Sullivan, quatre-vingts jours, depuis que la section entre Rothal et Allahabad a été ouverte sur le« Great - Indian peninsular railway», et voici le calcul établi par le Morning Chronicle:",,établi,par le Morning Chronicle,établir,[],[],[],,,,,il y a cent ans,1772-00-00-00,,,il y a cent ans,1772-00-00-00,,,precedent,[],False,False,False
739,3,91,216,217,"- Oui, quatre-vingts jours! s' écria, Andrew Stuart, qui par inattention, coupa une carte maîtresse, mais non compris le mauvais temps, les vents contraires, les naufrages, les déraillements, etc.",,écria,,écrier,[],[],[],,,,,il y a cent ans,1772-00-00-00,,,il y a cent ans,1772-00-00-00,,,precedent,[],False,False,False
740,3,91,216,217,"- Oui, quatre-vingts jours! s' écria, Andrew Stuart, qui par inattention, coupa une carte maîtresse, mais non compris le mauvais temps, les vents contraires, les naufrages, les déraillements, etc.",qui,coupa,par inattention,couper,['2'],[],[],,,,,il y a cent ans,1772-00-00-00,,,il y a cent ans,1772-00-00-00,,,precedent,[],True,False,False
741,3,91,216,217,"- Oui, quatre-vingts jours! s' écria, Andrew Stuart, qui par inattention, coupa une carte maîtresse, mais non compris le mauvais temps, les vents contraires, les naufrages, les déraillements, etc.",qui,coupa,une carte maîtresse mais non compris le mauvais temps les vents contraires les naufrages les déraillements etc.,couper,['2'],[],[],,,,,il y a cent ans,1772-00-00-00,,,il y a cent ans,1772-00-00-00,,,precedent,[],True,False,False
742,3,92,217,218,"- Tout compris, répondit Phileas Fogg en continuant de jouer, car, cette fois, la discussion ne respectait plus le whist.",,compris,,comprendre,[],[],[],,,,,il y a cent ans,1772-00-00-00,,,il y a cent ans,1772-00-00-00,,,precedent,[],False,False,False
743,3,92,217,218,"- Tout compris, répondit Phileas Fogg en continuant de jouer, car, cette fois, la discussion ne respectait plus le whist.",Phileas Fogg,répondit,,répondre,['0'],[],[],,,,,il y a cent ans,1772-00-00-00,,,il y a cent ans,1772-00-00-00,,,precedent,[],True,False,False
744,3,92,217,218,"- Tout compris, répondit Phileas Fogg en continuant de jouer, car, cette fois, la discussion ne respectait plus le whist.",Phileas Fogg,continuant,,continuer,['0'],[],[],,,,,il y a cent ans,1772-00-00-00,,,il y a cent ans,1772-00-00-00,,,precedent,[],True,False,False
745,3,92,217,218,"- Tout compris, répondit Phileas Fogg en continuant de jouer, car, cette fois, la discussion ne respectait plus le whist.",,jouer,,jouer,[],[],[],,,,,il y a cent ans,1772-00-00-00,,,il y a cent ans,1772-00-00-00,,,precedent,[],False,False,False
746,3,92,217,218,"- Tout compris, répondit Phileas Fogg en continuant de jouer, car, cette fois, la discussion ne respectait plus le whist.",la discussion,respectait,cette fois,respecter,[],[],[],,,,,il y a cent ans,1772-00-00-00,,,il y a cent ans,1772-00-00-00,,,precedent,[],False,False,False
747,3,92,217,218,"- Tout compris, répondit Phileas Fogg en continuant de jouer, car, cette fois, la discussion ne respectait plus le whist.",la discussion,respectait,le whist,respecter,[],[],[],,,,,il y a cent ans,1772-00-00-00,,,il y a cent ans,1772-00-00-00,,,precedent,[],False,False,False
748,3,93,218,219,"- Même si les Indous ou les Indiens enlèvent les rails! s' écria Andrew Stuart, s' ils arrêtent les trains, pillent les fourgons, scalpent les voyageurs!",les Indous ou les Indiens,enlèvent,les rails,enlever,[],[],[],,,,,il y a cent ans,1772-00-00-00,,,il y a cent ans,1772-00-00-00,,,precedent,[],False,False,False
749,3,93,218,219,"- Même si les Indous ou les Indiens enlèvent les rails! s' écria Andrew Stuart, s' ils arrêtent les trains, pillent les fourgons, scalpent les voyageurs!",,écria,s',écrier,[],[],[],,,,,il y a cent ans,1772-00-00-00,,,il y a cent ans,1772-00-00-00,,,precedent,[],False,False,False
750,3,93,218,219,"- Même si les Indous ou les Indiens enlèvent les rails! s' écria Andrew Stuart, s' ils arrêtent les trains, pillent les fourgons, scalpent les voyageurs!",,écria,Andrew Stuart,écrier,['2'],[],[],,,,,il y a cent ans,1772-00-00-00,,,il y a cent ans,1772-00-00-00,,,precedent,[],True,False,False
751,3,93,218,219,"- Même si les Indous ou les Indiens enlèvent les rails! s' écria Andrew Stuart, s' ils arrêtent les trains, pillent les fourgons, scalpent les voyageurs!",ils,arrêtent,les trains,arrêter,[],[],[],,,,,il y a cent ans,1772-00-00-00,,,il y a cent ans,1772-00-00-00,,,precedent,[],False,False,False
752,3,93,218,219,"- Même si les Indous ou les Indiens enlèvent les rails! s' écria Andrew Stuart, s' ils arrêtent les trains, pillent les fourgons, scalpent les voyageurs!",ils,pillent,les fourgons,piller,[],[],[],,,,,il y a cent ans,1772-00-00-00,,,il y a cent ans,1772-00-00-00,,,precedent,[],False,False,False
753,3,93,218,219,"- Même si les Indous ou les Indiens enlèvent les rails! s' écria Andrew Stuart, s' ils arrêtent les trains, pillent les fourgons, scalpent les voyageurs!",ils,scalpent,les voyageurs,scalper,['133'],[],[],,,,,il y a cent ans,1772-00-00-00,,,il y a cent ans,1772-00-00-00,,,precedent,[],True,False,False
754,3,94,219,220,"- Tout compris», répondit Phileas Fogg, qui, abattant son jeu, ajouta:« Deux atouts maîtres.",,compris,,comprendre,[],[],[],,,,,il y a cent ans,1772-00-00-00,,,il y a cent ans,1772-00-00-00,,,precedent,[],False,False,False
755,3,94,219,220,"- Tout compris», répondit Phileas Fogg, qui, abattant son jeu, ajouta:« Deux atouts maîtres.",Phileas Fogg,répondit,,répondre,['0'],[],[],,,,,il y a cent ans,1772-00-00-00,,,il y a cent ans,1772-00-00-00,,,precedent,[],True,False,False
756,3,94,219,220,"- Tout compris», répondit Phileas Fogg, qui, abattant son jeu, ajouta:« Deux atouts maîtres.",qui,abattant,son jeu,abattre,['0'],[],[],,,,,il y a cent ans,1772-00-00-00,,,il y a cent ans,1772-00-00-00,,,precedent,[],True,False,False
757,3,94,219,220,"- Tout compris», répondit Phileas Fogg, qui, abattant son jeu, ajouta:« Deux atouts maîtres.",qui,ajouta,,ajouter,['0'],[],[],,,,,il y a cent ans,1772-00-00-00,,,il y a cent ans,1772-00-00-00,,,precedent,[],True,False,False
758,3,95,221,222,"Andrew Stuart, à qui c' était le tour de« faire», ramassa les cartes en disant:",,faire,,faire,[],[],[],,,,,il y a cent ans,1772-00-00-00,,,il y a cent ans,1772-00-00-00,,,precedent,[],False,False,False
759,3,95,221,222,"Andrew Stuart, à qui c' était le tour de« faire», ramassa les cartes en disant:",Andrew Stuart à qui c'était le tour,ramassa,les cartes,ramasser,['2'],[],[],,,,,il y a cent ans,1772-00-00-00,,,il y a cent ans,1772-00-00-00,,,precedent,[],True,False,False
760,3,95,221,222,"Andrew Stuart, à qui c' était le tour de« faire», ramassa les cartes en disant:",Andrew Stuart à qui c'était le tour,disant,,dire,['2'],[],[],,,,,il y a cent ans,1772-00-00-00,,,il y a cent ans,1772-00-00-00,,,precedent,[],True,False,False
761,3,96,222,223,"«Théoriquement, vous avez raison, monsieur Fogg, mais dans la pratique…",vous,avez,raison,avoir,['0'],[],[],,,,,il y a cent ans,1772-00-00-00,,,il y a cent ans,1772-00-00-00,,,precedent,[],True,False,False
762,3,98,224,225,-Je voudrais bien vous y voir.,-Je,voudrais,,vouloir,['2'],[],[],,,,,il y a cent ans,1772-00-00-00,,,il y a cent ans,1772-00-00-00,,,precedent,[],True,False,False
763,3,98,224,225,-Je voudrais bien vous y voir.,-Je,voir,vous,voir,"['2', '0']",[],[],,,,,il y a cent ans,1772-00-00-00,,,il y a cent ans,1772-00-00-00,,,precedent,[],True,False,False
764,3,98,224,225,-Je voudrais bien vous y voir.,-Je,voir,y,voir,['2'],[],[],,,,,il y a cent ans,1772-00-00-00,,,il y a cent ans,1772-00-00-00,,,precedent,[],True,False,False
765,3,99,225,226,- Il ne tient qu' à vous.,,tient,qu'à vous,tenir,['2'],[],[],,,,,il y a cent ans,1772-00-00-00,,,il y a cent ans,1772-00-00-00,,,precedent,[],True,False,False
766,3,99,226,227,Partons ensemble.,,Partons,,partir,[],[],[],,,,,il y a cent ans,1772-00-00-00,,,il y a cent ans,1772-00-00-00,,,precedent,[],False,False,False
767,3,100,227,228,"- Le Ciel m' en préserve! s' écria Stuart, mais je parierais bien quatre mille livres( 100 000 F) qu' un tel voyage, fait dans ces conditions, est impossible.",Le Ciel,préserve,m',préserver,['2'],[],[],,,,,il y a cent ans,1772-00-00-00,,,il y a cent ans,1772-00-00-00,,,precedent,[],True,False,False
768,3,100,227,228,"- Le Ciel m' en préserve! s' écria Stuart, mais je parierais bien quatre mille livres( 100 000 F) qu' un tel voyage, fait dans ces conditions, est impossible.",Le Ciel,préserve,en,préserver,[],[],[],,,,,il y a cent ans,1772-00-00-00,,,il y a cent ans,1772-00-00-00,,,precedent,[],False,False,False
769,3,100,227,228,"- Le Ciel m' en préserve! s' écria Stuart, mais je parierais bien quatre mille livres( 100 000 F) qu' un tel voyage, fait dans ces conditions, est impossible.",,écria,Stuart,écrier,['2'],[],[],,,,,il y a cent ans,1772-00-00-00,,,il y a cent ans,1772-00-00-00,,,precedent,[],True,False,False
770,3,100,227,228,"- Le Ciel m' en préserve! s' écria Stuart, mais je parierais bien quatre mille livres( 100 000 F) qu' un tel voyage, fait dans ces conditions, est impossible.",je,parierais,quatre mille livres 100 000 F,parier,['2'],[],[],,,,,il y a cent ans,1772-00-00-00,,,il y a cent ans,1772-00-00-00,,,precedent,[],True,False,False
771,3,100,227,228,"- Le Ciel m' en préserve! s' écria Stuart, mais je parierais bien quatre mille livres( 100 000 F) qu' un tel voyage, fait dans ces conditions, est impossible.",,fait,dans ces conditions,faire,[],[],[],,,,,il y a cent ans,1772-00-00-00,,,il y a cent ans,1772-00-00-00,,,precedent,[],False,False,False
772,3,101,228,229,"- Très possible, au contraire, répondit Mr. Fogg.",Mr. Fogg,répondit,,répondre,['0'],[],[],,,,,il y a cent ans,1772-00-00-00,,,il y a cent ans,1772-00-00-00,,,precedent,[],True,False,False
773,3,102,229,230,"- Eh bien, faites - le donc!",,faites,,faire,[],[],[],,,,,il y a cent ans,1772-00-00-00,,,il y a cent ans,1772-00-00-00,,,precedent,[],False,False,False
774,3,105,232,233,-Je le veux bien.,-Je,veux,le,vouloir,['0'],[],[],,,,,il y a cent ans,1772-00-00-00,,,il y a cent ans,1772-00-00-00,,,precedent,[],True,False,False
775,3,108,235,236,"- C' est de la folie! s' écria Andrew Stuart, qui commençait à se vexer de l' insistance de son partenaire.",Andrew Stuart,écria,s',écrier,['2'],[],[],,,,,tout de suite,1872-10-02-18,1872-10-02,1.0,tout de suite,1872-10-02-18,1872-10-02,1.0,precedent,[],True,False,False
776,3,108,235,236,"- C' est de la folie! s' écria Andrew Stuart, qui commençait à se vexer de l' insistance de son partenaire.",qui,commençait,,commencer,['2'],[],[],,,,,tout de suite,1872-10-02-18,1872-10-02,1.0,tout de suite,1872-10-02-18,1872-10-02,1.0,precedent,[],True,False,False
777,3,108,235,236,"- C' est de la folie! s' écria Andrew Stuart, qui commençait à se vexer de l' insistance de son partenaire.",qui,vexer,se,vexer,['2'],[],[],,,,,tout de suite,1872-10-02-18,1872-10-02,1.0,tout de suite,1872-10-02-18,1872-10-02,1.0,precedent,[],True,False,False
778,3,108,235,236,"- C' est de la folie! s' écria Andrew Stuart, qui commençait à se vexer de l' insistance de son partenaire.",qui,vexer,de l'insistance de son partenaire,vexer,"['2', '0']",[],[],,,,,tout de suite,1872-10-02-18,1872-10-02,1.0,tout de suite,1872-10-02-18,1872-10-02,1.0,precedent,[],True,False,False
779,3,108,236,237,Tenez! jouons plutôt.,,Tenez,,tenir,[],[],[],,,,,tout de suite,1872-10-02-18,1872-10-02,1.0,tout de suite,1872-10-02-18,1872-10-02,1.0,precedent,[],False,False,False
780,3,108,236,237,Tenez! jouons plutôt.,,jouons,,jouer,[],[],[],,,,,tout de suite,1872-10-02-18,1872-10-02,1.0,tout de suite,1872-10-02-18,1872-10-02,1.0,precedent,[],False,False,False
781,3,109,237,238,"- Refaites alors, répondit Phileas Fogg, car il y a maldonne.»",,Refaites,,refaire,[],[],[],,,,,tout de suite,1872-10-02-18,1872-10-02,1.0,tout de suite,1872-10-02-18,1872-10-02,1.0,precedent,[],False,False,False
782,3,109,237,238,"- Refaites alors, répondit Phileas Fogg, car il y a maldonne.»",Phileas Fogg,répondit,,répondre,['0'],[],[],,,,,tout de suite,1872-10-02-18,1872-10-02,1.0,tout de suite,1872-10-02-18,1872-10-02,1.0,precedent,[],True,False,False
783,3,109,237,238,"- Refaites alors, répondit Phileas Fogg, car il y a maldonne.»",Phileas Fogg,a,y,avoir,['0'],[],[],,,,,tout de suite,1872-10-02-18,1872-10-02,1.0,tout de suite,1872-10-02-18,1872-10-02,1.0,precedent,[],True,False,False
784,3,109,237,238,"- Refaites alors, répondit Phileas Fogg, car il y a maldonne.»",Phileas Fogg,a,maldonne,avoir,['0'],[],[],,,,,tout de suite,1872-10-02-18,1872-10-02,1.0,tout de suite,1872-10-02-18,1872-10-02,1.0,precedent,[],True,False,False
785,3,110,238,239,"Andrew Stuart reprit les cartes d' une main fébrile; puis, tout à coup, les posant sur la table:",Andrew Stuart,reprit,les cartes,reprendre,['2'],[],[],,,,,tout de suite,1872-10-02-18,1872-10-02,1.0,tout de suite,1872-10-02-18,1872-10-02,1.0,precedent,[],True,False,False
786,3,110,238,239,"Andrew Stuart reprit les cartes d' une main fébrile; puis, tout à coup, les posant sur la table:",Andrew Stuart,reprit,d'une main fébrile,reprendre,['2'],[],[],,,,,tout de suite,1872-10-02-18,1872-10-02,1.0,tout de suite,1872-10-02-18,1872-10-02,1.0,precedent,[],True,False,False
787,3,110,238,239,"Andrew Stuart reprit les cartes d' une main fébrile; puis, tout à coup, les posant sur la table:",,posant,les,poser,[],[],[],,,,,tout de suite,1872-10-02-18,1872-10-02,1.0,tout de suite,1872-10-02-18,1872-10-02,1.0,precedent,[],False,False,False
788,3,110,238,239,"Andrew Stuart reprit les cartes d' une main fébrile; puis, tout à coup, les posant sur la table:",,posant,sur la table,poser,[],[],[],,,,,tout de suite,1872-10-02-18,1872-10-02,1.0,tout de suite,1872-10-02-18,1872-10-02,1.0,precedent,[],False,False,False
789,3,111,239,240,"«Eh bien, oui, monsieur Fogg, dit -il, oui, je parie quatre mille livres!",-il,dit,monsieur Fogg,dire,"['2', '0']",[],[],,,,,tout de suite,1872-10-02-18,1872-10-02,1.0,tout de suite,1872-10-02-18,1872-10-02,1.0,precedent,[],True,False,False
790,3,111,239,240,"«Eh bien, oui, monsieur Fogg, dit -il, oui, je parie quatre mille livres!",je,parie,quatre mille livres,parier,['2'],[],[],,,,,tout de suite,1872-10-02-18,1872-10-02,1.0,tout de suite,1872-10-02-18,1872-10-02,1.0,precedent,[],True,False,False
791,3,112,241,242,"-Mon cher Stuart, dit Fallentin, calmez -vous.",,dit,-Mon cher Stuart,dire,"['27', '2']",[],[],,,,,tout de suite,1872-10-02-18,1872-10-02,1.0,tout de suite,1872-10-02-18,1872-10-02,1.0,precedent,[],True,False,False
792,3,112,241,242,"-Mon cher Stuart, dit Fallentin, calmez -vous.",,dit,Fallentin,dire,['27'],[],[],,,,,tout de suite,1872-10-02-18,1872-10-02,1.0,tout de suite,1872-10-02-18,1872-10-02,1.0,precedent,[],True,False,False
793,3,112,241,242,"-Mon cher Stuart, dit Fallentin, calmez -vous.",,calmez,,calmer,[],[],[],,,,,tout de suite,1872-10-02-18,1872-10-02,1.0,tout de suite,1872-10-02-18,1872-10-02,1.0,precedent,[],False,False,False
794,3,113,243,244,"- Quand je dis: je parie, répondit Andrew Stuart, c' est toujours sérieux.",je,dis,,dire,['2'],[],[],,,,,tout de suite,1872-10-02-18,1872-10-02,1.0,tout de suite,1872-10-02-18,1872-10-02,1.0,precedent,[],True,False,False
795,3,113,243,244,"- Quand je dis: je parie, répondit Andrew Stuart, c' est toujours sérieux.",je,parie,,parier,['2'],[],[],,,,,tout de suite,1872-10-02-18,1872-10-02,1.0,tout de suite,1872-10-02-18,1872-10-02,1.0,precedent,[],True,False,False
796,3,113,243,244,"- Quand je dis: je parie, répondit Andrew Stuart, c' est toujours sérieux.",Andrew Stuart,répondit,,répondre,['2'],[],[],,,,,tout de suite,1872-10-02-18,1872-10-02,1.0,tout de suite,1872-10-02-18,1872-10-02,1.0,precedent,[],True,False,False
797,3,114,244,245,- Soit!» dit Mr. Fogg.,,Soit,,être,[],[],[],,,,,tout de suite,1872-10-02-18,1872-10-02,1.0,tout de suite,1872-10-02-18,1872-10-02,1.0,precedent,[],False,False,False
798,3,114,244,245,- Soit!» dit Mr. Fogg.,Mr. Fogg,dit,,dire,['0'],[],[],,,,,tout de suite,1872-10-02-18,1872-10-02,1.0,tout de suite,1872-10-02-18,1872-10-02,1.0,precedent,[],True,False,False
799,3,114,245,246,"Puis, se tournant vers ses collègues:",,tournant,se,tourner,[],[],[],,,,,tout de suite,1872-10-02-18,1872-10-02,1.0,tout de suite,1872-10-02-18,1872-10-02,1.0,precedent,[],False,False,False
800,3,114,245,246,"Puis, se tournant vers ses collègues:",,tournant,vers ses collègues,tourner,"['4', '0']",[],[],,,,,tout de suite,1872-10-02-18,1872-10-02,1.0,tout de suite,1872-10-02-18,1872-10-02,1.0,precedent,[],True,False,False
801,3,115,246,247,«J' ai vingt mille livres( 500 000 F) déposées chez Baring frères.,J',ai,vingt mille livres 500 000 F,avoir,['0'],[],[],,,,,tout de suite,1872-10-02-18,1872-10-02,1.0,tout de suite,1872-10-02-18,1872-10-02,1.0,precedent,[],True,False,False
802,3,115,246,247,«J' ai vingt mille livres( 500 000 F) déposées chez Baring frères.,,déposées,chez Baring frères,déposer,['46'],[],[],,,,,tout de suite,1872-10-02-18,1872-10-02,1.0,tout de suite,1872-10-02-18,1872-10-02,1.0,precedent,[],True,False,False
803,3,115,247,248,Je les risquerai volontiers…,Je,risquerai,les,risquer,['0'],[],[],,,,,tout de suite,1872-10-02-18,1872-10-02,1.0,tout de suite,1872-10-02-18,1872-10-02,1.0,precedent,[],True,False,False
804,3,116,248,249,- Vingt mille livres! s' écria John Sullivan.,John Sullivan,écria,,écrier,['25'],[],[],,,,,tout de suite,1872-10-02-18,1872-10-02,1.0,tout de suite,1872-10-02-18,1872-10-02,1.0,precedent,[],True,False,False
805,3,116,249,250,Vingt mille livres qu' un retard imprévu peut vous faire perdre!,un retard imprévu,peut,,pouvoir,[],[],[],,,,,tout de suite,1872-10-02-18,1872-10-02,1.0,tout de suite,1872-10-02-18,1872-10-02,1.0,precedent,[],False,False,False
806,3,116,249,250,Vingt mille livres qu' un retard imprévu peut vous faire perdre!,un retard imprévu,perdre,vous,perdre,['0'],[],[],,,,,tout de suite,1872-10-02-18,1872-10-02,1.0,tout de suite,1872-10-02-18,1872-10-02,1.0,precedent,[],True,False,False
807,3,117,250,251,"- L' imprévu n' existe pas, répondit simplement Phileas Fogg.",L'imprévu,existe,,exister,[],[],[],,,,,tout de suite,1872-10-02-18,1872-10-02,1.0,tout de suite,1872-10-02-18,1872-10-02,1.0,precedent,[],False,False,False
808,3,117,250,251,"- L' imprévu n' existe pas, répondit simplement Phileas Fogg.",Phileas Fogg,répondit,,répondre,['0'],[],[],,,,,tout de suite,1872-10-02-18,1872-10-02,1.0,tout de suite,1872-10-02-18,1872-10-02,1.0,precedent,[],True,False,False
809,3,118,251,252,"- Mais, monsieur Fogg, ce laps de quatre-vingts jours n' est calculé que comme un minimum de temps!",ce laps de quatre-vingts jours,calculé,monsieur Fogg,calculer,['0'],[],[],,,,,tout de suite,1872-10-02-18,1872-10-02,1.0,tout de suite,1872-10-02-18,1872-10-02,1.0,precedent,[],True,False,False
810,3,118,251,252,"- Mais, monsieur Fogg, ce laps de quatre-vingts jours n' est calculé que comme un minimum de temps!",ce laps de quatre-vingts jours,calculé,que comme un minimum de temps,calculer,[],[],[],,,,,tout de suite,1872-10-02-18,1872-10-02,1.0,tout de suite,1872-10-02-18,1872-10-02,1.0,precedent,[],False,False,False
811,3,119,252,253,- Un minimum bien employé suffit à tout.,,employé,,employer,[],[],[],,,,,tout de suite,1872-10-02-18,1872-10-02,1.0,tout de suite,1872-10-02-18,1872-10-02,1.0,precedent,[],False,False,False
812,3,119,252,253,- Un minimum bien employé suffit à tout.,Un minimum,suffit,à tout,suffire,[],[],[],,,,,tout de suite,1872-10-02-18,1872-10-02,1.0,tout de suite,1872-10-02-18,1872-10-02,1.0,precedent,[],False,False,False
813,3,120,253,254,"- Mais pour ne pas le dépasser, il faut sauter mathématiquement des railways dans les paquebots, et des paquebots dans les chemins de fer!",,dépasser,le,dépasser,[],[],[],,,,,tout de suite,1872-10-02-18,1872-10-02,1.0,tout de suite,1872-10-02-18,1872-10-02,1.0,precedent,[],False,False,False
814,3,120,253,254,"- Mais pour ne pas le dépasser, il faut sauter mathématiquement des railways dans les paquebots, et des paquebots dans les chemins de fer!",,faut,,falloir,[],[],[],,,,,tout de suite,1872-10-02-18,1872-10-02,1.0,tout de suite,1872-10-02-18,1872-10-02,1.0,precedent,[],False,False,False
815,3,120,253,254,"- Mais pour ne pas le dépasser, il faut sauter mathématiquement des railways dans les paquebots, et des paquebots dans les chemins de fer!",,sauter,des railways,sauter,[],[],[],,,,,tout de suite,1872-10-02-18,1872-10-02,1.0,tout de suite,1872-10-02-18,1872-10-02,1.0,precedent,[],False,False,False
816,3,120,253,254,"- Mais pour ne pas le dépasser, il faut sauter mathématiquement des railways dans les paquebots, et des paquebots dans les chemins de fer!",,sauter,dans les paquebots,sauter,[],[],[],,,,,tout de suite,1872-10-02-18,1872-10-02,1.0,tout de suite,1872-10-02-18,1872-10-02,1.0,precedent,[],False,False,False
817,3,121,254,255,-Je sauterai mathématiquement.,-Je,sauterai,,sauter,['0'],[],[],,,,,tout de suite,1872-10-02-18,1872-10-02,1.0,tout de suite,1872-10-02-18,1872-10-02,1.0,precedent,[],True,False,False
818,3,123,256,257,"- Un bon Anglais ne plaisante jamais, quand il s' agit d' une chose aussi sérieuse qu' un pari, répondit Phileas Fogg.",Un bon Anglais,plaisante,,plaiser,[],[],[],,,,,tout de suite,1872-10-02-18,1872-10-02,1.0,tout de suite,1872-10-02-18,1872-10-02,1.0,precedent,[],False,False,False
819,3,123,256,257,"- Un bon Anglais ne plaisante jamais, quand il s' agit d' une chose aussi sérieuse qu' un pari, répondit Phileas Fogg.",Un bon Anglais,agit,s',agir,[],[],[],,,,,tout de suite,1872-10-02-18,1872-10-02,1.0,tout de suite,1872-10-02-18,1872-10-02,1.0,precedent,[],False,False,False
820,3,123,256,257,"- Un bon Anglais ne plaisante jamais, quand il s' agit d' une chose aussi sérieuse qu' un pari, répondit Phileas Fogg.",Un bon Anglais,agit,d'une chose aussi sérieuse qu'un pari,agir,[],[],[],,,,,tout de suite,1872-10-02-18,1872-10-02,1.0,tout de suite,1872-10-02-18,1872-10-02,1.0,precedent,[],False,False,False
821,3,123,256,257,"- Un bon Anglais ne plaisante jamais, quand il s' agit d' une chose aussi sérieuse qu' un pari, répondit Phileas Fogg.",Phileas Fogg,répondit,,répondre,['0'],[],[],,,,,tout de suite,1872-10-02-18,1872-10-02,1.0,tout de suite,1872-10-02-18,1872-10-02,1.0,precedent,[],True,False,False
822,3,123,257,258,"Je parie vingt mille livres contre qui voudra que je ferai le tour de la terre en quatre-vingts jours ou moins, soit dix-neuf cent vingt heures ou cent quinze mille deux cents minutes.",Je,parie,vingt mille livres,parier,['0'],[],[],,,,,tout de suite,1872-10-02-18,1872-10-02,1.0,tout de suite,1872-10-02-18,1872-10-02,1.0,precedent,[],True,False,False
823,3,123,257,258,"Je parie vingt mille livres contre qui voudra que je ferai le tour de la terre en quatre-vingts jours ou moins, soit dix-neuf cent vingt heures ou cent quinze mille deux cents minutes.",Je,voudra,,vouloir,['0'],[],[],,,,,tout de suite,1872-10-02-18,1872-10-02,1.0,tout de suite,1872-10-02-18,1872-10-02,1.0,precedent,[],True,False,False
824,3,123,257,258,"Je parie vingt mille livres contre qui voudra que je ferai le tour de la terre en quatre-vingts jours ou moins, soit dix-neuf cent vingt heures ou cent quinze mille deux cents minutes.",je,ferai,le tour de la terre,faire,['0'],[],[],,,,,tout de suite,1872-10-02-18,1872-10-02,1.0,tout de suite,1872-10-02-18,1872-10-02,1.0,precedent,[],True,False,False
825,3,123,257,258,"Je parie vingt mille livres contre qui voudra que je ferai le tour de la terre en quatre-vingts jours ou moins, soit dix-neuf cent vingt heures ou cent quinze mille deux cents minutes.",je,ferai,en quatre-vingts jours ou moins soit dix-neuf cent vingt heures ou cent quinze mille deux cents minutes,faire,['0'],[],[],,,,,tout de suite,1872-10-02-18,1872-10-02,1.0,tout de suite,1872-10-02-18,1872-10-02,1.0,precedent,[],True,False,False
826,3,123,258,259,Acceptez -vous?,,Acceptez,,accepter,[],[],[],,,,,tout de suite,1872-10-02-18,1872-10-02,1.0,tout de suite,1872-10-02-18,1872-10-02,1.0,precedent,[],False,False,False
827,3,124,259,260,"-Nous acceptons, répondirent MM. Stuart, Fallentin, Sullivan, Flanagan et Ralph, après s' être entendus.",-Nous,acceptons,,accepter,['4'],[],[],,,,,tout de suite,1872-10-02-18,1872-10-02,1.0,tout de suite,1872-10-02-18,1872-10-02,1.0,precedent,[],True,False,False
828,3,124,259,260,"-Nous acceptons, répondirent MM. Stuart, Fallentin, Sullivan, Flanagan et Ralph, après s' être entendus.",,répondirent,MM. Stuart Fallentin Sullivan Flanagan et Ralph,répondre,"['2', '27', '25', '18', '6']",[],[],,,,,tout de suite,1872-10-02-18,1872-10-02,1.0,tout de suite,1872-10-02-18,1872-10-02,1.0,precedent,[],True,False,False
829,3,124,259,260,"-Nous acceptons, répondirent MM. Stuart, Fallentin, Sullivan, Flanagan et Ralph, après s' être entendus.",,entendus,s',entendre,[],[],[],,,,,tout de suite,1872-10-02-18,1872-10-02,1.0,tout de suite,1872-10-02-18,1872-10-02,1.0,precedent,[],False,False,False
830,3,125,260,261,"- Bien, dit Mr. Fogg.",Mr. Fogg,dit,,dire,['0'],[],[],,,,,tout de suite,1872-10-02-18,1872-10-02,1.0,tout de suite,1872-10-02-18,1872-10-02,1.0,precedent,[],True,False,False
831,3,125,261,262,Le train de Douvres part à huit heures quarante - cinq.,Le train de Douvres,part,à huit heures quarante-cinq,partir,[],[],[],à huit heures quarante - cinq,1872-10-02-20,1872-10-02,1.0,tout de suite,1872-10-02-18,1872-10-02,1.0,à huit heures quarante - cinq,1872-10-02-20,1872-10-02,1.0,phrase,[],False,False,False
832,3,125,262,263,Je le prendrai.,Je,prendrai,le,prendre,['0'],[],[],,,,,à huit heures quarante - cinq,1872-10-02-20,1872-10-02,1.0,à huit heures quarante - cinq,1872-10-02-20,1872-10-02,1.0,precedent,[],True,False,False
833,3,126,263,264,-Ce soir même? demanda Stuart.,Stuart,demanda,,demander,['2'],[],[],-ce soir même,1872-10-02-20,1872-10-02,1.0,-ce soir même,1872-10-02-20,1872-10-02,1.0,-ce soir même,1872-10-02-20,1872-10-02,1.0,phrase,[],True,False,False
834,3,127,264,265,"-Ce soir même, répondit Phileas Fogg.",Phileas Fogg,répondit,-Ce soir même,répondre,['0'],[],[],-ce soir même,1872-10-02-20,1872-10-02,1.0,-ce soir même,1872-10-02-20,1872-10-02,1.0,-ce soir même,1872-10-02-20,1872-10-02,1.0,phrase,[],True,False,False
835,3,127,265,266,"Donc, ajouta -t -il en consultant un calendrier de poche, puisque c' est aujourd'hui mercredi 2 octobre, je devrai être de retour à Londres, dans ce salon même du Reform - Club, le samedi 21 décembre, à huit heures quarante - cinq du soir, faute de quoi les vingt mille livres déposées actuellement à mon crédit chez Baring frères vous appartiendront de fait et de droit, messieurs.",-t,ajouta,puisque c'est aujourd'hui mercredi 2 octobre,ajouter,[],[],[],mercredi 2 octobre,1872-10-02-00,1872-10-02,1.0,-ce soir même,1872-10-02-20,1872-10-02,1.0,mercredi 2 octobre,1872-10-02-00,1872-10-02,1.0,phrase,[],False,False,False
836,3,127,265,266,"Donc, ajouta -t -il en consultant un calendrier de poche, puisque c' est aujourd'hui mercredi 2 octobre, je devrai être de retour à Londres, dans ce salon même du Reform - Club, le samedi 21 décembre, à huit heures quarante - cinq du soir, faute de quoi les vingt mille livres déposées actuellement à mon crédit chez Baring frères vous appartiendront de fait et de droit, messieurs.",-t,consultant,un calendrier de poche,consulter,[],[],[],aujourd'hui,1872-10-02-00,1872-10-02,1.0,-ce soir même,1872-10-02-20,1872-10-02,1.0,aujourd'hui,1872-10-02-00,1872-10-02,1.0,phrase,[],False,False,False
837,3,127,265,266,"Donc, ajouta -t -il en consultant un calendrier de poche, puisque c' est aujourd'hui mercredi 2 octobre, je devrai être de retour à Londres, dans ce salon même du Reform - Club, le samedi 21 décembre, à huit heures quarante - cinq du soir, faute de quoi les vingt mille livres déposées actuellement à mon crédit chez Baring frères vous appartiendront de fait et de droit, messieurs.",je,devrai,à Londres,devoir,['0'],[],[],mercredi 2 octobre,1872-10-02-00,1872-10-02,1.0,mercredi 2 octobre,1872-10-02-00,1872-10-02,1.0,mercredi 2 octobre,1872-10-02-00,1872-10-02,1.0,phrase,[],True,False,False
838,3,127,265,266,"Donc, ajouta -t -il en consultant un calendrier de poche, puisque c' est aujourd'hui mercredi 2 octobre, je devrai être de retour à Londres, dans ce salon même du Reform - Club, le samedi 21 décembre, à huit heures quarante - cinq du soir, faute de quoi les vingt mille livres déposées actuellement à mon crédit chez Baring frères vous appartiendront de fait et de droit, messieurs.",je,devrai,dans ce salon même du Reform-Club,devoir,['0'],"['24', '3']",['FAC'],mercredi 2 octobre,1872-10-02-00,1872-10-02,1.0,mercredi 2 octobre,1872-10-02-00,1872-10-02,1.0,mercredi 2 octobre,1872-10-02-00,1872-10-02,1.0,phrase,"['grand_salon_club', 'reform_club']",True,True,True
839,3,127,265,266,"Donc, ajouta -t -il en consultant un calendrier de poche, puisque c' est aujourd'hui mercredi 2 octobre, je devrai être de retour à Londres, dans ce salon même du Reform - Club, le samedi 21 décembre, à huit heures quarante - cinq du soir, faute de quoi les vingt mille livres déposées actuellement à mon crédit chez Baring frères vous appartiendront de fait et de droit, messieurs.",je,devrai,le samedi 21 décembre,devoir,['0'],[],[],le samedi 21 décembre,1872-12-21-20,1872-12-21,81.0,mercredi 2 octobre,1872-10-02-00,1872-10-02,1.0,le samedi 21 décembre,1872-12-21-20,1872-12-21,81.0,phrase,[],True,False,False
840,3,127,265,266,"Donc, ajouta -t -il en consultant un calendrier de poche, puisque c' est aujourd'hui mercredi 2 octobre, je devrai être de retour à Londres, dans ce salon même du Reform - Club, le samedi 21 décembre, à huit heures quarante - cinq du soir, faute de quoi les vingt mille livres déposées actuellement à mon crédit chez Baring frères vous appartiendront de fait et de droit, messieurs.",je,devrai,à huit heures quarante-cinq du soir,devoir,['0'],[],[],à huit heures quarante - cinq du soir,1872-12-21-20,1872-12-21,81.0,mercredi 2 octobre,1872-10-02-00,1872-10-02,1.0,à huit heures quarante - cinq du soir,1872-12-21-20,1872-12-21,81.0,phrase,[],True,False,False
841,3,127,265,266,"Donc, ajouta -t -il en consultant un calendrier de poche, puisque c' est aujourd'hui mercredi 2 octobre, je devrai être de retour à Londres, dans ce salon même du Reform - Club, le samedi 21 décembre, à huit heures quarante - cinq du soir, faute de quoi les vingt mille livres déposées actuellement à mon crédit chez Baring frères vous appartiendront de fait et de droit, messieurs.",,déposées,à mon crédit,déposer,['0'],[],[],à huit heures quarante - cinq du soir,1872-12-21-20,1872-12-21,81.0,à huit heures quarante - cinq du soir,1872-12-21-20,1872-12-21,81.0,à huit heures quarante - cinq du soir,1872-12-21-20,1872-12-21,81.0,phrase,[],True,False,False
842,3,127,265,266,"Donc, ajouta -t -il en consultant un calendrier de poche, puisque c' est aujourd'hui mercredi 2 octobre, je devrai être de retour à Londres, dans ce salon même du Reform - Club, le samedi 21 décembre, à huit heures quarante - cinq du soir, faute de quoi les vingt mille livres déposées actuellement à mon crédit chez Baring frères vous appartiendront de fait et de droit, messieurs.",,déposées,chez Baring frères,déposer,['46'],[],[],à huit heures quarante - cinq du soir,1872-12-21-20,1872-12-21,81.0,à huit heures quarante - cinq du soir,1872-12-21-20,1872-12-21,81.0,à huit heures quarante - cinq du soir,1872-12-21-20,1872-12-21,81.0,phrase,[],True,False,False
843,3,127,265,266,"Donc, ajouta -t -il en consultant un calendrier de poche, puisque c' est aujourd'hui mercredi 2 octobre, je devrai être de retour à Londres, dans ce salon même du Reform - Club, le samedi 21 décembre, à huit heures quarante - cinq du soir, faute de quoi les vingt mille livres déposées actuellement à mon crédit chez Baring frères vous appartiendront de fait et de droit, messieurs.",les vingt mille livres,appartiendront,vous,appartenir,['4'],[],[],à huit heures quarante - cinq du soir,1872-12-21-20,1872-12-21,81.0,à huit heures quarante - cinq du soir,1872-12-21-20,1872-12-21,81.0,à huit heures quarante - cinq du soir,1872-12-21-20,1872-12-21,81.0,phrase,[],True,False,False
844,3,127,265,266,"Donc, ajouta -t -il en consultant un calendrier de poche, puisque c' est aujourd'hui mercredi 2 octobre, je devrai être de retour à Londres, dans ce salon même du Reform - Club, le samedi 21 décembre, à huit heures quarante - cinq du soir, faute de quoi les vingt mille livres déposées actuellement à mon crédit chez Baring frères vous appartiendront de fait et de droit, messieurs.",les vingt mille livres,appartiendront,de fait et de droit,appartenir,[],[],[],à huit heures quarante - cinq du soir,1872-12-21-20,1872-12-21,81.0,à huit heures quarante - cinq du soir,1872-12-21-20,1872-12-21,81.0,à huit heures quarante - cinq du soir,1872-12-21-20,1872-12-21,81.0,phrase,[],False,False,False
845,3,127,266,267,- Voici un chèque de pareille somme.,,Voici,un chèque de pareille somme,voici,[],[],[],,,,,à huit heures quarante - cinq du soir,1872-12-21-20,1872-12-21,81.0,à huit heures quarante - cinq du soir,1872-12-21-20,1872-12-21,81.0,precedent,[],False,False,False
846,3,128,268,269,Un procès-verbal du pari fut fait et signé sur-le-champ par les six co-intéressés.,Un procès-verbal du pari,fait,sur-le-champ,faire,[],[],[],,,,,à huit heures quarante - cinq du soir,1872-12-21-20,1872-12-21,81.0,à huit heures quarante - cinq du soir,1872-12-21-20,1872-12-21,81.0,precedent,[],False,False,False
847,3,128,268,269,Un procès-verbal du pari fut fait et signé sur-le-champ par les six co-intéressés.,Un procès-verbal du pari,fait,par les six co-intéressés,faire,['4'],[],[],,,,,à huit heures quarante - cinq du soir,1872-12-21-20,1872-12-21,81.0,à huit heures quarante - cinq du soir,1872-12-21-20,1872-12-21,81.0,precedent,[],True,False,False
848,3,128,268,269,Un procès-verbal du pari fut fait et signé sur-le-champ par les six co-intéressés.,Un procès-verbal du pari,signé,,signer,[],[],[],,,,,à huit heures quarante - cinq du soir,1872-12-21-20,1872-12-21,81.0,à huit heures quarante - cinq du soir,1872-12-21-20,1872-12-21,81.0,precedent,[],False,False,False
849,3,128,269,270,Phileas Fogg était demeuré froid.,Phileas Fogg,demeuré,,demeurer,['0'],[],[],,,,,à huit heures quarante - cinq du soir,1872-12-21-20,1872-12-21,81.0,à huit heures quarante - cinq du soir,1872-12-21-20,1872-12-21,81.0,precedent,[],True,False,False
850,3,128,270,271,"Il n' avait certainement pas parié pour gagner, et n' avait engagé ces vingt mille livres- la moitié de sa fortune- que parce qu' il prévoyait qu' il pourrait avoir à dépenser l' autre pour mener à bien ce difficile, pour ne pas dire inexécutable projet.",Il,parié,,parier,['0'],[],[],,,,,à huit heures quarante - cinq du soir,1872-12-21-20,1872-12-21,81.0,à huit heures quarante - cinq du soir,1872-12-21-20,1872-12-21,81.0,precedent,[],True,False,False
851,3,128,270,271,"Il n' avait certainement pas parié pour gagner, et n' avait engagé ces vingt mille livres- la moitié de sa fortune- que parce qu' il prévoyait qu' il pourrait avoir à dépenser l' autre pour mener à bien ce difficile, pour ne pas dire inexécutable projet.",Il,gagner,,gagner,['0'],[],[],,,,,à huit heures quarante - cinq du soir,1872-12-21-20,1872-12-21,81.0,à huit heures quarante - cinq du soir,1872-12-21-20,1872-12-21,81.0,precedent,[],True,False,False
852,3,128,270,271,"Il n' avait certainement pas parié pour gagner, et n' avait engagé ces vingt mille livres- la moitié de sa fortune- que parce qu' il prévoyait qu' il pourrait avoir à dépenser l' autre pour mener à bien ce difficile, pour ne pas dire inexécutable projet.",Il,engagé,ces vingt mille livres-la moitié de sa fortune,engager,['0'],[],[],,,,,à huit heures quarante - cinq du soir,1872-12-21-20,1872-12-21,81.0,à huit heures quarante - cinq du soir,1872-12-21-20,1872-12-21,81.0,precedent,[],True,False,False
853,3,128,270,271,"Il n' avait certainement pas parié pour gagner, et n' avait engagé ces vingt mille livres- la moitié de sa fortune- que parce qu' il prévoyait qu' il pourrait avoir à dépenser l' autre pour mener à bien ce difficile, pour ne pas dire inexécutable projet.",il,prévoyait,,prévoir,['0'],[],[],,,,,à huit heures quarante - cinq du soir,1872-12-21-20,1872-12-21,81.0,à huit heures quarante - cinq du soir,1872-12-21-20,1872-12-21,81.0,precedent,[],True,False,False
854,3,128,270,271,"Il n' avait certainement pas parié pour gagner, et n' avait engagé ces vingt mille livres- la moitié de sa fortune- que parce qu' il prévoyait qu' il pourrait avoir à dépenser l' autre pour mener à bien ce difficile, pour ne pas dire inexécutable projet.",il,pourrait,pour inexécutable projet,pouvoir,['0'],[],[],,,,,à huit heures quarante - cinq du soir,1872-12-21-20,1872-12-21,81.0,à huit heures quarante - cinq du soir,1872-12-21-20,1872-12-21,81.0,precedent,[],True,False,False
855,3,128,270,271,"Il n' avait certainement pas parié pour gagner, et n' avait engagé ces vingt mille livres- la moitié de sa fortune- que parce qu' il prévoyait qu' il pourrait avoir à dépenser l' autre pour mener à bien ce difficile, pour ne pas dire inexécutable projet.",il,avoir,,avoir,['0'],[],[],,,,,à huit heures quarante - cinq du soir,1872-12-21-20,1872-12-21,81.0,à huit heures quarante - cinq du soir,1872-12-21-20,1872-12-21,81.0,precedent,[],True,False,False
856,3,128,270,271,"Il n' avait certainement pas parié pour gagner, et n' avait engagé ces vingt mille livres- la moitié de sa fortune- que parce qu' il prévoyait qu' il pourrait avoir à dépenser l' autre pour mener à bien ce difficile, pour ne pas dire inexécutable projet.",,dépenser,l'autre,dépenser,[],[],[],,,,,à huit heures quarante - cinq du soir,1872-12-21-20,1872-12-21,81.0,à huit heures quarante - cinq du soir,1872-12-21-20,1872-12-21,81.0,precedent,[],False,False,False
857,3,128,270,271,"Il n' avait certainement pas parié pour gagner, et n' avait engagé ces vingt mille livres- la moitié de sa fortune- que parce qu' il prévoyait qu' il pourrait avoir à dépenser l' autre pour mener à bien ce difficile, pour ne pas dire inexécutable projet.",,mener,à bien,mener,[],[],[],,,,,à huit heures quarante - cinq du soir,1872-12-21-20,1872-12-21,81.0,à huit heures quarante - cinq du soir,1872-12-21-20,1872-12-21,81.0,precedent,[],False,False,False
858,3,128,270,271,"Il n' avait certainement pas parié pour gagner, et n' avait engagé ces vingt mille livres- la moitié de sa fortune- que parce qu' il prévoyait qu' il pourrait avoir à dépenser l' autre pour mener à bien ce difficile, pour ne pas dire inexécutable projet.",,mener,"ce difficile,",mener,[],[],[],,,,,à huit heures quarante - cinq du soir,1872-12-21-20,1872-12-21,81.0,à huit heures quarante - cinq du soir,1872-12-21-20,1872-12-21,81.0,precedent,[],False,False,False
859,3,128,270,271,"Il n' avait certainement pas parié pour gagner, et n' avait engagé ces vingt mille livres- la moitié de sa fortune- que parce qu' il prévoyait qu' il pourrait avoir à dépenser l' autre pour mener à bien ce difficile, pour ne pas dire inexécutable projet.",,dire,,dire,[],[],[],,,,,à huit heures quarante - cinq du soir,1872-12-21-20,1872-12-21,81.0,à huit heures quarante - cinq du soir,1872-12-21-20,1872-12-21,81.0,precedent,[],False,False,False
860,3,128,271,272,"Quant à ses adversaires, eux, ils paraissaient émus, non pas à cause de la valeur de l' enjeu, mais parce qu' ils se faisaient une sorte de scrupule de lutter dans ces conditions.",ils,paraissaient,Quant à ses adversaires,paraître,"['4', '0']",[],[],,,,,à huit heures quarante - cinq du soir,1872-12-21-20,1872-12-21,81.0,à huit heures quarante - cinq du soir,1872-12-21-20,1872-12-21,81.0,precedent,[],True,False,False
861,3,128,271,272,"Quant à ses adversaires, eux, ils paraissaient émus, non pas à cause de la valeur de l' enjeu, mais parce qu' ils se faisaient une sorte de scrupule de lutter dans ces conditions.",ils,paraissaient,eux,paraître,['4'],[],[],,,,,à huit heures quarante - cinq du soir,1872-12-21-20,1872-12-21,81.0,à huit heures quarante - cinq du soir,1872-12-21-20,1872-12-21,81.0,precedent,[],True,False,False
862,3,128,271,272,"Quant à ses adversaires, eux, ils paraissaient émus, non pas à cause de la valeur de l' enjeu, mais parce qu' ils se faisaient une sorte de scrupule de lutter dans ces conditions.",ils,paraissaient,non pas à cause de la valeur de l'enjeu,paraître,['4'],[],[],,,,,à huit heures quarante - cinq du soir,1872-12-21-20,1872-12-21,81.0,à huit heures quarante - cinq du soir,1872-12-21-20,1872-12-21,81.0,precedent,[],True,False,False
863,3,128,271,272,"Quant à ses adversaires, eux, ils paraissaient émus, non pas à cause de la valeur de l' enjeu, mais parce qu' ils se faisaient une sorte de scrupule de lutter dans ces conditions.",ils,émus,,émouvoir,['4'],[],[],,,,,à huit heures quarante - cinq du soir,1872-12-21-20,1872-12-21,81.0,à huit heures quarante - cinq du soir,1872-12-21-20,1872-12-21,81.0,precedent,[],True,False,False
864,3,128,271,272,"Quant à ses adversaires, eux, ils paraissaient émus, non pas à cause de la valeur de l' enjeu, mais parce qu' ils se faisaient une sorte de scrupule de lutter dans ces conditions.",ils,faisaient,se,faire,['4'],[],[],,,,,à huit heures quarante - cinq du soir,1872-12-21-20,1872-12-21,81.0,à huit heures quarante - cinq du soir,1872-12-21-20,1872-12-21,81.0,precedent,[],True,False,False
865,3,128,271,272,"Quant à ses adversaires, eux, ils paraissaient émus, non pas à cause de la valeur de l' enjeu, mais parce qu' ils se faisaient une sorte de scrupule de lutter dans ces conditions.",ils,faisaient,une sorte de scrupule,faire,['4'],[],[],,,,,à huit heures quarante - cinq du soir,1872-12-21-20,1872-12-21,81.0,à huit heures quarante - cinq du soir,1872-12-21-20,1872-12-21,81.0,precedent,[],True,False,False
866,3,128,271,272,"Quant à ses adversaires, eux, ils paraissaient émus, non pas à cause de la valeur de l' enjeu, mais parce qu' ils se faisaient une sorte de scrupule de lutter dans ces conditions.",,lutter,dans ces conditions,lutter,[],[],[],,,,,à huit heures quarante - cinq du soir,1872-12-21-20,1872-12-21,81.0,à huit heures quarante - cinq du soir,1872-12-21-20,1872-12-21,81.0,precedent,[],False,False,False
867,3,129,272,273,Sept heures sonnaient alors.,Sept heures,sonnaient,,sonner,[],[],[],sept heures,1872-10-02-19,1872-10-02,1.0,sept heures,1872-10-02-19,1872-10-02,1.0,sept heures,1872-10-02-19,1872-10-02,1.0,phrase,[],False,False,False
868,3,129,273,274,On offrit à Mr. Fogg de suspendre le whist afin qu' il pût faire ses préparatifs de départ.,On,offrit,à Mr. Fogg,offrir,['0'],[],[],,,,,sept heures,1872-10-02-19,1872-10-02,1.0,sept heures,1872-10-02-19,1872-10-02,1.0,precedent,[],True,False,False
869,3,129,273,274,On offrit à Mr. Fogg de suspendre le whist afin qu' il pût faire ses préparatifs de départ.,On,suspendre,le whist,suspendre,[],[],[],,,,,sept heures,1872-10-02-19,1872-10-02,1.0,sept heures,1872-10-02-19,1872-10-02,1.0,precedent,[],False,False,False
870,3,129,273,274,On offrit à Mr. Fogg de suspendre le whist afin qu' il pût faire ses préparatifs de départ.,il,pût,,pouvoir,['0'],[],[],,,,,sept heures,1872-10-02-19,1872-10-02,1.0,sept heures,1872-10-02-19,1872-10-02,1.0,precedent,[],True,False,False
871,3,129,273,274,On offrit à Mr. Fogg de suspendre le whist afin qu' il pût faire ses préparatifs de départ.,il,faire,ses préparatifs de départ,faire,['0'],[],[],,,,,sept heures,1872-10-02-19,1872-10-02,1.0,sept heures,1872-10-02-19,1872-10-02,1.0,precedent,[],True,False,False
872,3,130,274,275,"«Je suis toujours prêt!» répondit cet impassible gentleman, et donnant les cartes:",,répondit,cet impassible gentleman,répondre,['0'],[],[],,,,,sept heures,1872-10-02-19,1872-10-02,1.0,sept heures,1872-10-02-19,1872-10-02,1.0,precedent,[],True,False,False
873,3,130,274,275,"«Je suis toujours prêt!» répondit cet impassible gentleman, et donnant les cartes:",,donnant,les cartes,donner,[],[],[],,,,,sept heures,1872-10-02-19,1872-10-02,1.0,sept heures,1872-10-02-19,1872-10-02,1.0,precedent,[],False,False,False
874,3,131,275,276,"«Je retourne carreau, dit -il.",Je,retourne,carreau,retourne,['0'],[],[],,,,,sept heures,1872-10-02-19,1872-10-02,1.0,sept heures,1872-10-02-19,1872-10-02,1.0,precedent,[],True,False,False
875,3,131,275,276,"«Je retourne carreau, dit -il.",-il,dit,,dire,['0'],[],[],,,,,sept heures,1872-10-02-19,1872-10-02,1.0,sept heures,1872-10-02-19,1872-10-02,1.0,precedent,[],True,False,False
876,3,131,276,277,"À vous de jouer, monsieur Stuart.",,jouer,,jouer,[],[],[],,,,,sept heures,1872-10-02-19,1872-10-02,1.0,sept heures,1872-10-02-19,1872-10-02,1.0,precedent,[],False,False,False
877,4,132,278,279,"À sept heures vingt-cinq, Phileas Fogg, après avoir gagné une vingtaine de guinées au whist, prit congé de ses honorables collègues, et quitta le Reform - Club.",Phileas Fogg,gagné,une vingtaine de guinées,gagner,['0'],[],[],à sept heures vingt-cinq,1872-10-02-19,1872-10-02,1.0,à sept heures vingt-cinq,1872-10-02-19,1872-10-02,1.0,à sept heures vingt-cinq,1872-10-02-19,1872-10-02,1.0,phrase,[],True,False,False
878,4,132,278,279,"À sept heures vingt-cinq, Phileas Fogg, après avoir gagné une vingtaine de guinées au whist, prit congé de ses honorables collègues, et quitta le Reform - Club.",Phileas Fogg,gagné,au whist,gagner,['0'],[],[],à sept heures vingt-cinq,1872-10-02-19,1872-10-02,1.0,à sept heures vingt-cinq,1872-10-02-19,1872-10-02,1.0,à sept heures vingt-cinq,1872-10-02-19,1872-10-02,1.0,phrase,[],True,False,False
879,4,132,278,279,"À sept heures vingt-cinq, Phileas Fogg, après avoir gagné une vingtaine de guinées au whist, prit congé de ses honorables collègues, et quitta le Reform - Club.",Phileas Fogg,prit,À sept heures vingt-cinq,prendre,['0'],[],[],à sept heures vingt-cinq,1872-10-02-19,1872-10-02,1.0,à sept heures vingt-cinq,1872-10-02-19,1872-10-02,1.0,à sept heures vingt-cinq,1872-10-02-19,1872-10-02,1.0,phrase,[],True,False,False
880,4,132,278,279,"À sept heures vingt-cinq, Phileas Fogg, après avoir gagné une vingtaine de guinées au whist, prit congé de ses honorables collègues, et quitta le Reform - Club.",Phileas Fogg,prit,congé,prendre,['0'],[],[],à sept heures vingt-cinq,1872-10-02-19,1872-10-02,1.0,à sept heures vingt-cinq,1872-10-02-19,1872-10-02,1.0,à sept heures vingt-cinq,1872-10-02-19,1872-10-02,1.0,phrase,[],True,False,False
881,4,132,278,279,"À sept heures vingt-cinq, Phileas Fogg, après avoir gagné une vingtaine de guinées au whist, prit congé de ses honorables collègues, et quitta le Reform - Club.",Phileas Fogg,prit,de ses honorables collègues,prendre,"['0', '4']",[],[],à sept heures vingt-cinq,1872-10-02-19,1872-10-02,1.0,à sept heures vingt-cinq,1872-10-02-19,1872-10-02,1.0,à sept heures vingt-cinq,1872-10-02-19,1872-10-02,1.0,phrase,[],True,False,False
882,4,132,278,279,"À sept heures vingt-cinq, Phileas Fogg, après avoir gagné une vingtaine de guinées au whist, prit congé de ses honorables collègues, et quitta le Reform - Club.",Phileas Fogg,quitta,le Reform-Club,quitter,['0'],['3'],['FAC'],à sept heures vingt-cinq,1872-10-02-19,1872-10-02,1.0,à sept heures vingt-cinq,1872-10-02-19,1872-10-02,1.0,à sept heures vingt-cinq,1872-10-02-19,1872-10-02,1.0,phrase,['reform_club'],True,True,True
883,4,132,278,279,"À sept heures vingt-cinq, Phileas Fogg, après avoir gagné une vingtaine de guinées au whist, prit congé de ses honorables collègues, et quitta le Reform - Club.",Phileas Fogg,quitta,Reform-Club,quitter,['0'],['3'],['FAC'],à sept heures vingt-cinq,1872-10-02-19,1872-10-02,1.0,à sept heures vingt-cinq,1872-10-02-19,1872-10-02,1.0,à sept heures vingt-cinq,1872-10-02-19,1872-10-02,1.0,phrase,['reform_club'],True,True,True
884,4,132,278,279,"À sept heures vingt-cinq, Phileas Fogg, après avoir gagné une vingtaine de guinées au whist, prit congé de ses honorables collègues, et quitta le Reform - Club.",Phileas Fogg,quitta,Reform-Club,quitter,['0'],['3'],['FAC'],à sept heures vingt-cinq,1872-10-02-19,1872-10-02,1.0,à sept heures vingt-cinq,1872-10-02-19,1872-10-02,1.0,à sept heures vingt-cinq,1872-10-02-19,1872-10-02,1.0,phrase,['reform_club'],True,True,True
885,4,132,279,280,"À sept heures cinquante, il ouvrait la porte de sa maison et rentrait chez lui.",il,ouvrait,À sept heures cinquante,ouvrir,['0'],[],[],à sept heures cinquante,1872-10-02-19,1872-10-02,1.0,à sept heures cinquante,1872-10-02-19,1872-10-02,1.0,à sept heures cinquante,1872-10-02-19,1872-10-02,1.0,phrase,[],True,False,False
886,4,132,279,280,"À sept heures cinquante, il ouvrait la porte de sa maison et rentrait chez lui.",il,ouvrait,la porte de sa maison,ouvrir,['0'],['5'],['FAC'],à sept heures cinquante,1872-10-02-19,1872-10-02,1.0,à sept heures cinquante,1872-10-02-19,1872-10-02,1.0,à sept heures cinquante,1872-10-02-19,1872-10-02,1.0,phrase,['maison_fogg'],True,True,True
887,4,132,279,280,"À sept heures cinquante, il ouvrait la porte de sa maison et rentrait chez lui.",il,rentrait,chez lui,rentraire,['0'],[],[],à sept heures cinquante,1872-10-02-19,1872-10-02,1.0,à sept heures cinquante,1872-10-02-19,1872-10-02,1.0,à sept heures cinquante,1872-10-02-19,1872-10-02,1.0,phrase,[],True,False,False
888,4,133,280,281,"Passepartout, qui avait consciencieusement étudié son programme, fut assez surpris en voyant Mr. Fogg, coupable d' inexactitude, apparaître à cette heure insolite.",qui,étudié,son programme,étudier,['1'],[],[],cette heure insolite,1872-10-02-19,1872-10-02,1.0,à sept heures cinquante,1872-10-02-19,1872-10-02,1.0,cette heure insolite,1872-10-02-19,1872-10-02,1.0,phrase,[],True,False,False
889,4,133,280,281,"Passepartout, qui avait consciencieusement étudié son programme, fut assez surpris en voyant Mr. Fogg, coupable d' inexactitude, apparaître à cette heure insolite.",Passepartout,surpris,,surprendre,['1'],[],[],cette heure insolite,1872-10-02-19,1872-10-02,1.0,à sept heures cinquante,1872-10-02-19,1872-10-02,1.0,cette heure insolite,1872-10-02-19,1872-10-02,1.0,phrase,[],True,False,False
890,4,133,280,281,"Passepartout, qui avait consciencieusement étudié son programme, fut assez surpris en voyant Mr. Fogg, coupable d' inexactitude, apparaître à cette heure insolite.",Passepartout,voyant,Mr. Fogg coupable d'inexactitude,voir,"['1', '0']",[],[],cette heure insolite,1872-10-02-19,1872-10-02,1.0,à sept heures cinquante,1872-10-02-19,1872-10-02,1.0,cette heure insolite,1872-10-02-19,1872-10-02,1.0,phrase,[],True,False,False
891,4,133,280,281,"Passepartout, qui avait consciencieusement étudié son programme, fut assez surpris en voyant Mr. Fogg, coupable d' inexactitude, apparaître à cette heure insolite.",Passepartout,apparaître,à cette heure insolite,apparaître,['1'],[],[],cette heure insolite,1872-10-02-19,1872-10-02,1.0,à sept heures cinquante,1872-10-02-19,1872-10-02,1.0,cette heure insolite,1872-10-02-19,1872-10-02,1.0,phrase,[],True,False,False
892,4,133,281,282,"Suivant la notice, le locataire de Saville - row ne devait rentrer qu' à minuit précis.",le locataire de Saville-row,devait,Suivant la notice,devoir,['0'],['10'],['FAC'],minuit précis,1872-10-03-00,1872-10-03,2.0,cette heure insolite,1872-10-02-19,1872-10-02,1.0,minuit précis,1872-10-03-00,1872-10-03,2.0,phrase,['rue_fogg'],True,True,True
893,4,133,281,282,"Suivant la notice, le locataire de Saville - row ne devait rentrer qu' à minuit précis.",le locataire de Saville-row,rentrer,qu'à minuit précis,rentrer,['0'],['10'],['FAC'],minuit précis,1872-10-03-00,1872-10-03,2.0,cette heure insolite,1872-10-02-19,1872-10-02,1.0,minuit précis,1872-10-03-00,1872-10-03,2.0,phrase,['rue_fogg'],True,True,True
894,4,134,282,283,"Phileas Fogg était tout d' abord monté à sa chambre, puis il appela:",Phileas Fogg,monté,à sa chambre,monter,['0'],['45'],['FAC'],,,,,minuit précis,1872-10-03-00,1872-10-03,2.0,minuit précis,1872-10-03-00,1872-10-03,2.0,precedent,['chambre_fogg'],True,True,True
895,4,134,282,283,"Phileas Fogg était tout d' abord monté à sa chambre, puis il appela:",il,appela,,appeler,['0'],[],[],,,,,minuit précis,1872-10-03-00,1872-10-03,2.0,minuit précis,1872-10-03-00,1872-10-03,2.0,precedent,[],True,False,False
896,4,136,284,285,Passepartout ne répondit pas.,Passepartout,répondit,,répondre,['1'],[],[],,,,,minuit précis,1872-10-03-00,1872-10-03,2.0,minuit précis,1872-10-03-00,1872-10-03,2.0,precedent,[],True,False,False
897,4,136,285,286,Cet appel ne pouvait s' adresser à lui.,Cet appel,pouvait,,pouvoir,[],[],[],,,,,minuit précis,1872-10-03-00,1872-10-03,2.0,minuit précis,1872-10-03-00,1872-10-03,2.0,precedent,[],False,False,False
898,4,136,285,286,Cet appel ne pouvait s' adresser à lui.,Cet appel,adresser,s',adresser,[],[],[],,,,,minuit précis,1872-10-03-00,1872-10-03,2.0,minuit précis,1872-10-03-00,1872-10-03,2.0,precedent,[],False,False,False
899,4,136,285,286,Cet appel ne pouvait s' adresser à lui.,Cet appel,adresser,à lui,adresser,['1'],[],[],,,,,minuit précis,1872-10-03-00,1872-10-03,2.0,minuit précis,1872-10-03-00,1872-10-03,2.0,precedent,[],True,False,False
900,4,137,287,288,"«Passepartout», reprit Mr. Fogg sans élever la voix davantage.",Mr. Fogg,reprit,,reprendre,['0'],[],[],,,,,minuit précis,1872-10-03-00,1872-10-03,2.0,minuit précis,1872-10-03-00,1872-10-03,2.0,precedent,[],True,False,False
901,4,137,287,288,"«Passepartout», reprit Mr. Fogg sans élever la voix davantage.",Mr. Fogg,élever,la voix,élever,['0'],[],[],,,,,minuit précis,1872-10-03-00,1872-10-03,2.0,minuit précis,1872-10-03-00,1872-10-03,2.0,precedent,[],True,False,False
902,4,138,288,289,Passepartout se montra.,Passepartout,montra,se,montrer,['1'],['19'],['FAC'],,,,,minuit précis,1872-10-03-00,1872-10-03,2.0,minuit précis,1872-10-03-00,1872-10-03,2.0,precedent,['M1'],True,True,True
903,4,139,289,290,"«C' est la deuxième fois que je vous appelle, dit Mr. Fogg.",je,appelle,vous,appeler,"['0', '1']",[],[],,,,,minuit précis,1872-10-03-00,1872-10-03,2.0,minuit précis,1872-10-03-00,1872-10-03,2.0,precedent,[],True,False,False
904,4,139,289,290,"«C' est la deuxième fois que je vous appelle, dit Mr. Fogg.",Mr. Fogg,dit,,dire,['0'],[],[],,,,,minuit précis,1872-10-03-00,1872-10-03,2.0,minuit précis,1872-10-03-00,1872-10-03,2.0,precedent,[],True,False,False
905,4,140,290,291,"- Mais il n' est pas minuit, répondit Passepartout, sa montre à la main.",,est,,être,[],[],[],,,,,minuit précis,1872-10-03-00,1872-10-03,2.0,minuit précis,1872-10-03-00,1872-10-03,2.0,precedent,[],False,False,False
906,4,140,290,291,"- Mais il n' est pas minuit, répondit Passepartout, sa montre à la main.",Passepartout,répondit,sa montre à la main,répondre,['1'],[],[],,,,,minuit précis,1872-10-03-00,1872-10-03,2.0,minuit précis,1872-10-03-00,1872-10-03,2.0,precedent,[],True,False,False
907,4,141,291,292,"-Je le sais, reprit Phileas Fogg, et je ne vous fais pas de reproche.",-Je,sais,le,savoir,['0'],[],[],,,,,minuit précis,1872-10-03-00,1872-10-03,2.0,minuit précis,1872-10-03-00,1872-10-03,2.0,precedent,[],True,False,False
908,4,141,291,292,"-Je le sais, reprit Phileas Fogg, et je ne vous fais pas de reproche.",Phileas Fogg,reprit,,reprendre,['0'],[],[],,,,,minuit précis,1872-10-03-00,1872-10-03,2.0,minuit précis,1872-10-03-00,1872-10-03,2.0,precedent,[],True,False,False
909,4,141,291,292,"-Je le sais, reprit Phileas Fogg, et je ne vous fais pas de reproche.",je,fais,vous,faire,"['0', '1']",[],[],,,,,minuit précis,1872-10-03-00,1872-10-03,2.0,minuit précis,1872-10-03-00,1872-10-03,2.0,precedent,[],True,False,False
910,4,141,291,292,"-Je le sais, reprit Phileas Fogg, et je ne vous fais pas de reproche.",je,fais,de reproche,faire,['0'],[],[],,,,,minuit précis,1872-10-03-00,1872-10-03,2.0,minuit précis,1872-10-03-00,1872-10-03,2.0,precedent,[],True,False,False
911,4,141,292,293,Nous partons dans dix minutes pour Douvres et Calais.»,Nous,partons,dans dix minutes,partir,['11'],[],[],dans dix minutes,1872-10-02-20,1872-10-02,1.0,minuit précis,1872-10-03-00,1872-10-03,2.0,dans dix minutes,1872-10-02-20,1872-10-02,1.0,phrase,[],True,False,False
912,4,141,292,293,Nous partons dans dix minutes pour Douvres et Calais.»,Nous,partons,pour Douvres et Calais,partir,['11'],[],[],dans dix minutes,1872-10-02-20,1872-10-02,1.0,minuit précis,1872-10-03-00,1872-10-03,2.0,dans dix minutes,1872-10-02-20,1872-10-02,1.0,phrase,[],True,False,False
913,4,142,293,294,Une sorte de grimace s' ébaucha sur la ronde face du Français.,Une sorte de grimace,ébaucha,sur la ronde face du Français,ébaucher,['1'],[],[],,,,,dans dix minutes,1872-10-02-20,1872-10-02,1.0,dans dix minutes,1872-10-02-20,1872-10-02,1.0,precedent,[],True,False,False
914,4,142,294,295,Il était évident qu' il avait mal entendu.,il,entendu,,entendre,['1'],[],[],,,,,dans dix minutes,1872-10-02-20,1872-10-02,1.0,dans dix minutes,1872-10-02-20,1872-10-02,1.0,precedent,[],True,False,False
915,4,143,295,296,«Monsieur se déplace? demanda -t -il.,Monsieur,déplace,se,déplacer,['1'],[],[],,,,,dans dix minutes,1872-10-02-20,1872-10-02,1.0,dans dix minutes,1872-10-02-20,1872-10-02,1.0,precedent,[],True,False,False
916,4,143,295,296,«Monsieur se déplace? demanda -t -il.,-t,demanda,,demander,[],[],[],,,,,dans dix minutes,1872-10-02-20,1872-10-02,1.0,dans dix minutes,1872-10-02-20,1872-10-02,1.0,precedent,[],False,False,False
917,4,144,296,297,"- Oui, répondit Phileas Fogg.",Phileas Fogg,répondit,,répondre,['0'],[],[],,,,,dans dix minutes,1872-10-02-20,1872-10-02,1.0,dans dix minutes,1872-10-02-20,1872-10-02,1.0,precedent,[],True,False,False
918,4,144,297,298,Nous allons faire le tour du monde.»,Nous,allons,,aller,['11'],[],[],,,,,dans dix minutes,1872-10-02-20,1872-10-02,1.0,dans dix minutes,1872-10-02-20,1872-10-02,1.0,precedent,[],True,False,False
919,4,144,297,298,Nous allons faire le tour du monde.»,Nous,faire,le tour du monde,faire,['11'],[],[],,,,,dans dix minutes,1872-10-02-20,1872-10-02,1.0,dans dix minutes,1872-10-02-20,1872-10-02,1.0,precedent,[],True,False,False
920,4,145,298,299,"Passepartout, l' œil démesurément ouvert, la paupière et le sourcil surélevés, les bras détendus, le corps affaissé, présentait alors tous les symptômes de l' étonnement poussé jusqu' à la stupeur.",,surélevés,,surélever,[],[],[],,,,,dans dix minutes,1872-10-02-20,1872-10-02,1.0,dans dix minutes,1872-10-02-20,1872-10-02,1.0,precedent,[],False,False,False
921,4,145,298,299,"Passepartout, l' œil démesurément ouvert, la paupière et le sourcil surélevés, les bras détendus, le corps affaissé, présentait alors tous les symptômes de l' étonnement poussé jusqu' à la stupeur.",,détendus,,détendre,[],[],[],,,,,dans dix minutes,1872-10-02-20,1872-10-02,1.0,dans dix minutes,1872-10-02-20,1872-10-02,1.0,precedent,[],False,False,False
922,4,145,298,299,"Passepartout, l' œil démesurément ouvert, la paupière et le sourcil surélevés, les bras détendus, le corps affaissé, présentait alors tous les symptômes de l' étonnement poussé jusqu' à la stupeur.",,affaissé,,affaisser,[],[],[],,,,,dans dix minutes,1872-10-02-20,1872-10-02,1.0,dans dix minutes,1872-10-02-20,1872-10-02,1.0,precedent,[],False,False,False
923,4,145,298,299,"Passepartout, l' œil démesurément ouvert, la paupière et le sourcil surélevés, les bras détendus, le corps affaissé, présentait alors tous les symptômes de l' étonnement poussé jusqu' à la stupeur.",Passepartout l'œil démesurément ouvert la paupière et le sourcil les bras le corps,présentait,tous les symptômes de l'étonnement,présenter,['1'],[],[],,,,,dans dix minutes,1872-10-02-20,1872-10-02,1.0,dans dix minutes,1872-10-02-20,1872-10-02,1.0,precedent,[],True,False,False
924,4,145,298,299,"Passepartout, l' œil démesurément ouvert, la paupière et le sourcil surélevés, les bras détendus, le corps affaissé, présentait alors tous les symptômes de l' étonnement poussé jusqu' à la stupeur.",,poussé,jusqu'à la stupeur,pousser,[],[],[],,,,,dans dix minutes,1872-10-02-20,1872-10-02,1.0,dans dix minutes,1872-10-02-20,1872-10-02,1.0,precedent,[],False,False,False
925,4,146,299,300,«Le tour du monde! murmura -t -il.,-t,murmura,,murmurer,[],[],[],,,,,dans dix minutes,1872-10-02-20,1872-10-02,1.0,dans dix minutes,1872-10-02-20,1872-10-02,1.0,precedent,[],False,False,False
926,4,147,300,301,"- En quatre-vingts jours, répondit Mr. Fogg.",Mr. Fogg,répondit,En quatre-vingts jours,répondre,['0'],[],[],,,,,dans dix minutes,1872-10-02-20,1872-10-02,1.0,dans dix minutes,1872-10-02-20,1872-10-02,1.0,precedent,[],True,False,False
927,4,147,301,302,"Ainsi, nous n' avons pas un instant à perdre.",nous,avons,un instant,avoir,['11'],[],[],,,,,dans dix minutes,1872-10-02-20,1872-10-02,1.0,dans dix minutes,1872-10-02-20,1872-10-02,1.0,precedent,[],True,False,False
928,4,147,301,302,"Ainsi, nous n' avons pas un instant à perdre.",nous,perdre,,perdre,['11'],[],[],,,,,dans dix minutes,1872-10-02-20,1872-10-02,1.0,dans dix minutes,1872-10-02-20,1872-10-02,1.0,precedent,[],True,False,False
929,4,148,303,304,"… dit Passepartout, qui balançait inconsciemment sa tête de droite et de gauche.",Passepartout,dit,,dire,['1'],[],[],,,,,dans dix minutes,1872-10-02-20,1872-10-02,1.0,dans dix minutes,1872-10-02-20,1872-10-02,1.0,precedent,[],True,False,False
930,4,148,303,304,"… dit Passepartout, qui balançait inconsciemment sa tête de droite et de gauche.",qui,balançait,sa tête de droite et de gauche,balancer,['1'],[],[],,,,,dans dix minutes,1872-10-02-20,1872-10-02,1.0,dans dix minutes,1872-10-02-20,1872-10-02,1.0,precedent,[],True,False,False
931,4,149,308,309,Nous achèterons en route.,Nous,achèterons,en route,acheter,['11'],[],[],,,,,dans dix minutes,1872-10-02-20,1872-10-02,1.0,dans dix minutes,1872-10-02-20,1872-10-02,1.0,precedent,[],True,False,False
932,4,149,309,310,Vous descendrez mon mackintosh et ma couverture de voyage.,Vous,descendrez,mon mackintosh et ma couverture de voyage,descendre,"['1', '0']",[],[],,,,,dans dix minutes,1872-10-02-20,1872-10-02,1.0,dans dix minutes,1872-10-02-20,1872-10-02,1.0,precedent,[],True,False,False
933,4,149,310,311,Ayez de bonnes chaussures.,,Ayez,de bonnes chaussures,avoir,[],[],[],,,,,dans dix minutes,1872-10-02-20,1872-10-02,1.0,dans dix minutes,1872-10-02-20,1872-10-02,1.0,precedent,[],False,False,False
934,4,149,311,312,"D' ailleurs, nous marcherons peu ou pas.",nous,marcherons,D'ailleurs,marcher,['11'],[],[],,,,,dans dix minutes,1872-10-02-20,1872-10-02,1.0,dans dix minutes,1872-10-02-20,1872-10-02,1.0,precedent,[],True,False,False
935,4,149,312,313,Allez.»,,Allez,,aller,[],[],[],,,,,dans dix minutes,1872-10-02-20,1872-10-02,1.0,dans dix minutes,1872-10-02-20,1872-10-02,1.0,precedent,[],False,False,False
936,4,150,313,314,Passepartout aurait voulu répondre.,Passepartout,voulu,,vouloir,['1'],[],[],,,,,dans dix minutes,1872-10-02-20,1872-10-02,1.0,dans dix minutes,1872-10-02-20,1872-10-02,1.0,precedent,[],True,False,False
937,4,150,313,314,Passepartout aurait voulu répondre.,Passepartout,répondre,,répondre,['1'],[],[],,,,,dans dix minutes,1872-10-02-20,1872-10-02,1.0,dans dix minutes,1872-10-02-20,1872-10-02,1.0,precedent,[],True,False,False
938,4,150,314,315,Il ne put.,Il,put,,pouvoir,['1'],[],[],,,,,dans dix minutes,1872-10-02-20,1872-10-02,1.0,dans dix minutes,1872-10-02-20,1872-10-02,1.0,precedent,[],True,False,False
939,4,150,315,316,"Il quitta la chambre de Mr. Fogg, monta dans la sienne, tomba sur une chaise, et employant une phrase assez vulgaire de son pays:",Il,quitta,la chambre de Mr. Fogg,quitter,"['1', '0']",['45'],['FAC'],,,,,dans dix minutes,1872-10-02-20,1872-10-02,1.0,dans dix minutes,1872-10-02-20,1872-10-02,1.0,precedent,['chambre_fogg'],True,True,True
940,4,150,315,316,"Il quitta la chambre de Mr. Fogg, monta dans la sienne, tomba sur une chaise, et employant une phrase assez vulgaire de son pays:",Il,monta,dans la sienne,monter,['1'],['15'],['FAC'],,,,,dans dix minutes,1872-10-02-20,1872-10-02,1.0,dans dix minutes,1872-10-02-20,1872-10-02,1.0,precedent,['chambre_passepartout'],True,True,True
941,4,150,315,316,"Il quitta la chambre de Mr. Fogg, monta dans la sienne, tomba sur une chaise, et employant une phrase assez vulgaire de son pays:",Il,tomba,sur une chaise,tomber,['1'],[],[],,,,,dans dix minutes,1872-10-02-20,1872-10-02,1.0,dans dix minutes,1872-10-02-20,1872-10-02,1.0,precedent,[],True,False,False
942,4,150,315,316,"Il quitta la chambre de Mr. Fogg, monta dans la sienne, tomba sur une chaise, et employant une phrase assez vulgaire de son pays:",Il,employant,une phrase assez vulgaire de son pays,employer,['1'],[],[],,,,,dans dix minutes,1872-10-02-20,1872-10-02,1.0,dans dix minutes,1872-10-02-20,1872-10-02,1.0,precedent,[],True,False,False
943,4,151,316,317,"«Ah! bien se dit -il, elle est forte, celle -là!",-il,dit,se,dire,['1'],[],[],,,,,dans dix minutes,1872-10-02-20,1872-10-02,1.0,dans dix minutes,1872-10-02-20,1872-10-02,1.0,precedent,[],True,False,False
944,4,151,317,318,Moi qui voulais rester tranquille!,qui,voulais,,vouloir,['1'],[],[],,,,,dans dix minutes,1872-10-02-20,1872-10-02,1.0,dans dix minutes,1872-10-02-20,1872-10-02,1.0,precedent,[],True,False,False
945,4,151,317,318,Moi qui voulais rester tranquille!,qui,rester,,rester,['1'],[],[],,,,,dans dix minutes,1872-10-02-20,1872-10-02,1.0,dans dix minutes,1872-10-02-20,1872-10-02,1.0,precedent,[],True,False,False
946,4,152,319,320,"Et, machinalement, il fit ses préparatifs de départ.",il,fit,ses préparatifs de départ,faire,['1'],[],[],,,,,dans dix minutes,1872-10-02-20,1872-10-02,1.0,dans dix minutes,1872-10-02-20,1872-10-02,1.0,precedent,[],True,False,False
947,4,152,321,322,Avait -il affaire à un fou?,,Avait,-il affaire,avoir,['1'],[],[],,,,,dans dix minutes,1872-10-02-20,1872-10-02,1.0,dans dix minutes,1872-10-02-20,1872-10-02,1.0,precedent,[],True,False,False
948,4,152,321,322,Avait -il affaire à un fou?,,Avait,à un fou,avoir,[],[],[],,,,,dans dix minutes,1872-10-02-20,1872-10-02,1.0,dans dix minutes,1872-10-02-20,1872-10-02,1.0,precedent,[],False,False,False
949,4,152,323,324,"On allait à Douvres, bien.",On,allait,à Douvres,aller,['11'],[],[],,,,,dans dix minutes,1872-10-02-20,1872-10-02,1.0,dans dix minutes,1872-10-02-20,1872-10-02,1.0,precedent,[],True,False,False
950,4,152,324,325,"À Calais, soit.",,soit,À Calais,être,[],[],[],,,,,dans dix minutes,1872-10-02-20,1872-10-02,1.0,dans dix minutes,1872-10-02-20,1872-10-02,1.0,precedent,[],False,False,False
951,4,152,325,326,"Après tout, cela ne pouvait notablement contrarier le brave garçon, qui, depuis cinq ans, n' avait pas foulé le sol de la patrie.",cela,pouvait,Après tout,pouvoir,[],[],[],depuis cinq ans,1867-00-00-00,,,dans dix minutes,1872-10-02-20,1872-10-02,1.0,depuis cinq ans,1867-00-00-00,,,phrase,[],False,False,False
952,4,152,325,326,"Après tout, cela ne pouvait notablement contrarier le brave garçon, qui, depuis cinq ans, n' avait pas foulé le sol de la patrie.",cela,contrarier,le brave garçon,contrarier,['1'],[],[],depuis cinq ans,1867-00-00-00,,,dans dix minutes,1872-10-02-20,1872-10-02,1.0,depuis cinq ans,1867-00-00-00,,,phrase,[],True,False,False
953,4,152,325,326,"Après tout, cela ne pouvait notablement contrarier le brave garçon, qui, depuis cinq ans, n' avait pas foulé le sol de la patrie.",qui,foulé,depuis cinq ans,fouler,['1'],[],[],depuis cinq ans,1867-00-00-00,,,depuis cinq ans,1867-00-00-00,,,depuis cinq ans,1867-00-00-00,,,phrase,[],True,False,False
954,4,152,325,326,"Après tout, cela ne pouvait notablement contrarier le brave garçon, qui, depuis cinq ans, n' avait pas foulé le sol de la patrie.",qui,foulé,le sol de la patrie,fouler,['1'],[],[],depuis cinq ans,1867-00-00-00,,,depuis cinq ans,1867-00-00-00,,,depuis cinq ans,1867-00-00-00,,,phrase,[],True,False,False
955,4,152,326,327,"Peut - être même irait -on jusqu' à Paris, et, ma foi, il reverrait avec plaisir la grande capitale.",,irait,jusqu'à Paris,aller,[],[],[],,,,,depuis cinq ans,1867-00-00-00,,,depuis cinq ans,1867-00-00-00,,,precedent,[],False,False,False
956,4,152,326,327,"Peut - être même irait -on jusqu' à Paris, et, ma foi, il reverrait avec plaisir la grande capitale.",il,reverrait,ma foi,revoir,['1'],[],[],,,,,depuis cinq ans,1867-00-00-00,,,depuis cinq ans,1867-00-00-00,,,precedent,[],True,False,False
957,4,152,326,327,"Peut - être même irait -on jusqu' à Paris, et, ma foi, il reverrait avec plaisir la grande capitale.",il,reverrait,avec plaisir,revoir,['1'],[],[],,,,,depuis cinq ans,1867-00-00-00,,,depuis cinq ans,1867-00-00-00,,,precedent,[],True,False,False
958,4,152,326,327,"Peut - être même irait -on jusqu' à Paris, et, ma foi, il reverrait avec plaisir la grande capitale.",il,reverrait,la grande capitale,revoir,['1'],[],[],,,,,depuis cinq ans,1867-00-00-00,,,depuis cinq ans,1867-00-00-00,,,precedent,[],True,False,False
959,4,152,327,328,"Mais, certainement, un gentleman aussi ménager de ses pas s' arrêterait là… Oui, sans doute, mais il n' en était pas moins vrai qu' il partait, qu' il se déplaçait, ce gentleman, si casanier jusqu' alors!",,ménager,de ses pas,ménager,['0'],[],[],,,,,depuis cinq ans,1867-00-00-00,,,depuis cinq ans,1867-00-00-00,,,precedent,[],True,False,False
960,4,152,327,328,"Mais, certainement, un gentleman aussi ménager de ses pas s' arrêterait là… Oui, sans doute, mais il n' en était pas moins vrai qu' il partait, qu' il se déplaçait, ce gentleman, si casanier jusqu' alors!",un gentleman aussi,arrêterait,s',arrêter,['0'],[],[],,,,,depuis cinq ans,1867-00-00-00,,,depuis cinq ans,1867-00-00-00,,,precedent,[],True,False,False
961,4,152,327,328,"Mais, certainement, un gentleman aussi ménager de ses pas s' arrêterait là… Oui, sans doute, mais il n' en était pas moins vrai qu' il partait, qu' il se déplaçait, ce gentleman, si casanier jusqu' alors!",un gentleman aussi,arrêterait,là,arrêter,['0'],[],[],,,,,depuis cinq ans,1867-00-00-00,,,depuis cinq ans,1867-00-00-00,,,precedent,[],True,False,False
962,4,152,327,328,"Mais, certainement, un gentleman aussi ménager de ses pas s' arrêterait là… Oui, sans doute, mais il n' en était pas moins vrai qu' il partait, qu' il se déplaçait, ce gentleman, si casanier jusqu' alors!",il,partait,ce gentleman si casanier jusqu'alors,partir,['0'],[],[],,,,,depuis cinq ans,1867-00-00-00,,,depuis cinq ans,1867-00-00-00,,,precedent,[],True,False,False
963,4,152,327,328,"Mais, certainement, un gentleman aussi ménager de ses pas s' arrêterait là… Oui, sans doute, mais il n' en était pas moins vrai qu' il partait, qu' il se déplaçait, ce gentleman, si casanier jusqu' alors!",il,déplaçait,se,déplacer,['0'],[],[],,,,,depuis cinq ans,1867-00-00-00,,,depuis cinq ans,1867-00-00-00,,,precedent,[],True,False,False
964,4,153,328,329,"À huit heures, Passepartout avait préparé le modeste sac qui contenait sa garde-robe et celle de son maître; puis, l' esprit encore troublé, il quitta sa chambre, dont il ferma soigneusement la porte, et il rejoignit Mr. Fogg.",Passepartout,préparé,À huit heures,préparer,['1'],[],[],à huit heures,1872-10-02-20,1872-10-02,1.0,à huit heures,1872-10-02-20,1872-10-02,1.0,à huit heures,1872-10-02-20,1872-10-02,1.0,phrase,[],True,False,False
965,4,153,328,329,"À huit heures, Passepartout avait préparé le modeste sac qui contenait sa garde-robe et celle de son maître; puis, l' esprit encore troublé, il quitta sa chambre, dont il ferma soigneusement la porte, et il rejoignit Mr. Fogg.",Passepartout,préparé,le modeste sac,préparer,['1'],[],[],à huit heures,1872-10-02-20,1872-10-02,1.0,à huit heures,1872-10-02-20,1872-10-02,1.0,à huit heures,1872-10-02-20,1872-10-02,1.0,phrase,[],True,False,False
966,4,153,328,329,"À huit heures, Passepartout avait préparé le modeste sac qui contenait sa garde-robe et celle de son maître; puis, l' esprit encore troublé, il quitta sa chambre, dont il ferma soigneusement la porte, et il rejoignit Mr. Fogg.",qui,contenait,sa garde-robe et celle de son maître,contenir,"['1', '0']",[],[],à huit heures,1872-10-02-20,1872-10-02,1.0,à huit heures,1872-10-02-20,1872-10-02,1.0,à huit heures,1872-10-02-20,1872-10-02,1.0,phrase,[],True,False,False
967,4,153,328,329,"À huit heures, Passepartout avait préparé le modeste sac qui contenait sa garde-robe et celle de son maître; puis, l' esprit encore troublé, il quitta sa chambre, dont il ferma soigneusement la porte, et il rejoignit Mr. Fogg.",,troublé,,troubler,[],[],[],à huit heures,1872-10-02-20,1872-10-02,1.0,à huit heures,1872-10-02-20,1872-10-02,1.0,à huit heures,1872-10-02-20,1872-10-02,1.0,phrase,[],False,False,False
968,4,153,328,329,"À huit heures, Passepartout avait préparé le modeste sac qui contenait sa garde-robe et celle de son maître; puis, l' esprit encore troublé, il quitta sa chambre, dont il ferma soigneusement la porte, et il rejoignit Mr. Fogg.",il,quitta,l'esprit,quitter,['1'],[],[],à huit heures,1872-10-02-20,1872-10-02,1.0,à huit heures,1872-10-02-20,1872-10-02,1.0,à huit heures,1872-10-02-20,1872-10-02,1.0,phrase,[],True,False,False
969,4,153,328,329,"À huit heures, Passepartout avait préparé le modeste sac qui contenait sa garde-robe et celle de son maître; puis, l' esprit encore troublé, il quitta sa chambre, dont il ferma soigneusement la porte, et il rejoignit Mr. Fogg.",il,quitta,sa chambre,quitter,['1'],['15'],['FAC'],à huit heures,1872-10-02-20,1872-10-02,1.0,à huit heures,1872-10-02-20,1872-10-02,1.0,à huit heures,1872-10-02-20,1872-10-02,1.0,phrase,['chambre_passepartout'],True,True,True
970,4,153,328,329,"À huit heures, Passepartout avait préparé le modeste sac qui contenait sa garde-robe et celle de son maître; puis, l' esprit encore troublé, il quitta sa chambre, dont il ferma soigneusement la porte, et il rejoignit Mr. Fogg.",il,ferma,la porte,fermer,['1'],[],[],à huit heures,1872-10-02-20,1872-10-02,1.0,à huit heures,1872-10-02-20,1872-10-02,1.0,à huit heures,1872-10-02-20,1872-10-02,1.0,phrase,[],True,False,False
971,4,153,328,329,"À huit heures, Passepartout avait préparé le modeste sac qui contenait sa garde-robe et celle de son maître; puis, l' esprit encore troublé, il quitta sa chambre, dont il ferma soigneusement la porte, et il rejoignit Mr. Fogg.",il,rejoignit,Mr. Fogg,rejoindre,"['1', '0']",[],[],à huit heures,1872-10-02-20,1872-10-02,1.0,à huit heures,1872-10-02-20,1872-10-02,1.0,à huit heures,1872-10-02-20,1872-10-02,1.0,phrase,[],True,False,False
972,4,154,330,331,"Il portait sous son bras le Bradshaw' s continental railway steam transit and general guide, qui devait lui fournir toutes les indications nécessaires à son voyage.",Il,portait,sous son bras,porter,['0'],[],[],,,,,à huit heures,1872-10-02-20,1872-10-02,1.0,à huit heures,1872-10-02-20,1872-10-02,1.0,precedent,[],True,False,False
973,4,154,330,331,"Il portait sous son bras le Bradshaw' s continental railway steam transit and general guide, qui devait lui fournir toutes les indications nécessaires à son voyage.",Il,portait,le Bradshaw's continental railway steam transit and general guide,porter,['0'],[],[],,,,,à huit heures,1872-10-02-20,1872-10-02,1.0,à huit heures,1872-10-02-20,1872-10-02,1.0,precedent,[],True,False,False
974,4,154,330,331,"Il portait sous son bras le Bradshaw' s continental railway steam transit and general guide, qui devait lui fournir toutes les indications nécessaires à son voyage.",qui,devait,,devoir,[],[],[],,,,,à huit heures,1872-10-02-20,1872-10-02,1.0,à huit heures,1872-10-02-20,1872-10-02,1.0,precedent,[],False,False,False
975,4,154,330,331,"Il portait sous son bras le Bradshaw' s continental railway steam transit and general guide, qui devait lui fournir toutes les indications nécessaires à son voyage.",qui,fournir,lui,fournir,['0'],[],[],,,,,à huit heures,1872-10-02-20,1872-10-02,1.0,à huit heures,1872-10-02-20,1872-10-02,1.0,precedent,[],True,False,False
976,4,154,330,331,"Il portait sous son bras le Bradshaw' s continental railway steam transit and general guide, qui devait lui fournir toutes les indications nécessaires à son voyage.",qui,fournir,toutes les indications nécessaires à son voyage,fournir,['0'],[],[],,,,,à huit heures,1872-10-02-20,1872-10-02,1.0,à huit heures,1872-10-02-20,1872-10-02,1.0,precedent,[],True,False,False
977,4,154,331,332,"Il prit le sac des mains de Passepartout, l' ouvrit et y glissa une forte liasse de ces belles bank - notes qui ont cours dans tous les pays.",Il,prit,le sac des mains de Passepartout,prendre,"['0', '1']",[],[],,,,,à huit heures,1872-10-02-20,1872-10-02,1.0,à huit heures,1872-10-02-20,1872-10-02,1.0,precedent,[],True,False,False
978,4,154,331,332,"Il prit le sac des mains de Passepartout, l' ouvrit et y glissa une forte liasse de ces belles bank - notes qui ont cours dans tous les pays.",Il,ouvrit,l',ouvrir,['0'],[],[],,,,,à huit heures,1872-10-02-20,1872-10-02,1.0,à huit heures,1872-10-02-20,1872-10-02,1.0,precedent,[],True,False,False
979,4,154,331,332,"Il prit le sac des mains de Passepartout, l' ouvrit et y glissa une forte liasse de ces belles bank - notes qui ont cours dans tous les pays.",Il,glissa,y,glisser,['0'],[],[],,,,,à huit heures,1872-10-02-20,1872-10-02,1.0,à huit heures,1872-10-02-20,1872-10-02,1.0,precedent,[],True,False,False
980,4,154,331,332,"Il prit le sac des mains de Passepartout, l' ouvrit et y glissa une forte liasse de ces belles bank - notes qui ont cours dans tous les pays.",Il,glissa,une forte liasse de ces belles bank-notes,glisser,['0'],[],[],,,,,à huit heures,1872-10-02-20,1872-10-02,1.0,à huit heures,1872-10-02-20,1872-10-02,1.0,precedent,[],True,False,False
981,4,154,331,332,"Il prit le sac des mains de Passepartout, l' ouvrit et y glissa une forte liasse de ces belles bank - notes qui ont cours dans tous les pays.",qui,ont,cours,avoir,[],[],[],,,,,à huit heures,1872-10-02-20,1872-10-02,1.0,à huit heures,1872-10-02-20,1872-10-02,1.0,precedent,[],False,False,False
982,4,154,331,332,"Il prit le sac des mains de Passepartout, l' ouvrit et y glissa une forte liasse de ces belles bank - notes qui ont cours dans tous les pays.",qui,ont,dans tous les pays,avoir,[],[],[],,,,,à huit heures,1872-10-02-20,1872-10-02,1.0,à huit heures,1872-10-02-20,1872-10-02,1.0,precedent,[],False,False,False
983,4,155,332,333,«Vous n' avez rien oublié? demanda -t -il.,Vous,oublié,,oublier,['1'],[],[],,,,,à huit heures,1872-10-02-20,1872-10-02,1.0,à huit heures,1872-10-02-20,1872-10-02,1.0,precedent,[],True,False,False
984,4,155,332,333,«Vous n' avez rien oublié? demanda -t -il.,-t,demanda,,demander,[],[],[],,,,,à huit heures,1872-10-02-20,1872-10-02,1.0,à huit heures,1872-10-02-20,1872-10-02,1.0,precedent,[],False,False,False
985,4,158,335,336,- Les voici.,,voici,Les,voici,[],[],[],,,,,à huit heures,1872-10-02-20,1872-10-02,1.0,à huit heures,1872-10-02-20,1872-10-02,1.0,precedent,[],False,False,False
986,4,159,336,337,"- Bien, prenez ce sac.»",,prenez,ce sac,prendre,[],[],[],,,,,à huit heures,1872-10-02-20,1872-10-02,1.0,à huit heures,1872-10-02-20,1872-10-02,1.0,precedent,[],False,False,False
987,4,160,337,338,Mr. Fogg remit le sac à Passepartout.,Mr. Fogg,remit,le sac,remettre,['0'],[],[],,,,,à huit heures,1872-10-02-20,1872-10-02,1.0,à huit heures,1872-10-02-20,1872-10-02,1.0,precedent,[],True,False,False
988,4,160,337,338,Mr. Fogg remit le sac à Passepartout.,Mr. Fogg,remit,à Passepartout,remettre,"['0', '1']",[],[],,,,,à huit heures,1872-10-02-20,1872-10-02,1.0,à huit heures,1872-10-02-20,1872-10-02,1.0,precedent,[],True,False,False
989,4,161,338,339,"«Et ayez -en soin, ajouta -t -il.",,ayez,,avoir,[],[],[],,,,,à huit heures,1872-10-02-20,1872-10-02,1.0,à huit heures,1872-10-02-20,1872-10-02,1.0,precedent,[],False,False,False
990,4,161,338,339,"«Et ayez -en soin, ajouta -t -il.",-t,ajouta,,ajouter,[],[],[],,,,,à huit heures,1872-10-02-20,1872-10-02,1.0,à huit heures,1872-10-02-20,1872-10-02,1.0,precedent,[],False,False,False
991,4,161,339,340,Il y a vingt mille livres dedans( 500 000 F).»,,a,y,avoir,[],[],[],,,,,à huit heures,1872-10-02-20,1872-10-02,1.0,à huit heures,1872-10-02-20,1872-10-02,1.0,precedent,[],False,False,False
992,4,161,339,340,Il y a vingt mille livres dedans( 500 000 F).»,,a,vingt mille livres dedans,avoir,[],[],[],,,,,à huit heures,1872-10-02-20,1872-10-02,1.0,à huit heures,1872-10-02-20,1872-10-02,1.0,precedent,[],False,False,False
993,4,161,339,340,Il y a vingt mille livres dedans( 500 000 F).»,,a,500 000 F,avoir,[],[],[],,,,,à huit heures,1872-10-02-20,1872-10-02,1.0,à huit heures,1872-10-02-20,1872-10-02,1.0,precedent,[],False,False,False
994,4,162,340,341,"Le sac faillit s' échapper des mains de Passepartout, comme si les vingt mille livres eussent été en or et pesé considérablement.",Le sac,faillit,,faillir,[],[],[],,,,,à huit heures,1872-10-02-20,1872-10-02,1.0,à huit heures,1872-10-02-20,1872-10-02,1.0,precedent,[],False,False,False
995,4,162,340,341,"Le sac faillit s' échapper des mains de Passepartout, comme si les vingt mille livres eussent été en or et pesé considérablement.",Le sac,échapper,s',échapper,[],[],[],,,,,à huit heures,1872-10-02-20,1872-10-02,1.0,à huit heures,1872-10-02-20,1872-10-02,1.0,precedent,[],False,False,False
996,4,162,340,341,"Le sac faillit s' échapper des mains de Passepartout, comme si les vingt mille livres eussent été en or et pesé considérablement.",Le sac,échapper,des mains de Passepartout,échapper,['1'],[],[],,,,,à huit heures,1872-10-02-20,1872-10-02,1.0,à huit heures,1872-10-02-20,1872-10-02,1.0,precedent,[],True,False,False
997,4,162,340,341,"Le sac faillit s' échapper des mains de Passepartout, comme si les vingt mille livres eussent été en or et pesé considérablement.",les vingt mille livres,pesé,,peser,[],[],[],,,,,à huit heures,1872-10-02-20,1872-10-02,1.0,à huit heures,1872-10-02-20,1872-10-02,1.0,precedent,[],False,False,False
998,4,163,341,342,"Le maître et le domestique descendirent alors, et la porte de la rue fut fermée à double tour.",Le maître et le domestique,descendirent,,descendre,"['0', '11', '1']",[],[],,,,,à huit heures,1872-10-02-20,1872-10-02,1.0,à huit heures,1872-10-02-20,1872-10-02,1.0,precedent,[],True,False,False
999,4,163,341,342,"Le maître et le domestique descendirent alors, et la porte de la rue fut fermée à double tour.",la porte de la rue,fermée,à double tour,fermer,[],['10'],['FAC'],,,,,à huit heures,1872-10-02-20,1872-10-02,1.0,à huit heures,1872-10-02-20,1872-10-02,1.0,precedent,['rue_fogg'],False,True,False
1000,4,164,342,343,Une station de voitures se trouvait à l' extrémité de Saville - row.,Une station de voitures,trouvait,se,trouver,[],[],[],,,,,à huit heures,1872-10-02-20,1872-10-02,1.0,à huit heures,1872-10-02-20,1872-10-02,1.0,precedent,[],False,False,False
1001,4,164,342,343,Une station de voitures se trouvait à l' extrémité de Saville - row.,Une station de voitures,trouvait,à l'extrémité de Saville-row,trouver,[],['10'],['FAC'],,,,,à huit heures,1872-10-02-20,1872-10-02,1.0,à huit heures,1872-10-02-20,1872-10-02,1.0,precedent,['rue_fogg'],False,True,False
1002,4,164,343,344,"Phileas Fogg et son domestique montèrent dans un cab, qui se dirigea rapidement vers la gare de Charing - Cross, à laquelle aboutit un des embranchements du South - Eastern - railway.",Phileas Fogg et son domestique,montèrent,dans un cab,monter,"['0', '11', '1']",[],[],,,,,à huit heures,1872-10-02-20,1872-10-02,1.0,à huit heures,1872-10-02-20,1872-10-02,1.0,precedent,[],True,False,False
1003,4,164,343,344,"Phileas Fogg et son domestique montèrent dans un cab, qui se dirigea rapidement vers la gare de Charing - Cross, à laquelle aboutit un des embranchements du South - Eastern - railway.",qui,dirigea,se,diriger,[],[],[],,,,,à huit heures,1872-10-02-20,1872-10-02,1.0,à huit heures,1872-10-02-20,1872-10-02,1.0,precedent,[],False,False,False
1004,4,164,343,344,"Phileas Fogg et son domestique montèrent dans un cab, qui se dirigea rapidement vers la gare de Charing - Cross, à laquelle aboutit un des embranchements du South - Eastern - railway.",qui,dirigea,vers la gare de Charing-Cross,diriger,[],['47'],['FAC'],,,,,à huit heures,1872-10-02-20,1872-10-02,1.0,à huit heures,1872-10-02-20,1872-10-02,1.0,precedent,['gare_charing_cross'],False,True,False
1005,4,164,343,344,"Phileas Fogg et son domestique montèrent dans un cab, qui se dirigea rapidement vers la gare de Charing - Cross, à laquelle aboutit un des embranchements du South - Eastern - railway.",un des embranchements du South-Eastern-railway,aboutit,,aboutir,[],[],[],,,,,à huit heures,1872-10-02-20,1872-10-02,1.0,à huit heures,1872-10-02-20,1872-10-02,1.0,precedent,[],False,False,False
1006,4,165,344,345,"À huit heures vingt, le cab s' arrêta devant la grille de la gare.",le cab,arrêta,À huit heures vingt,arrêter,[],[],[],à huit heures vingt,1872-10-02-20,1872-10-02,1.0,à huit heures vingt,1872-10-02-20,1872-10-02,1.0,à huit heures vingt,1872-10-02-20,1872-10-02,1.0,phrase,[],False,False,False
1007,4,165,344,345,"À huit heures vingt, le cab s' arrêta devant la grille de la gare.",le cab,arrêta,s',arrêter,[],[],[],à huit heures vingt,1872-10-02-20,1872-10-02,1.0,à huit heures vingt,1872-10-02-20,1872-10-02,1.0,à huit heures vingt,1872-10-02-20,1872-10-02,1.0,phrase,[],False,False,False
1008,4,165,344,345,"À huit heures vingt, le cab s' arrêta devant la grille de la gare.",le cab,arrêta,devant la grille de la gare,arrêter,[],['47'],['FAC'],à huit heures vingt,1872-10-02-20,1872-10-02,1.0,à huit heures vingt,1872-10-02-20,1872-10-02,1.0,à huit heures vingt,1872-10-02-20,1872-10-02,1.0,phrase,['gare_charing_cross'],False,True,False
1009,4,165,345,346,Passepartout sauta à terre.,Passepartout,sauta,à terre,sauter,['1'],[],[],,,,,à huit heures vingt,1872-10-02-20,1872-10-02,1.0,à huit heures vingt,1872-10-02-20,1872-10-02,1.0,precedent,[],True,False,False
1010,4,165,346,347,Son maître le suivit et paya le cocher.,Son maître,suivit,le,suivre,"['1', '0']",[],[],,,,,à huit heures vingt,1872-10-02-20,1872-10-02,1.0,à huit heures vingt,1872-10-02-20,1872-10-02,1.0,precedent,[],True,False,False
1011,4,165,346,347,Son maître le suivit et paya le cocher.,Son maître,paya,le cocher,payer,"['1', '0', '132']",[],[],,,,,à huit heures vingt,1872-10-02-20,1872-10-02,1.0,à huit heures vingt,1872-10-02-20,1872-10-02,1.0,precedent,[],True,False,False
1012,4,166,347,348,"En ce moment, une pauvre mendiante, tenant un enfant à la main, pieds nus dans la boue, coiffée d' un chapeau dépenaillé auquel pendait une plume lamentable, un châle en loques sur ses haillons, s' approcha de Mr. Fogg et lui demanda l' aumône.",,tenant,un enfant,tenir,['131'],[],[],en ce moment,1872-10-02-20,1872-10-02,1.0,en ce moment,1872-10-02-20,1872-10-02,1.0,en ce moment,1872-10-02-20,1872-10-02,1.0,phrase,[],True,False,False
1013,4,166,347,348,"En ce moment, une pauvre mendiante, tenant un enfant à la main, pieds nus dans la boue, coiffée d' un chapeau dépenaillé auquel pendait une plume lamentable, un châle en loques sur ses haillons, s' approcha de Mr. Fogg et lui demanda l' aumône.",,tenant,à la main,tenir,[],[],[],en ce moment,1872-10-02-20,1872-10-02,1.0,en ce moment,1872-10-02-20,1872-10-02,1.0,en ce moment,1872-10-02-20,1872-10-02,1.0,phrase,[],False,False,False
1014,4,166,347,348,"En ce moment, une pauvre mendiante, tenant un enfant à la main, pieds nus dans la boue, coiffée d' un chapeau dépenaillé auquel pendait une plume lamentable, un châle en loques sur ses haillons, s' approcha de Mr. Fogg et lui demanda l' aumône.",,tenant,pieds nus,tenir,[],[],[],en ce moment,1872-10-02-20,1872-10-02,1.0,en ce moment,1872-10-02-20,1872-10-02,1.0,en ce moment,1872-10-02-20,1872-10-02,1.0,phrase,[],False,False,False
1015,4,166,347,348,"En ce moment, une pauvre mendiante, tenant un enfant à la main, pieds nus dans la boue, coiffée d' un chapeau dépenaillé auquel pendait une plume lamentable, un châle en loques sur ses haillons, s' approcha de Mr. Fogg et lui demanda l' aumône.",,tenant,dans la boue,tenir,[],[],[],en ce moment,1872-10-02-20,1872-10-02,1.0,en ce moment,1872-10-02-20,1872-10-02,1.0,en ce moment,1872-10-02-20,1872-10-02,1.0,phrase,[],False,False,False
1016,4,166,347,348,"En ce moment, une pauvre mendiante, tenant un enfant à la main, pieds nus dans la boue, coiffée d' un chapeau dépenaillé auquel pendait une plume lamentable, un châle en loques sur ses haillons, s' approcha de Mr. Fogg et lui demanda l' aumône.",,coiffée,d'un chapeau,coiffer,[],[],[],en ce moment,1872-10-02-20,1872-10-02,1.0,en ce moment,1872-10-02-20,1872-10-02,1.0,en ce moment,1872-10-02-20,1872-10-02,1.0,phrase,[],False,False,False
1017,4,166,347,348,"En ce moment, une pauvre mendiante, tenant un enfant à la main, pieds nus dans la boue, coiffée d' un chapeau dépenaillé auquel pendait une plume lamentable, un châle en loques sur ses haillons, s' approcha de Mr. Fogg et lui demanda l' aumône.",,dépenaillé,,dépenailler,[],[],[],en ce moment,1872-10-02-20,1872-10-02,1.0,en ce moment,1872-10-02-20,1872-10-02,1.0,en ce moment,1872-10-02-20,1872-10-02,1.0,phrase,[],False,False,False
1018,4,166,347,348,"En ce moment, une pauvre mendiante, tenant un enfant à la main, pieds nus dans la boue, coiffée d' un chapeau dépenaillé auquel pendait une plume lamentable, un châle en loques sur ses haillons, s' approcha de Mr. Fogg et lui demanda l' aumône.",une plume lamentable,pendait,,pendre,[],[],[],en ce moment,1872-10-02-20,1872-10-02,1.0,en ce moment,1872-10-02-20,1872-10-02,1.0,en ce moment,1872-10-02-20,1872-10-02,1.0,phrase,[],False,False,False
1019,4,166,347,348,"En ce moment, une pauvre mendiante, tenant un enfant à la main, pieds nus dans la boue, coiffée d' un chapeau dépenaillé auquel pendait une plume lamentable, un châle en loques sur ses haillons, s' approcha de Mr. Fogg et lui demanda l' aumône.",En ce moment une pauvre mendiante un châle en loques sur ses haillons,approcha,s',approcher,['29'],['55'],['LOC'],en ce moment,1872-10-02-20,1872-10-02,1.0,en ce moment,1872-10-02-20,1872-10-02,1.0,en ce moment,1872-10-02-20,1872-10-02,1.0,phrase,['M13'],True,True,True
1020,4,166,347,348,"En ce moment, une pauvre mendiante, tenant un enfant à la main, pieds nus dans la boue, coiffée d' un chapeau dépenaillé auquel pendait une plume lamentable, un châle en loques sur ses haillons, s' approcha de Mr. Fogg et lui demanda l' aumône.",En ce moment une pauvre mendiante un châle en loques sur ses haillons,approcha,de Mr. Fogg,approcher,"['29', '0']",[],[],en ce moment,1872-10-02-20,1872-10-02,1.0,en ce moment,1872-10-02-20,1872-10-02,1.0,en ce moment,1872-10-02-20,1872-10-02,1.0,phrase,[],True,False,False
1021,4,166,347,348,"En ce moment, une pauvre mendiante, tenant un enfant à la main, pieds nus dans la boue, coiffée d' un chapeau dépenaillé auquel pendait une plume lamentable, un châle en loques sur ses haillons, s' approcha de Mr. Fogg et lui demanda l' aumône.",En ce moment une pauvre mendiante un châle en loques sur ses haillons,demanda,lui,demander,"['29', '0']",[],[],en ce moment,1872-10-02-20,1872-10-02,1.0,en ce moment,1872-10-02-20,1872-10-02,1.0,en ce moment,1872-10-02-20,1872-10-02,1.0,phrase,[],True,False,False
1022,4,166,347,348,"En ce moment, une pauvre mendiante, tenant un enfant à la main, pieds nus dans la boue, coiffée d' un chapeau dépenaillé auquel pendait une plume lamentable, un châle en loques sur ses haillons, s' approcha de Mr. Fogg et lui demanda l' aumône.",En ce moment une pauvre mendiante un châle en loques sur ses haillons,demanda,l'aumône,demander,['29'],[],[],en ce moment,1872-10-02-20,1872-10-02,1.0,en ce moment,1872-10-02-20,1872-10-02,1.0,en ce moment,1872-10-02-20,1872-10-02,1.0,phrase,[],True,False,False
1023,4,167,348,349,"Mr. Fogg tira de sa poche les vingt guinées qu' il venait de gagner au whist, et, les présentant à la mendiante:",Mr. Fogg,tira,de sa poche,tirer,['0'],[],[],,,,,en ce moment,1872-10-02-20,1872-10-02,1.0,en ce moment,1872-10-02-20,1872-10-02,1.0,precedent,[],True,False,False
1024,4,167,348,349,"Mr. Fogg tira de sa poche les vingt guinées qu' il venait de gagner au whist, et, les présentant à la mendiante:",Mr. Fogg,tira,les vingt guinées,tirer,['0'],[],[],,,,,en ce moment,1872-10-02-20,1872-10-02,1.0,en ce moment,1872-10-02-20,1872-10-02,1.0,precedent,[],True,False,False
1025,4,167,348,349,"Mr. Fogg tira de sa poche les vingt guinées qu' il venait de gagner au whist, et, les présentant à la mendiante:",il,venait,,venir,['0'],[],[],,,,,en ce moment,1872-10-02-20,1872-10-02,1.0,en ce moment,1872-10-02-20,1872-10-02,1.0,precedent,[],True,False,False
1026,4,167,348,349,"Mr. Fogg tira de sa poche les vingt guinées qu' il venait de gagner au whist, et, les présentant à la mendiante:",il,gagner,au whist,gagner,['0'],[],[],,,,,en ce moment,1872-10-02-20,1872-10-02,1.0,en ce moment,1872-10-02-20,1872-10-02,1.0,precedent,[],True,False,False
1027,4,167,348,349,"Mr. Fogg tira de sa poche les vingt guinées qu' il venait de gagner au whist, et, les présentant à la mendiante:",Mr. Fogg,présentant,les,présenter,['0'],[],[],,,,,en ce moment,1872-10-02-20,1872-10-02,1.0,en ce moment,1872-10-02-20,1872-10-02,1.0,precedent,[],True,False,False
1028,4,167,348,349,"Mr. Fogg tira de sa poche les vingt guinées qu' il venait de gagner au whist, et, les présentant à la mendiante:",Mr. Fogg,présentant,à la mendiante,présenter,"['0', '29']",[],[],,,,,en ce moment,1872-10-02-20,1872-10-02,1.0,en ce moment,1872-10-02-20,1872-10-02,1.0,precedent,[],True,False,False
1029,4,168,349,350,"«Tenez, ma brave femme, dit -il, je suis content de vous avoir rencontrée!»",,Tenez,,tenir,[],[],[],,,,,en ce moment,1872-10-02-20,1872-10-02,1.0,en ce moment,1872-10-02-20,1872-10-02,1.0,precedent,[],False,False,False
1030,4,168,349,350,"«Tenez, ma brave femme, dit -il, je suis content de vous avoir rencontrée!»",-il,dit,,dire,['0'],[],[],,,,,en ce moment,1872-10-02-20,1872-10-02,1.0,en ce moment,1872-10-02-20,1872-10-02,1.0,precedent,[],True,False,False
1031,4,168,349,350,"«Tenez, ma brave femme, dit -il, je suis content de vous avoir rencontrée!»",je,rencontrée,vous,rencontrer,"['0', '29']",[],[],,,,,en ce moment,1872-10-02-20,1872-10-02,1.0,en ce moment,1872-10-02-20,1872-10-02,1.0,precedent,[],True,False,False
1032,4,169,350,351,Puis il passa.,il,passa,,passer,['0'],[],[],,,,,en ce moment,1872-10-02-20,1872-10-02,1.0,en ce moment,1872-10-02-20,1872-10-02,1.0,precedent,[],True,False,False
1033,4,170,351,352,Passepartout eut comme une sensation d' humidité autour de la prunelle.,Passepartout,eut,comme une sensation d'humidité,avoir,['1'],[],[],,,,,en ce moment,1872-10-02-20,1872-10-02,1.0,en ce moment,1872-10-02-20,1872-10-02,1.0,precedent,[],True,False,False
1034,4,170,352,353,Son maître avait fait un pas dans son cœur.,Son maître,fait,un pas,faire,"['1', '0']",[],[],,,,,en ce moment,1872-10-02-20,1872-10-02,1.0,en ce moment,1872-10-02-20,1872-10-02,1.0,precedent,[],True,False,False
1035,4,170,352,353,Son maître avait fait un pas dans son cœur.,Son maître,fait,dans son cœur,faire,"['1', '0']",[],[],,,,,en ce moment,1872-10-02-20,1872-10-02,1.0,en ce moment,1872-10-02-20,1872-10-02,1.0,precedent,[],True,False,False
1036,4,171,353,354,Mr. Fogg et lui entrèrent aussitôt dans la grande salle de la gare.,Mr. Fogg,entrèrent,lui,entrer,"['0', '1']",[],[],,,,,en ce moment,1872-10-02-20,1872-10-02,1.0,en ce moment,1872-10-02-20,1872-10-02,1.0,precedent,[],True,False,False
1037,4,171,353,354,Mr. Fogg et lui entrèrent aussitôt dans la grande salle de la gare.,Mr. Fogg,entrèrent,dans la grande salle de la gare,entrer,['0'],"['104', '47']",['FAC'],,,,,en ce moment,1872-10-02-20,1872-10-02,1.0,en ce moment,1872-10-02-20,1872-10-02,1.0,precedent,"['salle_gare_cc', 'gare_charing_cross']",True,True,True
1038,4,171,354,355,"Là, Phileas Fogg donna à Passepartout l' ordre de prendre deux billets de première classe pour Paris.",Phileas Fogg,donna,à Passepartout,donner,"['0', '1']",[],[],,,,,en ce moment,1872-10-02-20,1872-10-02,1.0,en ce moment,1872-10-02-20,1872-10-02,1.0,precedent,[],True,False,False
1039,4,171,354,355,"Là, Phileas Fogg donna à Passepartout l' ordre de prendre deux billets de première classe pour Paris.",Phileas Fogg,donna,l'ordre,donner,['0'],[],[],,,,,en ce moment,1872-10-02-20,1872-10-02,1.0,en ce moment,1872-10-02-20,1872-10-02,1.0,precedent,[],True,False,False
1040,4,171,354,355,"Là, Phileas Fogg donna à Passepartout l' ordre de prendre deux billets de première classe pour Paris.",,prendre,deux billets de première classe pour Paris,prendre,[],[],[],,,,,en ce moment,1872-10-02-20,1872-10-02,1.0,en ce moment,1872-10-02-20,1872-10-02,1.0,precedent,[],False,False,False
1041,4,171,355,356,"Puis, se retournant, il aperçut ses cinq collègues du Reform - Club.",il,retournant,se,retourner,['0'],[],[],,,,,en ce moment,1872-10-02-20,1872-10-02,1.0,en ce moment,1872-10-02-20,1872-10-02,1.0,precedent,[],True,False,False
1042,4,171,355,356,"Puis, se retournant, il aperçut ses cinq collègues du Reform - Club.",il,aperçut,ses cinq collègues du Reform-Club,apercevoir,"['0', '4']",[],[],,,,,en ce moment,1872-10-02-20,1872-10-02,1.0,en ce moment,1872-10-02-20,1872-10-02,1.0,precedent,[],True,False,False
1043,4,172,356,357,"«Messieurs, je pars, dit -il, et les divers visas apposés sur un passeport que j' emporte à cet effet vous permettront, au retour, de contrôler mon itinéraire.",je,pars,Messieurs,partir,"['0', '4']",[],[],,,,,en ce moment,1872-10-02-20,1872-10-02,1.0,en ce moment,1872-10-02-20,1872-10-02,1.0,precedent,[],True,False,False
1044,4,172,356,357,"«Messieurs, je pars, dit -il, et les divers visas apposés sur un passeport que j' emporte à cet effet vous permettront, au retour, de contrôler mon itinéraire.",-il,dit,au retour,dire,['0'],[],[],,,,,en ce moment,1872-10-02-20,1872-10-02,1.0,en ce moment,1872-10-02-20,1872-10-02,1.0,precedent,[],True,False,False
1045,4,172,356,357,"«Messieurs, je pars, dit -il, et les divers visas apposés sur un passeport que j' emporte à cet effet vous permettront, au retour, de contrôler mon itinéraire.",,apposés,sur un passeport,apposer,[],[],[],,,,,en ce moment,1872-10-02-20,1872-10-02,1.0,en ce moment,1872-10-02-20,1872-10-02,1.0,precedent,[],False,False,False
1046,4,172,356,357,"«Messieurs, je pars, dit -il, et les divers visas apposés sur un passeport que j' emporte à cet effet vous permettront, au retour, de contrôler mon itinéraire.",j',emporte,que,emporter,['0'],[],[],,,,,en ce moment,1872-10-02-20,1872-10-02,1.0,en ce moment,1872-10-02-20,1872-10-02,1.0,precedent,[],True,False,False
1047,4,172,356,357,"«Messieurs, je pars, dit -il, et les divers visas apposés sur un passeport que j' emporte à cet effet vous permettront, au retour, de contrôler mon itinéraire.",j',emporte,à cet effet,emporter,['0'],[],[],,,,,en ce moment,1872-10-02-20,1872-10-02,1.0,en ce moment,1872-10-02-20,1872-10-02,1.0,precedent,[],True,False,False
1048,4,172,356,357,"«Messieurs, je pars, dit -il, et les divers visas apposés sur un passeport que j' emporte à cet effet vous permettront, au retour, de contrôler mon itinéraire.",les divers visas,permettront,vous,permettre,['4'],[],[],,,,,en ce moment,1872-10-02-20,1872-10-02,1.0,en ce moment,1872-10-02-20,1872-10-02,1.0,precedent,[],True,False,False
1049,4,172,356,357,"«Messieurs, je pars, dit -il, et les divers visas apposés sur un passeport que j' emporte à cet effet vous permettront, au retour, de contrôler mon itinéraire.",-il,contrôler,mon itinéraire,contrôler,['0'],[],[],,,,,en ce moment,1872-10-02-20,1872-10-02,1.0,en ce moment,1872-10-02-20,1872-10-02,1.0,precedent,[],True,False,False
1050,4,173,357,358,"- Oh! monsieur Fogg, répondit poliment Gauthier Ralph, c' est inutile.",Gauthier Ralph,répondit,,répondre,['6'],[],[],,,,,en ce moment,1872-10-02-20,1872-10-02,1.0,en ce moment,1872-10-02-20,1872-10-02,1.0,precedent,[],True,False,False
1051,4,173,358,359,Nous nous en rapporterons à votre honneur de gentleman!,Nous,rapporterons,nous,rapporter,['4'],[],[],,,,,en ce moment,1872-10-02-20,1872-10-02,1.0,en ce moment,1872-10-02-20,1872-10-02,1.0,precedent,[],True,False,False
1052,4,173,358,359,Nous nous en rapporterons à votre honneur de gentleman!,Nous,rapporterons,en,rapporter,['4'],[],[],,,,,en ce moment,1872-10-02-20,1872-10-02,1.0,en ce moment,1872-10-02-20,1872-10-02,1.0,precedent,[],True,False,False
1053,4,173,358,359,Nous nous en rapporterons à votre honneur de gentleman!,Nous,rapporterons,à votre honneur de gentleman,rapporter,"['4', '0']",[],[],,,,,en ce moment,1872-10-02-20,1872-10-02,1.0,en ce moment,1872-10-02-20,1872-10-02,1.0,precedent,[],True,False,False
1054,4,174,359,360,"- Cela vaut mieux ainsi, dit Mr. Fogg.",Cela,vaut,mieux,valoir,[],[],[],,,,,en ce moment,1872-10-02-20,1872-10-02,1.0,en ce moment,1872-10-02-20,1872-10-02,1.0,precedent,[],False,False,False
1055,4,174,359,360,"- Cela vaut mieux ainsi, dit Mr. Fogg.",Mr. Fogg,dit,,dire,['0'],[],[],,,,,en ce moment,1872-10-02-20,1872-10-02,1.0,en ce moment,1872-10-02-20,1872-10-02,1.0,precedent,[],True,False,False
1056,4,175,360,361,-Vous n' oubliez pas que vous devez être revenu?,-Vous,oubliez,,oublier,['0'],[],[],,,,,en ce moment,1872-10-02-20,1872-10-02,1.0,en ce moment,1872-10-02-20,1872-10-02,1.0,precedent,[],True,False,False
1057,4,175,360,361,-Vous n' oubliez pas que vous devez être revenu?,vous,devez,,devoir,['0'],[],[],,,,,en ce moment,1872-10-02-20,1872-10-02,1.0,en ce moment,1872-10-02-20,1872-10-02,1.0,precedent,[],True,False,False
1058,4,175,360,361,-Vous n' oubliez pas que vous devez être revenu?,vous,revenu,,revenir,['0'],[],[],,,,,en ce moment,1872-10-02-20,1872-10-02,1.0,en ce moment,1872-10-02-20,1872-10-02,1.0,precedent,[],True,False,False
1059,4,175,361,362,… fit observer Andrew Stuart.,,observer,Andrew Stuart,observer,['2'],[],[],,,,,en ce moment,1872-10-02-20,1872-10-02,1.0,en ce moment,1872-10-02-20,1872-10-02,1.0,precedent,[],True,False,False
1060,4,176,362,363,"- Dans quatre-vingts jours, répondit Mr. Fogg, le samedi 21 décembre 1872, à huit heures quarante - cinq minutes du soir.",Mr. Fogg,répondit,Dans quatre-vingts jours,répondre,['0'],[],[],dans quatre-vingts jours,1872-12-21-20,1872-12-21,81.0,dans quatre-vingts jours,1872-12-21-20,1872-12-21,81.0,dans quatre-vingts jours,1872-12-21-20,1872-12-21,81.0,phrase,[],True,False,False
1061,4,176,362,363,"- Dans quatre-vingts jours, répondit Mr. Fogg, le samedi 21 décembre 1872, à huit heures quarante - cinq minutes du soir.",Mr. Fogg,répondit,le samedi 21 décembre 1872,répondre,['0'],[],[],le samedi 21 décembre 1872,1872-12-21-20,1872-12-21,81.0,dans quatre-vingts jours,1872-12-21-20,1872-12-21,81.0,le samedi 21 décembre 1872,1872-12-21-20,1872-12-21,81.0,phrase,[],True,False,False
1062,4,176,362,363,"- Dans quatre-vingts jours, répondit Mr. Fogg, le samedi 21 décembre 1872, à huit heures quarante - cinq minutes du soir.",Mr. Fogg,répondit,à huit heures quarante-cinq minutes du soir,répondre,['0'],[],[],à huit heures quarante - cinq minutes du soir,1872-12-21-20,1872-12-21,81.0,dans quatre-vingts jours,1872-12-21-20,1872-12-21,81.0,à huit heures quarante - cinq minutes du soir,1872-12-21-20,1872-12-21,81.0,phrase,[],True,False,False
1063,4,177,364,365,"À huit heures quarante, Phileas Fogg et son domestique prirent place dans le même compartiment.",Phileas Fogg et son domestique,prirent,À huit heures quarante,prendre,"['0', '11', '1']",[],[],à huit heures quarante,1872-10-02-20,1872-10-02,1.0,à huit heures quarante,1872-10-02-20,1872-10-02,1.0,à huit heures quarante,1872-10-02-20,1872-10-02,1.0,phrase,[],True,False,False
1064,4,177,364,365,"À huit heures quarante, Phileas Fogg et son domestique prirent place dans le même compartiment.",Phileas Fogg et son domestique,prirent,place,prendre,"['0', '11', '1']",[],[],à huit heures quarante,1872-10-02-20,1872-10-02,1.0,à huit heures quarante,1872-10-02-20,1872-10-02,1.0,à huit heures quarante,1872-10-02-20,1872-10-02,1.0,phrase,[],True,False,False
1065,4,177,364,365,"À huit heures quarante, Phileas Fogg et son domestique prirent place dans le même compartiment.",Phileas Fogg et son domestique,prirent,dans le même compartiment,prendre,"['0', '11', '1']",[],[],à huit heures quarante,1872-10-02-20,1872-10-02,1.0,à huit heures quarante,1872-10-02-20,1872-10-02,1.0,à huit heures quarante,1872-10-02-20,1872-10-02,1.0,phrase,[],True,False,False
1066,4,177,365,366,"À huit heures quarante - cinq, un coup de sifflet retentit, et le train se mit en marche.",un coup de sifflet,retentit,À huit heures quarante-cinq,retentir,[],[],[],à huit heures quarante - cinq,1872-10-02-20,1872-10-02,1.0,à huit heures quarante - cinq,1872-10-02-20,1872-10-02,1.0,à huit heures quarante - cinq,1872-10-02-20,1872-10-02,1.0,phrase,[],False,False,False
1067,4,177,365,366,"À huit heures quarante - cinq, un coup de sifflet retentit, et le train se mit en marche.",le train,mit,en marche,mettre,[],[],[],à huit heures quarante - cinq,1872-10-02-20,1872-10-02,1.0,à huit heures quarante - cinq,1872-10-02-20,1872-10-02,1.0,à huit heures quarante - cinq,1872-10-02-20,1872-10-02,1.0,phrase,[],False,False,False
1068,4,178,367,368,Il tombait une pluie fine.,Il,tombait,une pluie fine,tomber,[],[],[],,,,,à huit heures quarante - cinq,1872-10-02-20,1872-10-02,1.0,à huit heures quarante - cinq,1872-10-02-20,1872-10-02,1.0,precedent,[],False,False,False
1069,4,178,368,369,"Phileas Fogg, accoté dans son coin, ne parlait pas.",Phileas Fogg,accoté,dans son coin,accoter,['0'],[],[],,,,,à huit heures quarante - cinq,1872-10-02-20,1872-10-02,1.0,à huit heures quarante - cinq,1872-10-02-20,1872-10-02,1.0,precedent,[],True,False,False
1070,4,178,368,369,"Phileas Fogg, accoté dans son coin, ne parlait pas.",Phileas Fogg,parlait,,parler,['0'],[],[],,,,,à huit heures quarante - cinq,1872-10-02-20,1872-10-02,1.0,à huit heures quarante - cinq,1872-10-02-20,1872-10-02,1.0,precedent,[],True,False,False
1071,4,178,369,370,"Passepartout, encore abasourdi, pressait machinalement contre lui le sac aux bank - notes.",Passepartout,abasourdi,,abasourdir,['1'],[],[],,,,,à huit heures quarante - cinq,1872-10-02-20,1872-10-02,1.0,à huit heures quarante - cinq,1872-10-02-20,1872-10-02,1.0,precedent,[],True,False,False
1072,4,178,369,370,"Passepartout, encore abasourdi, pressait machinalement contre lui le sac aux bank - notes.",Passepartout,pressait,contre lui,presser,"['1', '0']",[],[],,,,,à huit heures quarante - cinq,1872-10-02-20,1872-10-02,1.0,à huit heures quarante - cinq,1872-10-02-20,1872-10-02,1.0,precedent,[],True,False,False
1073,4,178,369,370,"Passepartout, encore abasourdi, pressait machinalement contre lui le sac aux bank - notes.",Passepartout,pressait,le sac aux bank-notes,presser,['1'],[],[],,,,,à huit heures quarante - cinq,1872-10-02-20,1872-10-02,1.0,à huit heures quarante - cinq,1872-10-02-20,1872-10-02,1.0,precedent,[],True,False,False
1074,4,178,369,370,"Passepartout, encore abasourdi, pressait machinalement contre lui le sac aux bank - notes.",Passepartout,pressait,bank-notes,presser,['1'],[],[],,,,,à huit heures quarante - cinq,1872-10-02-20,1872-10-02,1.0,à huit heures quarante - cinq,1872-10-02-20,1872-10-02,1.0,precedent,[],True,False,False
1075,4,179,370,371,"Mais le train n' avait pas dépassé Sydenham, que Passepartout poussait un véritable cri de désespoir!",le train,dépassé,Sydenham,dépasser,[],[],[],,,,,à huit heures quarante - cinq,1872-10-02-20,1872-10-02,1.0,à huit heures quarante - cinq,1872-10-02-20,1872-10-02,1.0,precedent,[],False,False,False
1076,4,179,370,371,"Mais le train n' avait pas dépassé Sydenham, que Passepartout poussait un véritable cri de désespoir!",Passepartout,poussait,un véritable cri de désespoir,pousser,['1'],[],[],,,,,à huit heures quarante - cinq,1872-10-02-20,1872-10-02,1.0,à huit heures quarante - cinq,1872-10-02-20,1872-10-02,1.0,precedent,[],True,False,False
1077,4,180,371,372,«Qu' avez -vous? demanda Mr. Fogg.,-vous,avez,,avoir,['1'],[],[],,,,,à huit heures quarante - cinq,1872-10-02-20,1872-10-02,1.0,à huit heures quarante - cinq,1872-10-02-20,1872-10-02,1.0,precedent,[],True,False,False
1078,4,180,371,372,«Qu' avez -vous? demanda Mr. Fogg.,Mr. Fogg,demanda,,demander,['0'],[],[],,,,,à huit heures quarante - cinq,1872-10-02-20,1872-10-02,1.0,à huit heures quarante - cinq,1872-10-02-20,1872-10-02,1.0,precedent,[],True,False,False
1079,4,181,372,373,- Il y a… que… dans ma précipitation… mon trouble… j' ai oublié…,,a,y,avoir,[],[],[],,,,,à huit heures quarante - cinq,1872-10-02-20,1872-10-02,1.0,à huit heures quarante - cinq,1872-10-02-20,1872-10-02,1.0,precedent,[],False,False,False
1080,4,181,372,373,- Il y a… que… dans ma précipitation… mon trouble… j' ai oublié…,j',oublié,dans ma précipitation mon trouble,oublier,['1'],[],[],,,,,à huit heures quarante - cinq,1872-10-02-20,1872-10-02,1.0,à huit heures quarante - cinq,1872-10-02-20,1872-10-02,1.0,precedent,[],True,False,False
1081,4,183,374,375,- D' éteindre le bec de gaz de ma chambre!,,éteindre,le bec de gaz de ma chambre,éteindre,['1'],['15'],['FAC'],,,,,à huit heures quarante - cinq,1872-10-02-20,1872-10-02,1.0,à huit heures quarante - cinq,1872-10-02-20,1872-10-02,1.0,precedent,['chambre_passepartout'],True,True,True
1082,4,184,375,376,"- Eh bien, mon garçon, répondit froidement Mr. Fogg, il brûle à votre compte!»",Mr. Fogg,répondit,mon garçon,répondre,"['0', '1']",[],[],,,,,à huit heures quarante - cinq,1872-10-02-20,1872-10-02,1.0,à huit heures quarante - cinq,1872-10-02-20,1872-10-02,1.0,precedent,[],True,False,False
1083,4,184,375,376,"- Eh bien, mon garçon, répondit froidement Mr. Fogg, il brûle à votre compte!»",il,brûle,à votre compte,brûler,['1'],[],[],,,,,à huit heures quarante - cinq,1872-10-02-20,1872-10-02,1.0,à huit heures quarante - cinq,1872-10-02-20,1872-10-02,1.0,precedent,[],True,False,False
1084,5,185,376,377,"Phileas Fogg, en quittant Londres, ne se doutait guère, sans doute, du grand retentissement qu' allait provoquer son départ.",Phileas Fogg,quittant,Londres,quitter,['0'],[],[],,,,,à huit heures quarante - cinq,1872-10-02-20,1872-10-02,1.0,à huit heures quarante - cinq,1872-10-02-20,1872-10-02,1.0,precedent,[],True,False,False
1085,5,185,376,377,"Phileas Fogg, en quittant Londres, ne se doutait guère, sans doute, du grand retentissement qu' allait provoquer son départ.",Phileas Fogg,doutait,se,douter,['0'],[],[],,,,,à huit heures quarante - cinq,1872-10-02-20,1872-10-02,1.0,à huit heures quarante - cinq,1872-10-02-20,1872-10-02,1.0,precedent,[],True,False,False
1086,5,185,376,377,"Phileas Fogg, en quittant Londres, ne se doutait guère, sans doute, du grand retentissement qu' allait provoquer son départ.",Phileas Fogg,doutait,sans doute,douter,['0'],[],[],,,,,à huit heures quarante - cinq,1872-10-02-20,1872-10-02,1.0,à huit heures quarante - cinq,1872-10-02-20,1872-10-02,1.0,precedent,[],True,False,False
1087,5,185,376,377,"Phileas Fogg, en quittant Londres, ne se doutait guère, sans doute, du grand retentissement qu' allait provoquer son départ.",Phileas Fogg,doutait,du grand retentissement,douter,['0'],[],[],,,,,à huit heures quarante - cinq,1872-10-02-20,1872-10-02,1.0,à huit heures quarante - cinq,1872-10-02-20,1872-10-02,1.0,precedent,[],True,False,False
1088,5,185,376,377,"Phileas Fogg, en quittant Londres, ne se doutait guère, sans doute, du grand retentissement qu' allait provoquer son départ.",son départ,allait,qu',aller,['0'],[],[],,,,,à huit heures quarante - cinq,1872-10-02-20,1872-10-02,1.0,à huit heures quarante - cinq,1872-10-02-20,1872-10-02,1.0,precedent,[],True,False,False
1089,5,185,376,377,"Phileas Fogg, en quittant Londres, ne se doutait guère, sans doute, du grand retentissement qu' allait provoquer son départ.",son départ,provoquer,,provoquer,['0'],[],[],,,,,à huit heures quarante - cinq,1872-10-02-20,1872-10-02,1.0,à huit heures quarante - cinq,1872-10-02-20,1872-10-02,1.0,precedent,[],True,False,False
1090,5,185,377,378,"La nouvelle du pari se répandit d' abord dans le Reform - Club, et produisit une véritable émotion parmi les membres de l' honorable cercle.",La nouvelle du pari,répandit,se,répandre,[],[],[],,,,,à huit heures quarante - cinq,1872-10-02-20,1872-10-02,1.0,à huit heures quarante - cinq,1872-10-02-20,1872-10-02,1.0,precedent,[],False,False,False
1091,5,185,377,378,"La nouvelle du pari se répandit d' abord dans le Reform - Club, et produisit une véritable émotion parmi les membres de l' honorable cercle.",La nouvelle du pari,répandit,dans le Reform-Club,répandre,[],['3'],['FAC'],,,,,à huit heures quarante - cinq,1872-10-02-20,1872-10-02,1.0,à huit heures quarante - cinq,1872-10-02-20,1872-10-02,1.0,precedent,['reform_club'],False,True,False
1092,5,185,377,378,"La nouvelle du pari se répandit d' abord dans le Reform - Club, et produisit une véritable émotion parmi les membres de l' honorable cercle.",La nouvelle du pari,répandit,Reform-Club,répandre,[],['3'],['FAC'],,,,,à huit heures quarante - cinq,1872-10-02-20,1872-10-02,1.0,à huit heures quarante - cinq,1872-10-02-20,1872-10-02,1.0,precedent,['reform_club'],False,True,False
1093,5,185,377,378,"La nouvelle du pari se répandit d' abord dans le Reform - Club, et produisit une véritable émotion parmi les membres de l' honorable cercle.",La nouvelle du pari,répandit,Reform-Club,répandre,[],['3'],['FAC'],,,,,à huit heures quarante - cinq,1872-10-02-20,1872-10-02,1.0,à huit heures quarante - cinq,1872-10-02-20,1872-10-02,1.0,precedent,['reform_club'],False,True,False
1094,5,185,377,378,"La nouvelle du pari se répandit d' abord dans le Reform - Club, et produisit une véritable émotion parmi les membres de l' honorable cercle.",La nouvelle du pari,produisit,une véritable émotion,produire,[],[],[],,,,,à huit heures quarante - cinq,1872-10-02-20,1872-10-02,1.0,à huit heures quarante - cinq,1872-10-02-20,1872-10-02,1.0,precedent,[],False,False,False
1095,5,185,377,378,"La nouvelle du pari se répandit d' abord dans le Reform - Club, et produisit une véritable émotion parmi les membres de l' honorable cercle.",La nouvelle du pari,produisit,parmi les membres de l'honorable cercle,produire,[],['3'],['FAC'],,,,,à huit heures quarante - cinq,1872-10-02-20,1872-10-02,1.0,à huit heures quarante - cinq,1872-10-02-20,1872-10-02,1.0,precedent,['reform_club'],False,True,False
1096,5,185,378,379,"Puis, du club, cette émotion passa aux journaux par la voie des reporters, et des journaux au public de Londres et de tout le Royaume - Uni.",cette émotion,passa,du club,passer,[],['3'],['FAC'],,,,,à huit heures quarante - cinq,1872-10-02-20,1872-10-02,1.0,à huit heures quarante - cinq,1872-10-02-20,1872-10-02,1.0,precedent,['reform_club'],False,True,False
1097,5,185,378,379,"Puis, du club, cette émotion passa aux journaux par la voie des reporters, et des journaux au public de Londres et de tout le Royaume - Uni.",cette émotion,passa,aux journaux,passer,[],[],[],,,,,à huit heures quarante - cinq,1872-10-02-20,1872-10-02,1.0,à huit heures quarante - cinq,1872-10-02-20,1872-10-02,1.0,precedent,[],False,False,False
1098,5,185,378,379,"Puis, du club, cette émotion passa aux journaux par la voie des reporters, et des journaux au public de Londres et de tout le Royaume - Uni.",cette émotion,passa,par la voie des reporters et des journaux,passer,[],[],[],,,,,à huit heures quarante - cinq,1872-10-02-20,1872-10-02,1.0,à huit heures quarante - cinq,1872-10-02-20,1872-10-02,1.0,precedent,[],False,False,False
1099,5,185,378,379,"Puis, du club, cette émotion passa aux journaux par la voie des reporters, et des journaux au public de Londres et de tout le Royaume - Uni.",cette émotion,passa,au public de Londres et de tout le Royaume-Uni,passer,[],[],[],,,,,à huit heures quarante - cinq,1872-10-02-20,1872-10-02,1.0,à huit heures quarante - cinq,1872-10-02-20,1872-10-02,1.0,precedent,[],False,False,False
1100,5,186,379,380,"Cette« question du tour du monde» fut commentée, discutée, disséquée, avec autant de passion et d' ardeur que s' il se fût agi d' une nouvelle affaire de l' Alabama.",Cette question du tour du monde,commentée,avec autant de passion et d'ardeur,commenter,[],[],[],,,,,à huit heures quarante - cinq,1872-10-02-20,1872-10-02,1.0,à huit heures quarante - cinq,1872-10-02-20,1872-10-02,1.0,precedent,[],False,False,False
1101,5,186,379,380,"Cette« question du tour du monde» fut commentée, discutée, disséquée, avec autant de passion et d' ardeur que s' il se fût agi d' une nouvelle affaire de l' Alabama.",Cette question du tour du monde,discutée,,discuter,[],[],[],,,,,à huit heures quarante - cinq,1872-10-02-20,1872-10-02,1.0,à huit heures quarante - cinq,1872-10-02-20,1872-10-02,1.0,precedent,[],False,False,False
1102,5,186,379,380,"Cette« question du tour du monde» fut commentée, discutée, disséquée, avec autant de passion et d' ardeur que s' il se fût agi d' une nouvelle affaire de l' Alabama.",Cette question du tour du monde,disséquée,,disséquer,[],[],[],,,,,à huit heures quarante - cinq,1872-10-02-20,1872-10-02,1.0,à huit heures quarante - cinq,1872-10-02-20,1872-10-02,1.0,precedent,[],False,False,False
1103,5,186,379,380,"Cette« question du tour du monde» fut commentée, discutée, disséquée, avec autant de passion et d' ardeur que s' il se fût agi d' une nouvelle affaire de l' Alabama.",Cette question du tour du monde,agi,se,agir,[],[],[],,,,,à huit heures quarante - cinq,1872-10-02-20,1872-10-02,1.0,à huit heures quarante - cinq,1872-10-02-20,1872-10-02,1.0,precedent,[],False,False,False
1104,5,186,379,380,"Cette« question du tour du monde» fut commentée, discutée, disséquée, avec autant de passion et d' ardeur que s' il se fût agi d' une nouvelle affaire de l' Alabama.",Cette question du tour du monde,agi,d'une nouvelle affaire de l'Alabama,agir,[],[],[],,,,,à huit heures quarante - cinq,1872-10-02-20,1872-10-02,1.0,à huit heures quarante - cinq,1872-10-02-20,1872-10-02,1.0,precedent,[],False,False,False
1105,5,186,380,381,"Les uns prirent parti pour Phileas Fogg, les autres- et ils formèrent bientôt une majorité considérable- se prononcèrent contre lui.",Les uns,prirent,parti,prendre,[],[],[],,,,,à huit heures quarante - cinq,1872-10-02-20,1872-10-02,1.0,à huit heures quarante - cinq,1872-10-02-20,1872-10-02,1.0,precedent,[],False,False,False
1106,5,186,380,381,"Les uns prirent parti pour Phileas Fogg, les autres- et ils formèrent bientôt une majorité considérable- se prononcèrent contre lui.",Les uns,prirent,pour Phileas Fogg,prendre,['0'],[],[],,,,,à huit heures quarante - cinq,1872-10-02-20,1872-10-02,1.0,à huit heures quarante - cinq,1872-10-02-20,1872-10-02,1.0,precedent,[],True,False,False
1107,5,186,380,381,"Les uns prirent parti pour Phileas Fogg, les autres- et ils formèrent bientôt une majorité considérable- se prononcèrent contre lui.",les autres,formèrent,une majorité considérable,former,[],[],[],,,,,à huit heures quarante - cinq,1872-10-02-20,1872-10-02,1.0,à huit heures quarante - cinq,1872-10-02-20,1872-10-02,1.0,precedent,[],False,False,False
1108,5,186,380,381,"Les uns prirent parti pour Phileas Fogg, les autres- et ils formèrent bientôt une majorité considérable- se prononcèrent contre lui.",Les uns,prononcèrent,considérable-se,prononcer,[],[],[],,,,,à huit heures quarante - cinq,1872-10-02-20,1872-10-02,1.0,à huit heures quarante - cinq,1872-10-02-20,1872-10-02,1.0,precedent,[],False,False,False
1109,5,186,380,381,"Les uns prirent parti pour Phileas Fogg, les autres- et ils formèrent bientôt une majorité considérable- se prononcèrent contre lui.",Les uns,prononcèrent,contre lui,prononcer,['0'],[],[],,,,,à huit heures quarante - cinq,1872-10-02-20,1872-10-02,1.0,à huit heures quarante - cinq,1872-10-02-20,1872-10-02,1.0,precedent,[],True,False,False
1110,5,186,381,382,"Ce tour du monde à accomplir, autrement qu' en théorie et sur le papier, dans ce minimum de temps, avec les moyens de communication actuellement en usage, ce n' était pas seulement impossible, c' était insensé!",,accomplir,dans ce minimum de temps,accomplir,[],[],[],,,,,à huit heures quarante - cinq,1872-10-02-20,1872-10-02,1.0,à huit heures quarante - cinq,1872-10-02-20,1872-10-02,1.0,precedent,[],False,False,False
1111,5,186,381,382,"Ce tour du monde à accomplir, autrement qu' en théorie et sur le papier, dans ce minimum de temps, avec les moyens de communication actuellement en usage, ce n' était pas seulement impossible, c' était insensé!",,accomplir,avec les moyens de communication actuellement en usage,accomplir,[],[],[],,,,,à huit heures quarante - cinq,1872-10-02-20,1872-10-02,1.0,à huit heures quarante - cinq,1872-10-02-20,1872-10-02,1.0,precedent,[],False,False,False
1112,5,187,382,383,"Le Times, le Standard, l' Evening Star, le Morning Chronicle, et vingt autres journaux de grande publicité, se déclarèrent contre Mr. Fogg.",Le Times le Standard l'Evening Star le Morning Chronicle et vingt autres journaux de grande publicité,déclarèrent,se,déclarer,[],[],[],,,,,à huit heures quarante - cinq,1872-10-02-20,1872-10-02,1.0,à huit heures quarante - cinq,1872-10-02-20,1872-10-02,1.0,precedent,[],False,False,False
1113,5,187,382,383,"Le Times, le Standard, l' Evening Star, le Morning Chronicle, et vingt autres journaux de grande publicité, se déclarèrent contre Mr. Fogg.",Le Times le Standard l'Evening Star le Morning Chronicle et vingt autres journaux de grande publicité,déclarèrent,contre Mr. Fogg,déclarer,['0'],[],[],,,,,à huit heures quarante - cinq,1872-10-02-20,1872-10-02,1.0,à huit heures quarante - cinq,1872-10-02-20,1872-10-02,1.0,precedent,[],True,False,False
1114,5,187,383,384,"Seul, le Daily Telegraph le soutint dans une certaine mesure.",le Daily Telegraph,soutint,le,soutenir,['0'],[],[],,,,,à huit heures quarante - cinq,1872-10-02-20,1872-10-02,1.0,à huit heures quarante - cinq,1872-10-02-20,1872-10-02,1.0,precedent,[],True,False,False
1115,5,187,383,384,"Seul, le Daily Telegraph le soutint dans une certaine mesure.",le Daily Telegraph,soutint,dans une certaine mesure,soutenir,[],[],[],,,,,à huit heures quarante - cinq,1872-10-02-20,1872-10-02,1.0,à huit heures quarante - cinq,1872-10-02-20,1872-10-02,1.0,precedent,[],False,False,False
1116,5,187,384,385,"Phileas Fogg fut généralement traité de maniaque, de fou, et ses collègues du Reform - Club furent blâmés d' avoir tenu ce pari, qui accusait un affaiblissement dans les facultés mentales de son auteur.",Phileas Fogg,traité,,traiter,['0'],[],[],,,,,à huit heures quarante - cinq,1872-10-02-20,1872-10-02,1.0,à huit heures quarante - cinq,1872-10-02-20,1872-10-02,1.0,precedent,[],True,False,False
1117,5,187,384,385,"Phileas Fogg fut généralement traité de maniaque, de fou, et ses collègues du Reform - Club furent blâmés d' avoir tenu ce pari, qui accusait un affaiblissement dans les facultés mentales de son auteur.",ses collègues du Reform-Club,blâmés,,blâmer,"['0', '4']",['3'],['FAC'],,,,,à huit heures quarante - cinq,1872-10-02-20,1872-10-02,1.0,à huit heures quarante - cinq,1872-10-02-20,1872-10-02,1.0,precedent,['reform_club'],True,True,True
1118,5,187,384,385,"Phileas Fogg fut généralement traité de maniaque, de fou, et ses collègues du Reform - Club furent blâmés d' avoir tenu ce pari, qui accusait un affaiblissement dans les facultés mentales de son auteur.",ses collègues du Reform-Club,tenu,ce pari,tenir,"['0', '4']",['3'],['FAC'],,,,,à huit heures quarante - cinq,1872-10-02-20,1872-10-02,1.0,à huit heures quarante - cinq,1872-10-02-20,1872-10-02,1.0,precedent,['reform_club'],True,True,True
1119,5,187,384,385,"Phileas Fogg fut généralement traité de maniaque, de fou, et ses collègues du Reform - Club furent blâmés d' avoir tenu ce pari, qui accusait un affaiblissement dans les facultés mentales de son auteur.",qui,accusait,un affaiblissement dans les facultés mentales de son auteur,accuser,['0'],[],[],,,,,à huit heures quarante - cinq,1872-10-02-20,1872-10-02,1.0,à huit heures quarante - cinq,1872-10-02-20,1872-10-02,1.0,precedent,[],True,False,False
1120,5,188,385,386,"Des articles extrêmement passionnés, mais logiques, parurent sur la question.",Des articles extrêmement passionnés mais logiques,parurent,sur la question,paraître,[],[],[],,,,,à huit heures quarante - cinq,1872-10-02-20,1872-10-02,1.0,à huit heures quarante - cinq,1872-10-02-20,1872-10-02,1.0,precedent,[],False,False,False
1121,5,188,386,387,On sait l' intérêt que l' on porte en Angleterre à tout ce qui touche à la géographie.,On,sait,l'intérêt à tout ce,savoir,[],[],[],,,,,à huit heures quarante - cinq,1872-10-02-20,1872-10-02,1.0,à huit heures quarante - cinq,1872-10-02-20,1872-10-02,1.0,precedent,[],False,False,False
1122,5,188,386,387,On sait l' intérêt que l' on porte en Angleterre à tout ce qui touche à la géographie.,l',porte,que,porte,[],[],[],,,,,à huit heures quarante - cinq,1872-10-02-20,1872-10-02,1.0,à huit heures quarante - cinq,1872-10-02-20,1872-10-02,1.0,precedent,[],False,False,False
1123,5,188,386,387,On sait l' intérêt que l' on porte en Angleterre à tout ce qui touche à la géographie.,l',porte,en Angleterre,porte,[],[],[],,,,,à huit heures quarante - cinq,1872-10-02-20,1872-10-02,1.0,à huit heures quarante - cinq,1872-10-02-20,1872-10-02,1.0,precedent,[],False,False,False
1124,5,188,386,387,On sait l' intérêt que l' on porte en Angleterre à tout ce qui touche à la géographie.,qui,touche,à la géographie,toucher,[],[],[],,,,,à huit heures quarante - cinq,1872-10-02-20,1872-10-02,1.0,à huit heures quarante - cinq,1872-10-02-20,1872-10-02,1.0,precedent,[],False,False,False
1125,5,188,387,388,"Aussi n' était -il pas un lecteur, à quelque classe qu' il appartînt, qui ne dévorât les colonnes consacrées au cas de Phileas Fogg.",à quelque classe,appartînt,,appartenir,[],[],[],,,,,à huit heures quarante - cinq,1872-10-02-20,1872-10-02,1.0,à huit heures quarante - cinq,1872-10-02-20,1872-10-02,1.0,precedent,[],False,False,False
1126,5,188,387,388,"Aussi n' était -il pas un lecteur, à quelque classe qu' il appartînt, qui ne dévorât les colonnes consacrées au cas de Phileas Fogg.",qui,dévorât,les colonnes,dévorer,[],[],[],,,,,à huit heures quarante - cinq,1872-10-02-20,1872-10-02,1.0,à huit heures quarante - cinq,1872-10-02-20,1872-10-02,1.0,precedent,[],False,False,False
1127,5,188,387,388,"Aussi n' était -il pas un lecteur, à quelque classe qu' il appartînt, qui ne dévorât les colonnes consacrées au cas de Phileas Fogg.",,consacrées,au cas de Phileas Fogg,consacrer,['0'],[],[],,,,,à huit heures quarante - cinq,1872-10-02-20,1872-10-02,1.0,à huit heures quarante - cinq,1872-10-02-20,1872-10-02,1.0,precedent,[],True,False,False
1128,5,189,388,389,"Pendant les premiers jours, quelques esprits audacieux- les femmes principalement- furent pour lui, surtout quand l' Illustrated London News eut publié son portrait d' après sa photographie déposée aux archives du Reform - Club.",,publié,son portrait,publier,['0'],[],[],pendant les premiers jours,1872-10-05-00,1872-10-05,4.0,pendant les premiers jours,1872-10-05-00,1872-10-05,4.0,pendant les premiers jours,1872-10-05-00,1872-10-05,4.0,phrase,[],True,False,False
1129,5,189,388,389,"Pendant les premiers jours, quelques esprits audacieux- les femmes principalement- furent pour lui, surtout quand l' Illustrated London News eut publié son portrait d' après sa photographie déposée aux archives du Reform - Club.",,publié,d'après sa photographie,publier,['0'],[],[],pendant les premiers jours,1872-10-05-00,1872-10-05,4.0,pendant les premiers jours,1872-10-05-00,1872-10-05,4.0,pendant les premiers jours,1872-10-05-00,1872-10-05,4.0,phrase,[],True,False,False
1130,5,189,388,389,"Pendant les premiers jours, quelques esprits audacieux- les femmes principalement- furent pour lui, surtout quand l' Illustrated London News eut publié son portrait d' après sa photographie déposée aux archives du Reform - Club.",,déposée,aux archives du Reform-Club,déposer,[],['3'],['FAC'],pendant les premiers jours,1872-10-05-00,1872-10-05,4.0,pendant les premiers jours,1872-10-05-00,1872-10-05,4.0,pendant les premiers jours,1872-10-05-00,1872-10-05,4.0,phrase,['reform_club'],False,True,False
1131,5,189,389,390,"Certains gentlemen osaient dire:« Hé! hé! pourquoi pas, après tout?",Certains gentlemen,osaient,Hé,oser,[],[],[],,,,,pendant les premiers jours,1872-10-05-00,1872-10-05,4.0,pendant les premiers jours,1872-10-05-00,1872-10-05,4.0,precedent,[],False,False,False
1132,5,189,389,390,"Certains gentlemen osaient dire:« Hé! hé! pourquoi pas, après tout?",Certains gentlemen,osaient,après tout,oser,[],[],[],,,,,pendant les premiers jours,1872-10-05-00,1872-10-05,4.0,pendant les premiers jours,1872-10-05-00,1872-10-05,4.0,precedent,[],False,False,False
1133,5,189,389,390,"Certains gentlemen osaient dire:« Hé! hé! pourquoi pas, après tout?",Certains gentlemen,dire,,dire,[],[],[],,,,,pendant les premiers jours,1872-10-05-00,1872-10-05,4.0,pendant les premiers jours,1872-10-05-00,1872-10-05,4.0,precedent,[],False,False,False
1134,5,189,390,391,On a vu des choses plus extraordinaires!» C' étaient surtout les lecteurs du Daily Telegraph.,On,vu,des choses plus extraordinaires,voir,[],[],[],,,,,pendant les premiers jours,1872-10-05-00,1872-10-05,4.0,pendant les premiers jours,1872-10-05-00,1872-10-05,4.0,precedent,[],False,False,False
1135,5,189,391,392,Mais on sentit bientôt que ce journal lui-même commençait à faiblir.,on,sentit,,sentir,[],[],[],,,,,pendant les premiers jours,1872-10-05-00,1872-10-05,4.0,pendant les premiers jours,1872-10-05-00,1872-10-05,4.0,precedent,[],False,False,False
1136,5,189,391,392,Mais on sentit bientôt que ce journal lui-même commençait à faiblir.,ce journal lui-même,commençait,,commencer,[],[],[],,,,,pendant les premiers jours,1872-10-05-00,1872-10-05,4.0,pendant les premiers jours,1872-10-05-00,1872-10-05,4.0,precedent,[],False,False,False
1137,5,189,391,392,Mais on sentit bientôt que ce journal lui-même commençait à faiblir.,ce journal lui-même,faiblir,,faiblir,[],[],[],,,,,pendant les premiers jours,1872-10-05-00,1872-10-05,4.0,pendant les premiers jours,1872-10-05-00,1872-10-05,4.0,precedent,[],False,False,False
1138,5,190,392,393,"En effet, un long article parut le 7 octobre dans le Bulletin de la Société royale de géographie.",un long article,parut,En effet,paraître,[],[],[],le 7 octobre,1872-10-07-00,1872-10-07,6.0,pendant les premiers jours,1872-10-05-00,1872-10-05,4.0,le 7 octobre,1872-10-07-00,1872-10-07,6.0,phrase,[],False,False,False
1139,5,190,392,393,"En effet, un long article parut le 7 octobre dans le Bulletin de la Société royale de géographie.",un long article,parut,le 7 octobre,paraître,[],[],[],le 7 octobre,1872-10-07-00,1872-10-07,6.0,pendant les premiers jours,1872-10-05-00,1872-10-05,4.0,le 7 octobre,1872-10-07-00,1872-10-07,6.0,phrase,[],False,False,False
1140,5,190,392,393,"En effet, un long article parut le 7 octobre dans le Bulletin de la Société royale de géographie.",un long article,parut,dans le Bulletin de la Société royale de géographie,paraître,[],[],[],le 7 octobre,1872-10-07-00,1872-10-07,6.0,pendant les premiers jours,1872-10-05-00,1872-10-05,4.0,le 7 octobre,1872-10-07-00,1872-10-07,6.0,phrase,[],False,False,False
1141,5,190,393,394,"Il traita la question à tous les points de vue, et démontra clairement la folie de l' entreprise.",Il,traita,la question,traiter,[],[],[],,,,,le 7 octobre,1872-10-07-00,1872-10-07,6.0,le 7 octobre,1872-10-07-00,1872-10-07,6.0,precedent,[],False,False,False
1142,5,190,393,394,"Il traita la question à tous les points de vue, et démontra clairement la folie de l' entreprise.",Il,traita,à tous les points de vue,traiter,[],[],[],,,,,le 7 octobre,1872-10-07-00,1872-10-07,6.0,le 7 octobre,1872-10-07-00,1872-10-07,6.0,precedent,[],False,False,False
1143,5,190,393,394,"Il traita la question à tous les points de vue, et démontra clairement la folie de l' entreprise.",Il,démontra,la folie de l'entreprise,démontrer,[],[],[],,,,,le 7 octobre,1872-10-07-00,1872-10-07,6.0,le 7 octobre,1872-10-07-00,1872-10-07,6.0,precedent,[],False,False,False
1144,5,190,395,396,"Pour réussir dans ce projet, il fallait admettre une concordance miraculeuse des heures de départ et d' arrivée, concordance qui n' existait pas, qui ne pouvait pas exister.",,réussir,dans ce projet,réussir,[],[],[],,,,,le 7 octobre,1872-10-07-00,1872-10-07,6.0,le 7 octobre,1872-10-07-00,1872-10-07,6.0,precedent,[],False,False,False
1145,5,190,395,396,"Pour réussir dans ce projet, il fallait admettre une concordance miraculeuse des heures de départ et d' arrivée, concordance qui n' existait pas, qui ne pouvait pas exister.",,fallait,,falloir,[],[],[],,,,,le 7 octobre,1872-10-07-00,1872-10-07,6.0,le 7 octobre,1872-10-07-00,1872-10-07,6.0,precedent,[],False,False,False
1146,5,190,395,396,"Pour réussir dans ce projet, il fallait admettre une concordance miraculeuse des heures de départ et d' arrivée, concordance qui n' existait pas, qui ne pouvait pas exister.",,admettre,une concordance miraculeuse des heures de départ et d'arrivée concordance,admettre,[],[],[],,,,,le 7 octobre,1872-10-07-00,1872-10-07,6.0,le 7 octobre,1872-10-07-00,1872-10-07,6.0,precedent,[],False,False,False
1147,5,190,395,396,"Pour réussir dans ce projet, il fallait admettre une concordance miraculeuse des heures de départ et d' arrivée, concordance qui n' existait pas, qui ne pouvait pas exister.",qui,existait,,exister,[],[],[],,,,,le 7 octobre,1872-10-07-00,1872-10-07,6.0,le 7 octobre,1872-10-07-00,1872-10-07,6.0,precedent,[],False,False,False
1148,5,190,395,396,"Pour réussir dans ce projet, il fallait admettre une concordance miraculeuse des heures de départ et d' arrivée, concordance qui n' existait pas, qui ne pouvait pas exister.",qui,pouvait,,pouvoir,[],[],[],,,,,le 7 octobre,1872-10-07-00,1872-10-07,6.0,le 7 octobre,1872-10-07-00,1872-10-07,6.0,precedent,[],False,False,False
1149,5,190,395,396,"Pour réussir dans ce projet, il fallait admettre une concordance miraculeuse des heures de départ et d' arrivée, concordance qui n' existait pas, qui ne pouvait pas exister.",qui,exister,,exister,[],[],[],,,,,le 7 octobre,1872-10-07-00,1872-10-07,6.0,le 7 octobre,1872-10-07-00,1872-10-07,6.0,precedent,[],False,False,False
1150,5,190,396,397,"À la rigueur, et en Europe, où il s' agit de parcours d' une longueur relativement médiocre, on peut compter sur l' arrivée des trains à heure fixe; mais quand ils emploient trois jours à traverser l' Inde, sept jours à traverser les États-Unis, pouvait -on fonder sur leur exactitude les éléments d' un tel problème?",et en Europe,agit,où,agir,[],[],[],,,,,le 7 octobre,1872-10-07-00,1872-10-07,6.0,le 7 octobre,1872-10-07-00,1872-10-07,6.0,precedent,[],False,False,False
1151,5,190,396,397,"À la rigueur, et en Europe, où il s' agit de parcours d' une longueur relativement médiocre, on peut compter sur l' arrivée des trains à heure fixe; mais quand ils emploient trois jours à traverser l' Inde, sept jours à traverser les États-Unis, pouvait -on fonder sur leur exactitude les éléments d' un tel problème?",et en Europe,agit,s',agir,[],[],[],,,,,le 7 octobre,1872-10-07-00,1872-10-07,6.0,le 7 octobre,1872-10-07-00,1872-10-07,6.0,precedent,[],False,False,False
1152,5,190,396,397,"À la rigueur, et en Europe, où il s' agit de parcours d' une longueur relativement médiocre, on peut compter sur l' arrivée des trains à heure fixe; mais quand ils emploient trois jours à traverser l' Inde, sept jours à traverser les États-Unis, pouvait -on fonder sur leur exactitude les éléments d' un tel problème?",et en Europe,agit,de parcours d'une longueur relativement médiocre,agir,[],[],[],,,,,le 7 octobre,1872-10-07-00,1872-10-07,6.0,le 7 octobre,1872-10-07-00,1872-10-07,6.0,precedent,[],False,False,False
1153,5,190,396,397,"À la rigueur, et en Europe, où il s' agit de parcours d' une longueur relativement médiocre, on peut compter sur l' arrivée des trains à heure fixe; mais quand ils emploient trois jours à traverser l' Inde, sept jours à traverser les États-Unis, pouvait -on fonder sur leur exactitude les éléments d' un tel problème?",on,peut,À la rigueur et en Europe,pouvoir,[],[],[],,,,,le 7 octobre,1872-10-07-00,1872-10-07,6.0,le 7 octobre,1872-10-07-00,1872-10-07,6.0,precedent,[],False,False,False
1154,5,190,396,397,"À la rigueur, et en Europe, où il s' agit de parcours d' une longueur relativement médiocre, on peut compter sur l' arrivée des trains à heure fixe; mais quand ils emploient trois jours à traverser l' Inde, sept jours à traverser les États-Unis, pouvait -on fonder sur leur exactitude les éléments d' un tel problème?",on,compter,sur l'arrivée des trains à heure fixe,compter,[],[],[],,,,,le 7 octobre,1872-10-07-00,1872-10-07,6.0,le 7 octobre,1872-10-07-00,1872-10-07,6.0,precedent,[],False,False,False
1155,5,190,396,397,"À la rigueur, et en Europe, où il s' agit de parcours d' une longueur relativement médiocre, on peut compter sur l' arrivée des trains à heure fixe; mais quand ils emploient trois jours à traverser l' Inde, sept jours à traverser les États-Unis, pouvait -on fonder sur leur exactitude les éléments d' un tel problème?",ils,emploient,trois jours,employer,[],[],[],,,,,le 7 octobre,1872-10-07-00,1872-10-07,6.0,le 7 octobre,1872-10-07-00,1872-10-07,6.0,precedent,[],False,False,False
1156,5,190,396,397,"À la rigueur, et en Europe, où il s' agit de parcours d' une longueur relativement médiocre, on peut compter sur l' arrivée des trains à heure fixe; mais quand ils emploient trois jours à traverser l' Inde, sept jours à traverser les États-Unis, pouvait -on fonder sur leur exactitude les éléments d' un tel problème?",ils,emploient,sept jours,employer,[],[],[],,,,,le 7 octobre,1872-10-07-00,1872-10-07,6.0,le 7 octobre,1872-10-07-00,1872-10-07,6.0,precedent,[],False,False,False
1157,5,190,396,397,"À la rigueur, et en Europe, où il s' agit de parcours d' une longueur relativement médiocre, on peut compter sur l' arrivée des trains à heure fixe; mais quand ils emploient trois jours à traverser l' Inde, sept jours à traverser les États-Unis, pouvait -on fonder sur leur exactitude les éléments d' un tel problème?",ils,traverser,l'Inde,traverser,[],[],[],,,,,le 7 octobre,1872-10-07-00,1872-10-07,6.0,le 7 octobre,1872-10-07-00,1872-10-07,6.0,precedent,[],False,False,False
1158,5,190,396,397,"À la rigueur, et en Europe, où il s' agit de parcours d' une longueur relativement médiocre, on peut compter sur l' arrivée des trains à heure fixe; mais quand ils emploient trois jours à traverser l' Inde, sept jours à traverser les États-Unis, pouvait -on fonder sur leur exactitude les éléments d' un tel problème?",,traverser,les États-Unis,traverser,[],[],[],,,,,le 7 octobre,1872-10-07-00,1872-10-07,6.0,le 7 octobre,1872-10-07-00,1872-10-07,6.0,precedent,[],False,False,False
1159,5,190,396,397,"À la rigueur, et en Europe, où il s' agit de parcours d' une longueur relativement médiocre, on peut compter sur l' arrivée des trains à heure fixe; mais quand ils emploient trois jours à traverser l' Inde, sept jours à traverser les États-Unis, pouvait -on fonder sur leur exactitude les éléments d' un tel problème?",-on,pouvait,,pouvoir,[],[],[],,,,,le 7 octobre,1872-10-07-00,1872-10-07,6.0,le 7 octobre,1872-10-07-00,1872-10-07,6.0,precedent,[],False,False,False
1160,5,190,396,397,"À la rigueur, et en Europe, où il s' agit de parcours d' une longueur relativement médiocre, on peut compter sur l' arrivée des trains à heure fixe; mais quand ils emploient trois jours à traverser l' Inde, sept jours à traverser les États-Unis, pouvait -on fonder sur leur exactitude les éléments d' un tel problème?",-on,fonder,sur leur exactitude,fonder,[],[],[],,,,,le 7 octobre,1872-10-07-00,1872-10-07,6.0,le 7 octobre,1872-10-07-00,1872-10-07,6.0,precedent,[],False,False,False
1161,5,190,396,397,"À la rigueur, et en Europe, où il s' agit de parcours d' une longueur relativement médiocre, on peut compter sur l' arrivée des trains à heure fixe; mais quand ils emploient trois jours à traverser l' Inde, sept jours à traverser les États-Unis, pouvait -on fonder sur leur exactitude les éléments d' un tel problème?",-on,fonder,les éléments d'un tel problème,fonder,[],[],[],,,,,le 7 octobre,1872-10-07-00,1872-10-07,6.0,le 7 octobre,1872-10-07-00,1872-10-07,6.0,precedent,[],False,False,False
1162,5,190,398,399,"Surles paquebots,nesetrouverait-ilpas, pendant l'hiver, à la mercides coups deventoudes brouillards?Est-il doncsirarequeles meilleurs marcheurs des lignes transocéaniennes éprouvent des retards de deux ou trois jours?",,éprouvent,des retards de deux ou trois jours,éprouver,[],[],[],,,,,le 7 octobre,1872-10-07-00,1872-10-07,6.0,le 7 octobre,1872-10-07-00,1872-10-07,6.0,precedent,[],False,False,False
1163,5,190,399,400,"Or, il suffisait d' un retard, un seul, pour que la chaîne de communications fût irréparablement brisée.",,suffisait,d'un retard,suffire,[],[],[],,,,,le 7 octobre,1872-10-07-00,1872-10-07,6.0,le 7 octobre,1872-10-07-00,1872-10-07,6.0,precedent,[],False,False,False
1164,5,190,399,400,"Or, il suffisait d' un retard, un seul, pour que la chaîne de communications fût irréparablement brisée.",la chaîne de communications,brisée,,briser,[],[],[],,,,,le 7 octobre,1872-10-07-00,1872-10-07,6.0,le 7 octobre,1872-10-07-00,1872-10-07,6.0,precedent,[],False,False,False
1165,5,190,400,401,"Si Phileas Fogg manquait, ne fût -ce que de quelques heures, le départ d' un paquebot, il serait forcé d' attendre le paquebot suivant, et par cela même son voyage était compromis irrévocablement.",Phileas Fogg,manquait,le départ d'un paquebot,manquer,['0'],[],[],,,,,le 7 octobre,1872-10-07-00,1872-10-07,6.0,le 7 octobre,1872-10-07-00,1872-10-07,6.0,precedent,[],True,False,False
1166,5,190,400,401,"Si Phileas Fogg manquait, ne fût -ce que de quelques heures, le départ d' un paquebot, il serait forcé d' attendre le paquebot suivant, et par cela même son voyage était compromis irrévocablement.",,fût,,être,[],[],[],,,,,le 7 octobre,1872-10-07-00,1872-10-07,6.0,le 7 octobre,1872-10-07-00,1872-10-07,6.0,precedent,[],False,False,False
1167,5,190,400,401,"Si Phileas Fogg manquait, ne fût -ce que de quelques heures, le départ d' un paquebot, il serait forcé d' attendre le paquebot suivant, et par cela même son voyage était compromis irrévocablement.",il,forcé,,forcer,['0'],[],[],,,,,le 7 octobre,1872-10-07-00,1872-10-07,6.0,le 7 octobre,1872-10-07-00,1872-10-07,6.0,precedent,[],True,False,False
1168,5,190,400,401,"Si Phileas Fogg manquait, ne fût -ce que de quelques heures, le départ d' un paquebot, il serait forcé d' attendre le paquebot suivant, et par cela même son voyage était compromis irrévocablement.",il,attendre,le paquebot suivant,attendre,['0'],[],[],,,,,le 7 octobre,1872-10-07-00,1872-10-07,6.0,le 7 octobre,1872-10-07-00,1872-10-07,6.0,precedent,[],True,False,False
1169,5,190,400,401,"Si Phileas Fogg manquait, ne fût -ce que de quelques heures, le départ d' un paquebot, il serait forcé d' attendre le paquebot suivant, et par cela même son voyage était compromis irrévocablement.",son voyage,compromis,par cela,compromettre,['0'],[],[],,,,,le 7 octobre,1872-10-07-00,1872-10-07,6.0,le 7 octobre,1872-10-07-00,1872-10-07,6.0,precedent,[],True,False,False
1170,5,191,401,402,L' article fit grand bruit.,L'article,fit,grand bruit,faire,[],[],[],,,,,le 7 octobre,1872-10-07-00,1872-10-07,6.0,le 7 octobre,1872-10-07-00,1872-10-07,6.0,precedent,[],False,False,False
1171,5,191,402,403,"Presque tous les journaux le reproduisirent, et les actions de Phileas Fogg baissèrent singulièrement.",tous les journaux,reproduisirent,le,reproduire,[],[],[],,,,,le 7 octobre,1872-10-07-00,1872-10-07,6.0,le 7 octobre,1872-10-07-00,1872-10-07,6.0,precedent,[],False,False,False
1172,5,191,402,403,"Presque tous les journaux le reproduisirent, et les actions de Phileas Fogg baissèrent singulièrement.",les actions de Phileas Fogg,baissèrent,,baisser,['0'],[],[],,,,,le 7 octobre,1872-10-07-00,1872-10-07,6.0,le 7 octobre,1872-10-07-00,1872-10-07,6.0,precedent,[],True,False,False
1173,5,192,403,404,"Pendant les premiers jours qui suivirent le départ du gentleman, d' importantes affaires s' étaient engagées sur« l' aléa» de son entreprise.",qui,suivirent,le départ du gentleman,suivre,['0'],[],[],,,,,le 7 octobre,1872-10-07-00,1872-10-07,6.0,le 7 octobre,1872-10-07-00,1872-10-07,6.0,precedent,[],True,False,False
1174,5,192,403,404,"Pendant les premiers jours qui suivirent le départ du gentleman, d' importantes affaires s' étaient engagées sur« l' aléa» de son entreprise.",d'importantes affaires,engagées,Pendant les premiers jours,engager,[],[],[],,,,,le 7 octobre,1872-10-07-00,1872-10-07,6.0,le 7 octobre,1872-10-07-00,1872-10-07,6.0,precedent,[],False,False,False
1175,5,192,403,404,"Pendant les premiers jours qui suivirent le départ du gentleman, d' importantes affaires s' étaient engagées sur« l' aléa» de son entreprise.",d'importantes affaires,engagées,s',engager,[],[],[],,,,,le 7 octobre,1872-10-07-00,1872-10-07,6.0,le 7 octobre,1872-10-07-00,1872-10-07,6.0,precedent,[],False,False,False
1176,5,192,403,404,"Pendant les premiers jours qui suivirent le départ du gentleman, d' importantes affaires s' étaient engagées sur« l' aléa» de son entreprise.",d'importantes affaires,engagées,sur l'aléa de son entreprise,engager,['0'],[],[],,,,,le 7 octobre,1872-10-07-00,1872-10-07,6.0,le 7 octobre,1872-10-07-00,1872-10-07,6.0,precedent,[],True,False,False
1177,5,192,404,405,"On sait ce qu' est le monde des parieurs en Angleterre, monde plus intelligent, plus relevé que celui des joueurs.",On,sait,ce qu'est le monde des parieurs en Angleterre monde plus intelligent plus relevé que celui des joueurs,savoir,[],[],[],,,,,le 7 octobre,1872-10-07-00,1872-10-07,6.0,le 7 octobre,1872-10-07-00,1872-10-07,6.0,precedent,[],False,False,False
1178,5,192,405,406,Parier est dans le tempérament anglais.,,Parier,,parier,[],[],[],,,,,le 7 octobre,1872-10-07-00,1872-10-07,6.0,le 7 octobre,1872-10-07-00,1872-10-07,6.0,precedent,[],False,False,False
1179,5,192,405,406,Parier est dans le tempérament anglais.,,est,dans le tempérament anglais,être,[],[],[],,,,,le 7 octobre,1872-10-07-00,1872-10-07,6.0,le 7 octobre,1872-10-07-00,1872-10-07,6.0,precedent,[],False,False,False
1180,5,192,406,407,"Aussi, non seulement les divers membres du Reform - Club établirent -ils des paris considérables pour ou contre Phileas Fogg, mais la masse du public entra dans le mouvement.",non seulement les divers membres du Reform-Club,établirent,des paris considérables pour ou contre Phileas Fogg,établir,['0'],['3'],['FAC'],,,,,le 7 octobre,1872-10-07-00,1872-10-07,6.0,le 7 octobre,1872-10-07-00,1872-10-07,6.0,precedent,['reform_club'],True,True,True
1181,5,192,406,407,"Aussi, non seulement les divers membres du Reform - Club établirent -ils des paris considérables pour ou contre Phileas Fogg, mais la masse du public entra dans le mouvement.",la masse du public,entra,dans le mouvement,entrer,[],[],[],,,,,le 7 octobre,1872-10-07-00,1872-10-07,6.0,le 7 octobre,1872-10-07-00,1872-10-07,6.0,precedent,[],False,False,False
1182,5,192,407,408,"Phileas Fogg fut inscrit comme un cheval de course, à une sorte de studbook.",Phileas Fogg,inscrit,comme un cheval de course,inscrire,['0'],[],[],,,,,le 7 octobre,1872-10-07-00,1872-10-07,6.0,le 7 octobre,1872-10-07-00,1872-10-07,6.0,precedent,[],True,False,False
1183,5,192,407,408,"Phileas Fogg fut inscrit comme un cheval de course, à une sorte de studbook.",Phileas Fogg,inscrit,à une sorte de studbook,inscrire,['0'],[],[],,,,,le 7 octobre,1872-10-07-00,1872-10-07,6.0,le 7 octobre,1872-10-07-00,1872-10-07,6.0,precedent,[],True,False,False
1184,5,192,408,409,"On en fit aussi une valeur de bourse, qui fut immédiatement cotée sur la place de Londres.",On,fit,en,faire,[],[],[],,,,,le 7 octobre,1872-10-07-00,1872-10-07,6.0,le 7 octobre,1872-10-07-00,1872-10-07,6.0,precedent,[],False,False,False
1185,5,192,408,409,"On en fit aussi une valeur de bourse, qui fut immédiatement cotée sur la place de Londres.",On,fit,une valeur de bourse,faire,[],[],[],,,,,le 7 octobre,1872-10-07-00,1872-10-07,6.0,le 7 octobre,1872-10-07-00,1872-10-07,6.0,precedent,[],False,False,False
1186,5,192,408,409,"On en fit aussi une valeur de bourse, qui fut immédiatement cotée sur la place de Londres.",qui,cotée,sur la place de Londres,coter,[],[],[],,,,,le 7 octobre,1872-10-07-00,1872-10-07,6.0,le 7 octobre,1872-10-07-00,1872-10-07,6.0,precedent,[],False,False,False
1187,5,192,409,410,"On demandait, on offrait du« Phileas Fogg» ferme ou à prime, et il se fit des affaires énormes.",On,demandait,,demander,[],[],[],,,,,le 7 octobre,1872-10-07-00,1872-10-07,6.0,le 7 octobre,1872-10-07-00,1872-10-07,6.0,precedent,[],False,False,False
1188,5,192,409,410,"On demandait, on offrait du« Phileas Fogg» ferme ou à prime, et il se fit des affaires énormes.",on,offrait,du Phileas Fogg ferme ou à prime,offrir,['0'],[],[],,,,,le 7 octobre,1872-10-07-00,1872-10-07,6.0,le 7 octobre,1872-10-07-00,1872-10-07,6.0,precedent,[],True,False,False
1189,5,192,409,410,"On demandait, on offrait du« Phileas Fogg» ferme ou à prime, et il se fit des affaires énormes.",il,fit,se,faire,[],[],[],,,,,le 7 octobre,1872-10-07-00,1872-10-07,6.0,le 7 octobre,1872-10-07-00,1872-10-07,6.0,precedent,[],False,False,False
1190,5,192,409,410,"On demandait, on offrait du« Phileas Fogg» ferme ou à prime, et il se fit des affaires énormes.",il,fit,des affaires énormes,faire,[],[],[],,,,,le 7 octobre,1872-10-07-00,1872-10-07,6.0,le 7 octobre,1872-10-07-00,1872-10-07,6.0,precedent,[],False,False,False
1191,5,192,410,411,"Mais cinq jours après son départ, après l' article du Bulletin de la Société de géographie, les offres commencèrent à affluer.",les offres,commencèrent,cinq jours après son départ,commencer,['0'],[],[],cinq jours après son départ,1872-10-07-00,1872-10-07,6.0,cinq jours après son départ,1872-10-07-00,1872-10-07,6.0,cinq jours après son départ,1872-10-07-00,1872-10-07,6.0,phrase,[],True,False,False
1192,5,192,410,411,"Mais cinq jours après son départ, après l' article du Bulletin de la Société de géographie, les offres commencèrent à affluer.",les offres,commencèrent,après l'article du Bulletin de la Société de géographie,commencer,[],[],[],cinq jours après son départ,1872-10-07-00,1872-10-07,6.0,cinq jours après son départ,1872-10-07-00,1872-10-07,6.0,cinq jours après son départ,1872-10-07-00,1872-10-07,6.0,phrase,[],False,False,False
1193,5,192,410,411,"Mais cinq jours après son départ, après l' article du Bulletin de la Société de géographie, les offres commencèrent à affluer.",les offres,affluer,,affluer,[],[],[],cinq jours après son départ,1872-10-07-00,1872-10-07,6.0,cinq jours après son départ,1872-10-07-00,1872-10-07,6.0,cinq jours après son départ,1872-10-07-00,1872-10-07,6.0,phrase,[],False,False,False
1194,5,192,411,412,Le Phileas Fogg baissa.,Le Phileas Fogg,baissa,,baisser,['0'],[],[],,,,,cinq jours après son départ,1872-10-07-00,1872-10-07,6.0,cinq jours après son départ,1872-10-07-00,1872-10-07,6.0,precedent,[],True,False,False
1195,5,192,412,413,On l' offrit par paquets.,On,offrit,l',offrir,[],[],[],,,,,cinq jours après son départ,1872-10-07-00,1872-10-07,6.0,cinq jours après son départ,1872-10-07-00,1872-10-07,6.0,precedent,[],False,False,False
1196,5,192,412,413,On l' offrit par paquets.,On,offrit,par paquets,offrir,[],[],[],,,,,cinq jours après son départ,1872-10-07-00,1872-10-07,6.0,cinq jours après son départ,1872-10-07-00,1872-10-07,6.0,precedent,[],False,False,False
1197,5,192,413,414,"Pris d' abord à cinq, puis à dix, on ne le prit plus qu' à vingt, à cinquante, à cent!",on,Pris,à cinq puis à dix,prendre,[],[],[],,,,,cinq jours après son départ,1872-10-07-00,1872-10-07,6.0,cinq jours après son départ,1872-10-07-00,1872-10-07,6.0,precedent,[],False,False,False
1198,5,192,413,414,"Pris d' abord à cinq, puis à dix, on ne le prit plus qu' à vingt, à cinquante, à cent!",on,prit,le,prendre,['0'],[],[],,,,,cinq jours après son départ,1872-10-07-00,1872-10-07,6.0,cinq jours après son départ,1872-10-07-00,1872-10-07,6.0,precedent,[],True,False,False
1199,5,193,414,415,Un seul partisan lui resta.,Un seul partisan,resta,lui,rester,"['14', '0']",[],[],,,,,cinq jours après son départ,1872-10-07-00,1872-10-07,6.0,cinq jours après son départ,1872-10-07-00,1872-10-07,6.0,precedent,[],True,False,False
1200,5,193,416,417,"L' honorable gentleman, cloué sur son fauteuil, eût donné sa fortune pour pouvoir faire le tour du monde, même en dix ans! et il paria cinq mille livres( 100 000 F) en faveur de Phileas Fogg.",,cloué,sur son fauteuil,clouer,['14'],[],[],,,,,cinq jours après son départ,1872-10-07-00,1872-10-07,6.0,cinq jours après son départ,1872-10-07-00,1872-10-07,6.0,precedent,[],True,False,False
1201,5,193,416,417,"L' honorable gentleman, cloué sur son fauteuil, eût donné sa fortune pour pouvoir faire le tour du monde, même en dix ans! et il paria cinq mille livres( 100 000 F) en faveur de Phileas Fogg.",L'honorable gentleman,donné,sa fortune,donner,['14'],[],[],,,,,cinq jours après son départ,1872-10-07-00,1872-10-07,6.0,cinq jours après son départ,1872-10-07-00,1872-10-07,6.0,precedent,[],True,False,False
1202,5,193,416,417,"L' honorable gentleman, cloué sur son fauteuil, eût donné sa fortune pour pouvoir faire le tour du monde, même en dix ans! et il paria cinq mille livres( 100 000 F) en faveur de Phileas Fogg.",L'honorable gentleman,pouvoir,,pouvoir,['14'],[],[],,,,,cinq jours après son départ,1872-10-07-00,1872-10-07,6.0,cinq jours après son départ,1872-10-07-00,1872-10-07,6.0,precedent,[],True,False,False
1203,5,193,416,417,"L' honorable gentleman, cloué sur son fauteuil, eût donné sa fortune pour pouvoir faire le tour du monde, même en dix ans! et il paria cinq mille livres( 100 000 F) en faveur de Phileas Fogg.",,faire,le tour du monde,faire,[],[],[],,,,,cinq jours après son départ,1872-10-07-00,1872-10-07,6.0,cinq jours après son départ,1872-10-07-00,1872-10-07,6.0,precedent,[],False,False,False
1204,5,193,416,417,"L' honorable gentleman, cloué sur son fauteuil, eût donné sa fortune pour pouvoir faire le tour du monde, même en dix ans! et il paria cinq mille livres( 100 000 F) en faveur de Phileas Fogg.",,faire,même en dix ans,faire,[],[],[],,,,,cinq jours après son départ,1872-10-07-00,1872-10-07,6.0,cinq jours après son départ,1872-10-07-00,1872-10-07,6.0,precedent,[],False,False,False
1205,5,193,416,417,"L' honorable gentleman, cloué sur son fauteuil, eût donné sa fortune pour pouvoir faire le tour du monde, même en dix ans! et il paria cinq mille livres( 100 000 F) en faveur de Phileas Fogg.",il,paria,cinq mille livres 100 000 F,parier,['14'],[],[],,,,,cinq jours après son départ,1872-10-07-00,1872-10-07,6.0,cinq jours après son départ,1872-10-07-00,1872-10-07,6.0,precedent,[],True,False,False
1206,5,193,416,417,"L' honorable gentleman, cloué sur son fauteuil, eût donné sa fortune pour pouvoir faire le tour du monde, même en dix ans! et il paria cinq mille livres( 100 000 F) en faveur de Phileas Fogg.",il,paria,en faveur de Phileas Fogg,parier,"['14', '0']",[],[],,,,,cinq jours après son départ,1872-10-07-00,1872-10-07,6.0,cinq jours après son départ,1872-10-07-00,1872-10-07,6.0,precedent,[],True,False,False
1207,5,193,417,418,"Et quand, en même temps que la sottise du projet, on lui en démontrait l' inutilité, il se contentait de répondre:« Si la chose est faisable, il est bon que ce soit un Anglais qui le premier l' ait faite!",on,démontrait,en même temps que la sottise du projet,démontrer,[],[],[],,,,,cinq jours après son départ,1872-10-07-00,1872-10-07,6.0,cinq jours après son départ,1872-10-07-00,1872-10-07,6.0,precedent,[],False,False,False
1208,5,193,417,418,"Et quand, en même temps que la sottise du projet, on lui en démontrait l' inutilité, il se contentait de répondre:« Si la chose est faisable, il est bon que ce soit un Anglais qui le premier l' ait faite!",on,démontrait,lui en,démontrer,['14'],[],[],,,,,cinq jours après son départ,1872-10-07-00,1872-10-07,6.0,cinq jours après son départ,1872-10-07-00,1872-10-07,6.0,precedent,[],True,False,False
1209,5,193,417,418,"Et quand, en même temps que la sottise du projet, on lui en démontrait l' inutilité, il se contentait de répondre:« Si la chose est faisable, il est bon que ce soit un Anglais qui le premier l' ait faite!",on,démontrait,l'inutilité,démontrer,[],[],[],,,,,cinq jours après son départ,1872-10-07-00,1872-10-07,6.0,cinq jours après son départ,1872-10-07-00,1872-10-07,6.0,precedent,[],False,False,False
1210,5,193,417,418,"Et quand, en même temps que la sottise du projet, on lui en démontrait l' inutilité, il se contentait de répondre:« Si la chose est faisable, il est bon que ce soit un Anglais qui le premier l' ait faite!",il,contentait,se,contenter,['14'],[],[],,,,,cinq jours après son départ,1872-10-07-00,1872-10-07,6.0,cinq jours après son départ,1872-10-07-00,1872-10-07,6.0,precedent,[],True,False,False
1211,5,193,417,418,"Et quand, en même temps que la sottise du projet, on lui en démontrait l' inutilité, il se contentait de répondre:« Si la chose est faisable, il est bon que ce soit un Anglais qui le premier l' ait faite!",il,répondre,,répondre,['14'],[],[],,,,,cinq jours après son départ,1872-10-07-00,1872-10-07,6.0,cinq jours après son départ,1872-10-07-00,1872-10-07,6.0,precedent,[],True,False,False
1212,5,193,417,418,"Et quand, en même temps que la sottise du projet, on lui en démontrait l' inutilité, il se contentait de répondre:« Si la chose est faisable, il est bon que ce soit un Anglais qui le premier l' ait faite!",qui le premier,faite,l',faire,[],[],[],,,,,cinq jours après son départ,1872-10-07-00,1872-10-07,6.0,cinq jours après son départ,1872-10-07-00,1872-10-07,6.0,precedent,[],False,False,False
1213,5,194,419,420,"Or, on en était là, les partisans de Phileas Fogg se raréfiaient de plus en plus; tout le monde, et non sans raison, se mettait contre lui; on ne le prenait plus qu' à cent cinquante, à deux cents contre un, quand, sept jours après son départ, un incident, complètement inattendu, fit qu' on ne le prit plus du tout.",on,était,en,être,[],[],[],,,,,cinq jours après son départ,1872-10-07-00,1872-10-07,6.0,cinq jours après son départ,1872-10-07-00,1872-10-07,6.0,precedent,[],False,False,False
1214,5,194,419,420,"Or, on en était là, les partisans de Phileas Fogg se raréfiaient de plus en plus; tout le monde, et non sans raison, se mettait contre lui; on ne le prenait plus qu' à cent cinquante, à deux cents contre un, quand, sept jours après son départ, un incident, complètement inattendu, fit qu' on ne le prit plus du tout.",on,était,là,être,[],[],[],,,,,cinq jours après son départ,1872-10-07-00,1872-10-07,6.0,cinq jours après son départ,1872-10-07-00,1872-10-07,6.0,precedent,[],False,False,False
1215,5,194,419,420,"Or, on en était là, les partisans de Phileas Fogg se raréfiaient de plus en plus; tout le monde, et non sans raison, se mettait contre lui; on ne le prenait plus qu' à cent cinquante, à deux cents contre un, quand, sept jours après son départ, un incident, complètement inattendu, fit qu' on ne le prit plus du tout.",les partisans de Phileas Fogg,raréfiaient,se,raréfier,['0'],[],[],,,,,cinq jours après son départ,1872-10-07-00,1872-10-07,6.0,cinq jours après son départ,1872-10-07-00,1872-10-07,6.0,precedent,[],True,False,False
1216,5,194,419,420,"Or, on en était là, les partisans de Phileas Fogg se raréfiaient de plus en plus; tout le monde, et non sans raison, se mettait contre lui; on ne le prenait plus qu' à cent cinquante, à deux cents contre un, quand, sept jours après son départ, un incident, complètement inattendu, fit qu' on ne le prit plus du tout.",,mettait,tout le monde et non sans raison,mettre,['121'],[],[],,,,,cinq jours après son départ,1872-10-07-00,1872-10-07,6.0,cinq jours après son départ,1872-10-07-00,1872-10-07,6.0,precedent,[],True,False,False
1217,5,194,419,420,"Or, on en était là, les partisans de Phileas Fogg se raréfiaient de plus en plus; tout le monde, et non sans raison, se mettait contre lui; on ne le prenait plus qu' à cent cinquante, à deux cents contre un, quand, sept jours après son départ, un incident, complètement inattendu, fit qu' on ne le prit plus du tout.",,mettait,se,mettre,[],[],[],,,,,cinq jours après son départ,1872-10-07-00,1872-10-07,6.0,cinq jours après son départ,1872-10-07-00,1872-10-07,6.0,precedent,[],False,False,False
1218,5,194,419,420,"Or, on en était là, les partisans de Phileas Fogg se raréfiaient de plus en plus; tout le monde, et non sans raison, se mettait contre lui; on ne le prenait plus qu' à cent cinquante, à deux cents contre un, quand, sept jours après son départ, un incident, complètement inattendu, fit qu' on ne le prit plus du tout.",,mettait,contre lui,mettre,['0'],[],[],,,,,cinq jours après son départ,1872-10-07-00,1872-10-07,6.0,cinq jours après son départ,1872-10-07-00,1872-10-07,6.0,precedent,[],True,False,False
1219,5,194,419,420,"Or, on en était là, les partisans de Phileas Fogg se raréfiaient de plus en plus; tout le monde, et non sans raison, se mettait contre lui; on ne le prenait plus qu' à cent cinquante, à deux cents contre un, quand, sept jours après son départ, un incident, complètement inattendu, fit qu' on ne le prit plus du tout.",on,prenait,le,prendre,['0'],[],[],,,,,cinq jours après son départ,1872-10-07-00,1872-10-07,6.0,cinq jours après son départ,1872-10-07-00,1872-10-07,6.0,precedent,[],True,False,False
1220,5,194,419,420,"Or, on en était là, les partisans de Phileas Fogg se raréfiaient de plus en plus; tout le monde, et non sans raison, se mettait contre lui; on ne le prenait plus qu' à cent cinquante, à deux cents contre un, quand, sept jours après son départ, un incident, complètement inattendu, fit qu' on ne le prit plus du tout.",on,prenait,qu'à cent cinquante,prendre,[],[],[],,,,,cinq jours après son départ,1872-10-07-00,1872-10-07,6.0,cinq jours après son départ,1872-10-07-00,1872-10-07,6.0,precedent,[],False,False,False
1221,5,194,419,420,"Or, on en était là, les partisans de Phileas Fogg se raréfiaient de plus en plus; tout le monde, et non sans raison, se mettait contre lui; on ne le prenait plus qu' à cent cinquante, à deux cents contre un, quand, sept jours après son départ, un incident, complètement inattendu, fit qu' on ne le prit plus du tout.",on,prenait,à deux cents contre un,prendre,[],[],[],,,,,cinq jours après son départ,1872-10-07-00,1872-10-07,6.0,cinq jours après son départ,1872-10-07-00,1872-10-07,6.0,precedent,[],False,False,False
1222,5,194,419,420,"Or, on en était là, les partisans de Phileas Fogg se raréfiaient de plus en plus; tout le monde, et non sans raison, se mettait contre lui; on ne le prenait plus qu' à cent cinquante, à deux cents contre un, quand, sept jours après son départ, un incident, complètement inattendu, fit qu' on ne le prit plus du tout.",un incident complètement inattendu,fit,sept jours après son départ,faire,['0'],[],[],,,,,cinq jours après son départ,1872-10-07-00,1872-10-07,6.0,cinq jours après son départ,1872-10-07-00,1872-10-07,6.0,precedent,[],True,False,False
1223,5,194,419,420,"Or, on en était là, les partisans de Phileas Fogg se raréfiaient de plus en plus; tout le monde, et non sans raison, se mettait contre lui; on ne le prenait plus qu' à cent cinquante, à deux cents contre un, quand, sept jours après son départ, un incident, complètement inattendu, fit qu' on ne le prit plus du tout.",on,prit,le,prendre,['0'],[],[],,,,,cinq jours après son départ,1872-10-07-00,1872-10-07,6.0,cinq jours après son départ,1872-10-07-00,1872-10-07,6.0,precedent,[],True,False,False
1224,5,194,419,420,"Or, on en était là, les partisans de Phileas Fogg se raréfiaient de plus en plus; tout le monde, et non sans raison, se mettait contre lui; on ne le prenait plus qu' à cent cinquante, à deux cents contre un, quand, sept jours après son départ, un incident, complètement inattendu, fit qu' on ne le prit plus du tout.",on,prit,du tout,prendre,[],[],[],,,,,cinq jours après son départ,1872-10-07-00,1872-10-07,6.0,cinq jours après son départ,1872-10-07-00,1872-10-07,6.0,precedent,[],False,False,False
1225,5,195,420,421,"En effet, pendant cette journée, à neuf heures du soir, le directeur de la police métropolitaine avait reçu une dépêche télégraphique ainsi conçue:",le directeur de la police métropolitaine,reçu,En effet,recevoir,['80'],[],[],pendant cette journée,1872-10-09-21,1872-10-09,8.0,pendant cette journée,1872-10-09-21,1872-10-09,8.0,pendant cette journée,1872-10-09-21,1872-10-09,8.0,phrase,[],True,False,False
1226,5,195,420,421,"En effet, pendant cette journée, à neuf heures du soir, le directeur de la police métropolitaine avait reçu une dépêche télégraphique ainsi conçue:",le directeur de la police métropolitaine,reçu,pendant cette journée,recevoir,['80'],[],[],pendant cette journée,1872-10-09-21,1872-10-09,8.0,pendant cette journée,1872-10-09-21,1872-10-09,8.0,pendant cette journée,1872-10-09-21,1872-10-09,8.0,phrase,[],True,False,False
1227,5,195,420,421,"En effet, pendant cette journée, à neuf heures du soir, le directeur de la police métropolitaine avait reçu une dépêche télégraphique ainsi conçue:",le directeur de la police métropolitaine,reçu,à neuf heures du soir,recevoir,['80'],[],[],à neuf heures du soir,1872-10-09-21,1872-10-09,8.0,pendant cette journée,1872-10-09-21,1872-10-09,8.0,à neuf heures du soir,1872-10-09-21,1872-10-09,8.0,phrase,[],True,False,False
1228,5,195,420,421,"En effet, pendant cette journée, à neuf heures du soir, le directeur de la police métropolitaine avait reçu une dépêche télégraphique ainsi conçue:",le directeur de la police métropolitaine,reçu,une dépêche télégraphique,recevoir,['80'],[],[],pendant cette journée,1872-10-09-21,1872-10-09,8.0,pendant cette journée,1872-10-09-21,1872-10-09,8.0,pendant cette journée,1872-10-09-21,1872-10-09,8.0,phrase,[],True,False,False
1229,5,195,420,421,"En effet, pendant cette journée, à neuf heures du soir, le directeur de la police métropolitaine avait reçu une dépêche télégraphique ainsi conçue:",,conçue,,concevoir,[],[],[],pendant cette journée,1872-10-09-21,1872-10-09,8.0,pendant cette journée,1872-10-09-21,1872-10-09,8.0,pendant cette journée,1872-10-09-21,1872-10-09,8.0,phrase,[],False,False,False
1230,5,198,423,424,"«Je file voleur de Banque, Phileas Fogg.",Je,file,voleur de Banque,file,['108'],[],[],,,,,pendant cette journée,1872-10-09-21,1872-10-09,8.0,pendant cette journée,1872-10-09-21,1872-10-09,8.0,precedent,[],True,False,False
1231,5,198,423,424,"«Je file voleur de Banque, Phileas Fogg.",Je,file,Phileas Fogg,file,"['108', '0']",[],[],,,,,pendant cette journée,1872-10-09-21,1872-10-09,8.0,pendant cette journée,1872-10-09-21,1872-10-09,8.0,precedent,[],True,False,False
1232,5,198,424,425,Envoyez sans retard mandat d' arrestation à Bombay( Inde anglaise).,,Envoyez,sans retard,envoyer,[],[],[],,,,,pendant cette journée,1872-10-09-21,1872-10-09,8.0,pendant cette journée,1872-10-09-21,1872-10-09,8.0,precedent,[],False,False,False
1233,5,198,424,425,Envoyez sans retard mandat d' arrestation à Bombay( Inde anglaise).,,Envoyez,mandat d'arrestation,envoyer,[],[],[],,,,,pendant cette journée,1872-10-09-21,1872-10-09,8.0,pendant cette journée,1872-10-09-21,1872-10-09,8.0,precedent,[],False,False,False
1234,5,198,424,425,Envoyez sans retard mandat d' arrestation à Bombay( Inde anglaise).,,Envoyez,à Bombay Inde anglaise,envoyer,[],[],[],,,,,pendant cette journée,1872-10-09-21,1872-10-09,8.0,pendant cette journée,1872-10-09-21,1872-10-09,8.0,precedent,[],False,False,False
1235,5,200,427,428,L' honorable gentleman disparut pour faire place au voleur de bank - notes.,L'honorable gentleman,disparut,,disparaître,['0'],[],[],,,,,pendant cette journée,1872-10-09-21,1872-10-09,8.0,pendant cette journée,1872-10-09-21,1872-10-09,8.0,precedent,[],True,False,False
1236,5,200,427,428,L' honorable gentleman disparut pour faire place au voleur de bank - notes.,L'honorable gentleman,faire,place,faire,['0'],[],[],,,,,pendant cette journée,1872-10-09-21,1872-10-09,8.0,pendant cette journée,1872-10-09-21,1872-10-09,8.0,precedent,[],True,False,False
1237,5,200,427,428,L' honorable gentleman disparut pour faire place au voleur de bank - notes.,L'honorable gentleman,faire,au voleur de bank-notes,faire,['0'],[],[],,,,,pendant cette journée,1872-10-09-21,1872-10-09,8.0,pendant cette journée,1872-10-09-21,1872-10-09,8.0,precedent,[],True,False,False
1238,5,200,428,429,"Sa photographie, déposée au Reform - Club avec celles de tous ses collègues, fut examinée.",,déposée,au Reform-Club,déposer,[],['3'],['FAC'],,,,,pendant cette journée,1872-10-09-21,1872-10-09,8.0,pendant cette journée,1872-10-09-21,1872-10-09,8.0,precedent,['reform_club'],False,True,False
1239,5,200,428,429,"Sa photographie, déposée au Reform - Club avec celles de tous ses collègues, fut examinée.",,déposée,Reform-Club,déposer,[],['3'],['FAC'],,,,,pendant cette journée,1872-10-09-21,1872-10-09,8.0,pendant cette journée,1872-10-09-21,1872-10-09,8.0,precedent,['reform_club'],False,True,False
1240,5,200,428,429,"Sa photographie, déposée au Reform - Club avec celles de tous ses collègues, fut examinée.",,déposée,avec celles de tous ses collègues,déposer,[],[],[],,,,,pendant cette journée,1872-10-09-21,1872-10-09,8.0,pendant cette journée,1872-10-09-21,1872-10-09,8.0,precedent,[],False,False,False
1241,5,200,428,429,"Sa photographie, déposée au Reform - Club avec celles de tous ses collègues, fut examinée.",Sa photographie,examinée,,examiner,[],[],[],,,,,pendant cette journée,1872-10-09-21,1872-10-09,8.0,pendant cette journée,1872-10-09-21,1872-10-09,8.0,precedent,[],False,False,False
1242,5,200,429,430,Elle reproduisait trait pour trait l' homme dont le signalement avait été fourni par l' enquête.,Elle,reproduisait,trait pour trait,reproduire,[],[],[],,,,,pendant cette journée,1872-10-09-21,1872-10-09,8.0,pendant cette journée,1872-10-09-21,1872-10-09,8.0,precedent,[],False,False,False
1243,5,200,429,430,Elle reproduisait trait pour trait l' homme dont le signalement avait été fourni par l' enquête.,Elle,reproduisait,l'homme,reproduire,[],[],[],,,,,pendant cette journée,1872-10-09-21,1872-10-09,8.0,pendant cette journée,1872-10-09-21,1872-10-09,8.0,precedent,[],False,False,False
1244,5,200,429,430,Elle reproduisait trait pour trait l' homme dont le signalement avait été fourni par l' enquête.,dont le signalement,fourni,par l'enquête,fournir,['0'],[],[],,,,,pendant cette journée,1872-10-09-21,1872-10-09,8.0,pendant cette journée,1872-10-09-21,1872-10-09,8.0,precedent,[],True,False,False
1245,5,200,430,431,"On rappela ce que l' existence de Phileas Fogg avait de mystérieux, son isolement, son départ subit, et il parut évident que ce personnage, prétextant un voyage autour du monde et l' appuyant sur un pari insensé, n' avait eu d' autre but que de dépister les agents de la police anglaise.",On,rappela,ce,rappeler,[],[],[],,,,,pendant cette journée,1872-10-09-21,1872-10-09,8.0,pendant cette journée,1872-10-09-21,1872-10-09,8.0,precedent,[],False,False,False
1246,5,200,430,431,"On rappela ce que l' existence de Phileas Fogg avait de mystérieux, son isolement, son départ subit, et il parut évident que ce personnage, prétextant un voyage autour du monde et l' appuyant sur un pari insensé, n' avait eu d' autre but que de dépister les agents de la police anglaise.",On,rappela,son isolement son départ,rappeler,['0'],[],[],,,,,pendant cette journée,1872-10-09-21,1872-10-09,8.0,pendant cette journée,1872-10-09-21,1872-10-09,8.0,precedent,[],True,False,False
1247,5,200,430,431,"On rappela ce que l' existence de Phileas Fogg avait de mystérieux, son isolement, son départ subit, et il parut évident que ce personnage, prétextant un voyage autour du monde et l' appuyant sur un pari insensé, n' avait eu d' autre but que de dépister les agents de la police anglaise.",l'existence de Phileas Fogg,avait,que,avoir,['0'],[],[],,,,,pendant cette journée,1872-10-09-21,1872-10-09,8.0,pendant cette journée,1872-10-09-21,1872-10-09,8.0,precedent,[],True,False,False
1248,5,200,430,431,"On rappela ce que l' existence de Phileas Fogg avait de mystérieux, son isolement, son départ subit, et il parut évident que ce personnage, prétextant un voyage autour du monde et l' appuyant sur un pari insensé, n' avait eu d' autre but que de dépister les agents de la police anglaise.",,subit,,subir,[],[],[],,,,,pendant cette journée,1872-10-09-21,1872-10-09,8.0,pendant cette journée,1872-10-09-21,1872-10-09,8.0,precedent,[],False,False,False
1249,5,200,430,431,"On rappela ce que l' existence de Phileas Fogg avait de mystérieux, son isolement, son départ subit, et il parut évident que ce personnage, prétextant un voyage autour du monde et l' appuyant sur un pari insensé, n' avait eu d' autre but que de dépister les agents de la police anglaise.",On,parut,,paraître,[],[],[],,,,,pendant cette journée,1872-10-09-21,1872-10-09,8.0,pendant cette journée,1872-10-09-21,1872-10-09,8.0,precedent,[],False,False,False
1250,5,200,430,431,"On rappela ce que l' existence de Phileas Fogg avait de mystérieux, son isolement, son départ subit, et il parut évident que ce personnage, prétextant un voyage autour du monde et l' appuyant sur un pari insensé, n' avait eu d' autre but que de dépister les agents de la police anglaise.",,prétextant,un voyage,prétexter,[],[],[],,,,,pendant cette journée,1872-10-09-21,1872-10-09,8.0,pendant cette journée,1872-10-09-21,1872-10-09,8.0,precedent,[],False,False,False
1251,5,200,430,431,"On rappela ce que l' existence de Phileas Fogg avait de mystérieux, son isolement, son départ subit, et il parut évident que ce personnage, prétextant un voyage autour du monde et l' appuyant sur un pari insensé, n' avait eu d' autre but que de dépister les agents de la police anglaise.",,appuyant,l',appuyer,[],[],[],,,,,pendant cette journée,1872-10-09-21,1872-10-09,8.0,pendant cette journée,1872-10-09-21,1872-10-09,8.0,precedent,[],False,False,False
1252,5,200,430,431,"On rappela ce que l' existence de Phileas Fogg avait de mystérieux, son isolement, son départ subit, et il parut évident que ce personnage, prétextant un voyage autour du monde et l' appuyant sur un pari insensé, n' avait eu d' autre but que de dépister les agents de la police anglaise.",,appuyant,sur un pari insensé,appuyer,[],[],[],,,,,pendant cette journée,1872-10-09-21,1872-10-09,8.0,pendant cette journée,1872-10-09-21,1872-10-09,8.0,precedent,[],False,False,False
1253,5,200,430,431,"On rappela ce que l' existence de Phileas Fogg avait de mystérieux, son isolement, son départ subit, et il parut évident que ce personnage, prétextant un voyage autour du monde et l' appuyant sur un pari insensé, n' avait eu d' autre but que de dépister les agents de la police anglaise.",ce personnage,eu,d'autre but,avoir,['0'],[],[],,,,,pendant cette journée,1872-10-09-21,1872-10-09,8.0,pendant cette journée,1872-10-09-21,1872-10-09,8.0,precedent,[],True,False,False
1254,5,200,430,431,"On rappela ce que l' existence de Phileas Fogg avait de mystérieux, son isolement, son départ subit, et il parut évident que ce personnage, prétextant un voyage autour du monde et l' appuyant sur un pari insensé, n' avait eu d' autre but que de dépister les agents de la police anglaise.",,dépister,les agents de la police anglaise,dépister,['17'],[],[],,,,,pendant cette journée,1872-10-09-21,1872-10-09,8.0,pendant cette journée,1872-10-09-21,1872-10-09,8.0,precedent,[],True,False,False
