,cle_triptyque,chapter,Num_paragr,Num_phrase,Phrase,Sujet,Verbe,Objet,time_texte_auto,time_code_auto,time_texte,time_code,time_source,time_ud_governor,temps_ref,temps_auto,statut_temps
81,1 || 9 || 26 || _ || est || _,1,9,26,"Ce qui était certain toutefois, c' est que, depuis de longues années, Phileas Fogg n' avait pas quitté Londres.",,est,,depuis de longues années,1862-00-00-00,en l' année 1872,1872-00-00-00-00,precedent_context,habitée,1862-00-00-00,1872-00-00-00,temps_different
82,1 || 9 || 26 || phileas fogg || quitté || depuis de longues années,1,9,26,"Ce qui était certain toutefois, c' est que, depuis de longues années, Phileas Fogg n' avait pas quitté Londres.",Phileas Fogg,quitté,depuis de longues années,depuis de longues années,1862-00-00-00,depuis de longues années,,objet,quitté,1862-00-00-00,,seulement_ref
83,1 || 9 || 26 || phileas fogg || quitté || londres,1,9,26,"Ce qui était certain toutefois, c' est que, depuis de longues années, Phileas Fogg n' avait pas quitté Londres.",Phileas Fogg,quitté,Londres,depuis de longues années,1862-00-00-00,depuis de longues années,,ud_direct,quitté,1862-00-00-00,,seulement_ref
84,1 || 9 || 27 || qui || avaient || l'honneur,1,9,27,Ceux qui avaient l' honneur de le connaître un peu plus que les autres attestaient que- si ce n' est sur ce chemin direct qu' il parcourait chaque jour pour venir de sa maison au club- personne ne pouvait prétendre l' avoir jamais vu ailleurs.,qui,avaient,l'honneur,chaque jour,1872-00-00-10,en l' année 1872,1872-00-00-00-00,precedent_context,habitée,1872-00-00-10,1872-00-00-00,temps_different
85,1 || 9 || 27 || qui || connaître || le,1,9,27,Ceux qui avaient l' honneur de le connaître un peu plus que les autres attestaient que- si ce n' est sur ce chemin direct qu' il parcourait chaque jour pour venir de sa maison au club- personne ne pouvait prétendre l' avoir jamais vu ailleurs.,qui,connaître,le,chaque jour,1872-00-00-10,en l' année 1872,1872-00-00-00-00,precedent_context,habitée,1872-00-00-10,1872-00-00-00,temps_different
86,1 || 9 || 27 || ceux || attestaient || que,1,9,27,Ceux qui avaient l' honneur de le connaître un peu plus que les autres attestaient que- si ce n' est sur ce chemin direct qu' il parcourait chaque jour pour venir de sa maison au club- personne ne pouvait prétendre l' avoir jamais vu ailleurs.,Ceux,attestaient,que,chaque jour,1872-00-00-10,en l' année 1872,1872-00-00-00-00,precedent_context,habitée,1872-00-00-10,1872-00-00-00,temps_different
87,1 || 9 || 27 || ceux || est || sur ce chemin direct,1,9,27,Ceux qui avaient l' honneur de le connaître un peu plus que les autres attestaient que- si ce n' est sur ce chemin direct qu' il parcourait chaque jour pour venir de sa maison au club- personne ne pouvait prétendre l' avoir jamais vu ailleurs.,Ceux,est,sur ce chemin direct,chaque jour,1872-00-00-10,en l' année 1872,1872-00-00-00-00,precedent_context,habitée,1872-00-00-10,1872-00-00-00,temps_different
88,1 || 9 || 27 || il || parcourait || qu',1,9,27,Ceux qui avaient l' honneur de le connaître un peu plus que les autres attestaient que- si ce n' est sur ce chemin direct qu' il parcourait chaque jour pour venir de sa maison au club- personne ne pouvait prétendre l' avoir jamais vu ailleurs.,il,parcourait,qu',chaque jour,1872-00-00-10,chaque jour,,ud_direct,parcourait,1872-00-00-10,,seulement_ref
89,1 || 9 || 27 || il || parcourait || chaque jour,1,9,27,Ceux qui avaient l' honneur de le connaître un peu plus que les autres attestaient que- si ce n' est sur ce chemin direct qu' il parcourait chaque jour pour venir de sa maison au club- personne ne pouvait prétendre l' avoir jamais vu ailleurs.,il,parcourait,chaque jour,chaque jour,1872-00-00-10,chaque jour,,objet,parcourait,1872-00-00-10,,seulement_ref
90,1 || 9 || 27 || il || venir || de sa maison au club,1,9,27,Ceux qui avaient l' honneur de le connaître un peu plus que les autres attestaient que- si ce n' est sur ce chemin direct qu' il parcourait chaque jour pour venir de sa maison au club- personne ne pouvait prétendre l' avoir jamais vu ailleurs.,il,venir,de sa maison au club,chaque jour,1872-00-00-10,en l' année 1872,1872-00-00-00-00,precedent_context,habitée,1872-00-00-10,1872-00-00-00,temps_different
91,1 || 9 || 27 || club-personne || pouvait || _,1,9,27,Ceux qui avaient l' honneur de le connaître un peu plus que les autres attestaient que- si ce n' est sur ce chemin direct qu' il parcourait chaque jour pour venir de sa maison au club- personne ne pouvait prétendre l' avoir jamais vu ailleurs.,club-personne,pouvait,,chaque jour,1872-00-00-10,en l' année 1872,1872-00-00-00-00,precedent_context,habitée,1872-00-00-10,1872-00-00-00,temps_different
92,1 || 9 || 27 || club-personne || prétendre || _,1,9,27,Ceux qui avaient l' honneur de le connaître un peu plus que les autres attestaient que- si ce n' est sur ce chemin direct qu' il parcourait chaque jour pour venir de sa maison au club- personne ne pouvait prétendre l' avoir jamais vu ailleurs.,club-personne,prétendre,,chaque jour,1872-00-00-10,en l' année 1872,1872-00-00-00-00,precedent_context,habitée,1872-00-00-10,1872-00-00-00,temps_different
93,1 || 9 || 27 || _ || vu || l',1,9,27,Ceux qui avaient l' honneur de le connaître un peu plus que les autres attestaient que- si ce n' est sur ce chemin direct qu' il parcourait chaque jour pour venir de sa maison au club- personne ne pouvait prétendre l' avoir jamais vu ailleurs.,,vu,l',chaque jour,1872-00-00-10,en l' année 1872,1872-00-00-00-00,precedent_context,habitée,1872-00-00-10,1872-00-00-00,temps_different
94,1 || 9 || 28 || son seul passe-temps || était || _,1,9,28,Son seul passe-temps était de lire les journaux et de jouer au whist.,Son seul passe-temps,était,,chaque jour,1872-00-00-10,en l' année 1872,1872-00-00-00-00,precedent_context,habitée,1872-00-00-10,1872-00-00-00,temps_different
95,1 || 9 || 28 || son seul passe-temps || lire || les journaux,1,9,28,Son seul passe-temps était de lire les journaux et de jouer au whist.,Son seul passe-temps,lire,les journaux,chaque jour,1872-00-00-10,en l' année 1872,1872-00-00-00-00,precedent_context,habitée,1872-00-00-10,1872-00-00-00,temps_different
96,1 || 9 || 28 || son seul passe-temps || jouer || au whist,1,9,28,Son seul passe-temps était de lire les journaux et de jouer au whist.,Son seul passe-temps,jouer,au whist,chaque jour,1872-00-00-10,en l' année 1872,1872-00-00-00-00,precedent_context,habitée,1872-00-00-10,1872-00-00-00,temps_different
97,1 || 9 || 29 || il || gagnait || à ce jeu du silence si bien approprié à sa nature,1,9,29,"À ce jeu du silence, si bien approprié à sa nature, il gagnait souvent, mais ses gains n' entraient jamais dans sa bourse et figuraient pour une somme importante à son budget de charité.",il,gagnait,À ce jeu du silence si bien approprié à sa nature,chaque jour,1872-00-00-10,en l' année 1872,1872-00-00-00-00,precedent_context,habitée,1872-00-00-10,1872-00-00-00,temps_different
98,1 || 9 || 29 || ses gains || entraient || dans sa bourse,1,9,29,"À ce jeu du silence, si bien approprié à sa nature, il gagnait souvent, mais ses gains n' entraient jamais dans sa bourse et figuraient pour une somme importante à son budget de charité.",ses gains,entraient,dans sa bourse,chaque jour,1872-00-00-10,en l' année 1872,1872-00-00-00-00,precedent_context,habitée,1872-00-00-10,1872-00-00-00,temps_different
99,1 || 9 || 29 || ses gains || figuraient || pour une somme importante à son budget de charité,1,9,29,"À ce jeu du silence, si bien approprié à sa nature, il gagnait souvent, mais ses gains n' entraient jamais dans sa bourse et figuraient pour une somme importante à son budget de charité.",ses gains,figuraient,pour une somme importante à son budget de charité,chaque jour,1872-00-00-10,en l' année 1872,1872-00-00-00-00,precedent_context,habitée,1872-00-00-10,1872-00-00-00,temps_different
100,1 || 9 || 30 || _ || faut || d'ailleurs,1,9,30,"D' ailleurs, il faut le remarquer, Mr. Fogg jouait évidemment pour jouer, non pour gagner.",,faut,D'ailleurs,chaque jour,1872-00-00-10,en l' année 1872,1872-00-00-00-00,precedent_context,habitée,1872-00-00-10,1872-00-00-00,temps_different
101,1 || 9 || 30 || _ || remarquer || le,1,9,30,"D' ailleurs, il faut le remarquer, Mr. Fogg jouait évidemment pour jouer, non pour gagner.",,remarquer,le,chaque jour,1872-00-00-10,en l' année 1872,1872-00-00-00-00,precedent_context,habitée,1872-00-00-10,1872-00-00-00,temps_different
102,1 || 9 || 30 || mr. fogg || jouait || _,1,9,30,"D' ailleurs, il faut le remarquer, Mr. Fogg jouait évidemment pour jouer, non pour gagner.",Mr. Fogg,jouait,,chaque jour,1872-00-00-10,en l' année 1872,1872-00-00-00-00,precedent_context,habitée,1872-00-00-10,1872-00-00-00,temps_different
103,1 || 9 || 30 || mr. fogg || jouer || _,1,9,30,"D' ailleurs, il faut le remarquer, Mr. Fogg jouait évidemment pour jouer, non pour gagner.",Mr. Fogg,jouer,,chaque jour,1872-00-00-10,en l' année 1872,1872-00-00-00-00,precedent_context,habitée,1872-00-00-10,1872-00-00-00,temps_different
104,1 || 9 || 30 || _ || gagner || _,1,9,30,"D' ailleurs, il faut le remarquer, Mr. Fogg jouait évidemment pour jouer, non pour gagner.",,gagner,,chaque jour,1872-00-00-10,en l' année 1872,1872-00-00-00-00,precedent_context,habitée,1872-00-00-10,1872-00-00-00,temps_different
105,1 || 9 || 31 || cela || allait || à son caractère,1,9,31,"Le jeu était pour lui un combat, une lutte contre une difficulté, mais une lutte sans mouvement, sans déplacement, sans fatigue, et cela allait à son caractère.",cela,allait,à son caractère,chaque jour,1872-00-00-10,en l' année 1872,1872-00-00-00-00,precedent_context,habitée,1872-00-00-10,1872-00-00-00,temps_different
106,1 || 10 || 32 || on || connaissait || à phileas fogg ni femme ni enfants,1,10,32,"On ne connaissait à Phileas Fogg ni femme ni enfants,- ce qui peut arriver aux gens les plus honnêtes,- ni parents ni amis,- ce qui est plus rare en vérité.",On,connaissait,à Phileas Fogg ni femme ni enfants,chaque jour,1872-00-00-10,en l' année 1872,1872-00-00-00-00,precedent_context,habitée,1872-00-00-10,1872-00-00-00,temps_different
107,1 || 10 || 32 || on || connaissait || ce,1,10,32,"On ne connaissait à Phileas Fogg ni femme ni enfants,- ce qui peut arriver aux gens les plus honnêtes,- ni parents ni amis,- ce qui est plus rare en vérité.",On,connaissait,ce,chaque jour,1872-00-00-10,en l' année 1872,1872-00-00-00-00,precedent_context,habitée,1872-00-00-10,1872-00-00-00,temps_different
108,1 || 10 || 32 || qui || peut || _,1,10,32,"On ne connaissait à Phileas Fogg ni femme ni enfants,- ce qui peut arriver aux gens les plus honnêtes,- ni parents ni amis,- ce qui est plus rare en vérité.",qui,peut,,chaque jour,1872-00-00-10,en l' année 1872,1872-00-00-00-00,precedent_context,habitée,1872-00-00-10,1872-00-00-00,temps_different
109,1 || 10 || 32 || qui || arriver || aux gens les plus honnêtes,1,10,32,"On ne connaissait à Phileas Fogg ni femme ni enfants,- ce qui peut arriver aux gens les plus honnêtes,- ni parents ni amis,- ce qui est plus rare en vérité.",qui,arriver,aux gens les plus honnêtes,chaque jour,1872-00-00-10,en l' année 1872,1872-00-00-00-00,precedent_context,habitée,1872-00-00-10,1872-00-00-00,temps_different
110,1 || 10 || 33 || phileas fogg || vivait || dans sa maison de saville-row,1,10,33,"Phileas Fogg vivait seul dans sa maison de Saville - row, où personne ne pénétrait.",Phileas Fogg,vivait,dans sa maison de Saville-row,chaque jour,1872-00-00-10,en l' année 1872,1872-00-00-00-00,precedent_context,habitée,1872-00-00-10,1872-00-00-00,temps_different
111,1 || 10 || 33 || personne || pénétrait || où,1,10,33,"Phileas Fogg vivait seul dans sa maison de Saville - row, où personne ne pénétrait.",personne,pénétrait,où,chaque jour,1872-00-00-10,en l' année 1872,1872-00-00-00-00,precedent_context,habitée,1872-00-00-10,1872-00-00-00,temps_different
112,1 || 10 || 35 || un seul domestique || suffisait || _,1,10,35,Un seul domestique suffisait à le servir.,Un seul domestique,suffisait,,chaque jour,1872-00-00-10,en l' année 1872,1872-00-00-00-00,precedent_context,habitée,1872-00-00-10,1872-00-00-00,temps_different
113,1 || 10 || 35 || un seul domestique || servir || le,1,10,35,Un seul domestique suffisait à le servir.,Un seul domestique,servir,le,chaque jour,1872-00-00-10,en l' année 1872,1872-00-00-00-00,precedent_context,habitée,1872-00-00-10,1872-00-00-00,temps_different
114,1 || 10 || 36 || _ || déjeunant || _,1,10,36,"Déjeunant, dînant au club à des heures chronométriquement déterminées, dans la même salle, à la même table, ne traitant point ses collègues, n' invitant aucun étranger, il ne rentrait chez lui que pour se coucher, à minuit précis, sans jamais user de ces chambres confortables que le Reform - Club tient à la disposition des membres du cercle.",,Déjeunant,,à des heures chronométriquement déterminées,1872-00-00-12-17,en l' année 1872,1872-00-00-00-00,precedent_context,habitée,1872-00-00-12-17,1872-00-00-00,temps_different
115,1 || 10 || 36 || _ || dînant || au club,1,10,36,"Déjeunant, dînant au club à des heures chronométriquement déterminées, dans la même salle, à la même table, ne traitant point ses collègues, n' invitant aucun étranger, il ne rentrait chez lui que pour se coucher, à minuit précis, sans jamais user de ces chambres confortables que le Reform - Club tient à la disposition des membres du cercle.",,dînant,au club,à des heures chronométriquement déterminées,1872-00-00-12-17,à des heures chronométriquement déterminées,,ud_direct,dînant,1872-00-00-12-17,,seulement_ref
116,1 || 10 || 36 || _ || dînant || à des heures,1,10,36,"Déjeunant, dînant au club à des heures chronométriquement déterminées, dans la même salle, à la même table, ne traitant point ses collègues, n' invitant aucun étranger, il ne rentrait chez lui que pour se coucher, à minuit précis, sans jamais user de ces chambres confortables que le Reform - Club tient à la disposition des membres du cercle.",,dînant,à des heures,à des heures chronométriquement déterminées,1872-00-00-12-17,à des heures chronométriquement déterminées,,objet,dînant,1872-00-00-12-17,,seulement_ref
117,1 || 10 || 36 || _ || dînant || dans la même salle,1,10,36,"Déjeunant, dînant au club à des heures chronométriquement déterminées, dans la même salle, à la même table, ne traitant point ses collègues, n' invitant aucun étranger, il ne rentrait chez lui que pour se coucher, à minuit précis, sans jamais user de ces chambres confortables que le Reform - Club tient à la disposition des membres du cercle.",,dînant,dans la même salle,à des heures chronométriquement déterminées,1872-00-00-12-17,à des heures chronométriquement déterminées,,ud_direct,dînant,1872-00-00-12-17,,seulement_ref
118,1 || 10 || 36 || _ || dînant || à la même table,1,10,36,"Déjeunant, dînant au club à des heures chronométriquement déterminées, dans la même salle, à la même table, ne traitant point ses collègues, n' invitant aucun étranger, il ne rentrait chez lui que pour se coucher, à minuit précis, sans jamais user de ces chambres confortables que le Reform - Club tient à la disposition des membres du cercle.",,dînant,à la même table,à des heures chronométriquement déterminées,1872-00-00-12-17,à des heures chronométriquement déterminées,,ud_direct,dînant,1872-00-00-12-17,,seulement_ref
119,1 || 10 || 36 || _ || déterminées || _,1,10,36,"Déjeunant, dînant au club à des heures chronométriquement déterminées, dans la même salle, à la même table, ne traitant point ses collègues, n' invitant aucun étranger, il ne rentrait chez lui que pour se coucher, à minuit précis, sans jamais user de ces chambres confortables que le Reform - Club tient à la disposition des membres du cercle.",,déterminées,,à des heures chronométriquement déterminées,1872-00-00-12-17,en l' année 1872,1872-00-00-00-00,precedent_context,habitée,1872-00-00-12-17,1872-00-00-00,temps_different
120,1 || 10 || 36 || il || traitant || ses collègues,1,10,36,"Déjeunant, dînant au club à des heures chronométriquement déterminées, dans la même salle, à la même table, ne traitant point ses collègues, n' invitant aucun étranger, il ne rentrait chez lui que pour se coucher, à minuit précis, sans jamais user de ces chambres confortables que le Reform - Club tient à la disposition des membres du cercle.",il,traitant,ses collègues,à des heures chronométriquement déterminées,1872-00-00-12-17,en l' année 1872,1872-00-00-00-00,precedent_context,habitée,1872-00-00-12-17,1872-00-00-00,temps_different
121,1 || 10 || 36 || il || invitant || aucun étranger,1,10,36,"Déjeunant, dînant au club à des heures chronométriquement déterminées, dans la même salle, à la même table, ne traitant point ses collègues, n' invitant aucun étranger, il ne rentrait chez lui que pour se coucher, à minuit précis, sans jamais user de ces chambres confortables que le Reform - Club tient à la disposition des membres du cercle.",il,invitant,aucun étranger,à des heures chronométriquement déterminées,1872-00-00-12-17,en l' année 1872,1872-00-00-00-00,precedent_context,habitée,1872-00-00-12-17,1872-00-00-00,temps_different
122,1 || 10 || 36 || il || rentrait || chez lui,1,10,36,"Déjeunant, dînant au club à des heures chronométriquement déterminées, dans la même salle, à la même table, ne traitant point ses collègues, n' invitant aucun étranger, il ne rentrait chez lui que pour se coucher, à minuit précis, sans jamais user de ces chambres confortables que le Reform - Club tient à la disposition des membres du cercle.",il,rentrait,chez lui,à des heures chronométriquement déterminées,1872-00-00-12-17,en l' année 1872,1872-00-00-00-00,precedent_context,habitée,1872-00-00-12-17,1872-00-00-00,temps_different
123,1 || 10 || 36 || il || coucher || se,1,10,36,"Déjeunant, dînant au club à des heures chronométriquement déterminées, dans la même salle, à la même table, ne traitant point ses collègues, n' invitant aucun étranger, il ne rentrait chez lui que pour se coucher, à minuit précis, sans jamais user de ces chambres confortables que le Reform - Club tient à la disposition des membres du cercle.",il,coucher,se,à des heures chronométriquement déterminées,1872-00-00-12-17,à minuit précis,1872-00-00-00-00,ud_direct,coucher,1872-00-00-12-17,1872-00-00-00,temps_different
124,1 || 10 || 36 || il || coucher || à minuit précis,1,10,36,"Déjeunant, dînant au club à des heures chronométriquement déterminées, dans la même salle, à la même table, ne traitant point ses collègues, n' invitant aucun étranger, il ne rentrait chez lui que pour se coucher, à minuit précis, sans jamais user de ces chambres confortables que le Reform - Club tient à la disposition des membres du cercle.",il,coucher,à minuit précis,à minuit précis,1872-00-00-12,à minuit précis,1872-00-00-00-00,objet,coucher,1872-00-00-12,1872-00-00-00,temps_different
125,1 || 10 || 36 || _ || user || de ces chambres confortables,1,10,36,"Déjeunant, dînant au club à des heures chronométriquement déterminées, dans la même salle, à la même table, ne traitant point ses collègues, n' invitant aucun étranger, il ne rentrait chez lui que pour se coucher, à minuit précis, sans jamais user de ces chambres confortables que le Reform - Club tient à la disposition des membres du cercle.",,user,de ces chambres confortables,à des heures chronométriquement déterminées,1872-00-00-12-17,en l' année 1872,1872-00-00-00-00,precedent_context,habitée,1872-00-00-12-17,1872-00-00-00,temps_different
126,1 || 10 || 36 || le reform-club || tient || que,1,10,36,"Déjeunant, dînant au club à des heures chronométriquement déterminées, dans la même salle, à la même table, ne traitant point ses collègues, n' invitant aucun étranger, il ne rentrait chez lui que pour se coucher, à minuit précis, sans jamais user de ces chambres confortables que le Reform - Club tient à la disposition des membres du cercle.",le Reform-Club,tient,que,à des heures chronométriquement déterminées,1872-00-00-12-17,en l' année 1872,1872-00-00-00-00,precedent_context,habitée,1872-00-00-12-17,1872-00-00-00,temps_different
127,1 || 10 || 36 || le reform-club || tient || à la disposition des membres du cercle,1,10,36,"Déjeunant, dînant au club à des heures chronométriquement déterminées, dans la même salle, à la même table, ne traitant point ses collègues, n' invitant aucun étranger, il ne rentrait chez lui que pour se coucher, à minuit précis, sans jamais user de ces chambres confortables que le Reform - Club tient à la disposition des membres du cercle.",le Reform-Club,tient,à la disposition des membres du cercle,à des heures chronométriquement déterminées,1872-00-00-12-17,en l' année 1872,1872-00-00-00-00,precedent_context,habitée,1872-00-00-12-17,1872-00-00-00,temps_different
128,1 || 10 || 37 || il || passait || sur vingt-quatre heures,1,10,37,"Sur vingt-quatre heures, il en passait dix à son domicile, soit qu' il dormît, soit qu' il s' occupât de sa toilette.",il,passait,Sur vingt-quatre heures,à des heures chronométriquement déterminées,1872-00-00-12-17,sur vingt-quatre heures,,objet,passait,1872-00-00-12-17,,seulement_ref
129,1 || 10 || 37 || il || passait || dix,1,10,37,"Sur vingt-quatre heures, il en passait dix à son domicile, soit qu' il dormît, soit qu' il s' occupât de sa toilette.",il,passait,dix,à des heures chronométriquement déterminées,1872-00-00-12-17,sur vingt-quatre heures,,ud_direct,passait,1872-00-00-12-17,,seulement_ref
130,1 || 10 || 37 || il || passait || à son domicile,1,10,37,"Sur vingt-quatre heures, il en passait dix à son domicile, soit qu' il dormît, soit qu' il s' occupât de sa toilette.",il,passait,à son domicile,à des heures chronométriquement déterminées,1872-00-00-12-17,sur vingt-quatre heures,,ud_direct,passait,1872-00-00-12-17,,seulement_ref
131,1 || 10 || 37 || il || dormît || _,1,10,37,"Sur vingt-quatre heures, il en passait dix à son domicile, soit qu' il dormît, soit qu' il s' occupât de sa toilette.",il,dormît,,à des heures chronométriquement déterminées,1872-00-00-12-17,en l' année 1872,1872-00-00-00-00,precedent_context,habitée,1872-00-00-12-17,1872-00-00-00,temps_different
132,1 || 10 || 37 || il || occupât || s',1,10,37,"Sur vingt-quatre heures, il en passait dix à son domicile, soit qu' il dormît, soit qu' il s' occupât de sa toilette.",il,occupât,s',à des heures chronométriquement déterminées,1872-00-00-12-17,en l' année 1872,1872-00-00-00-00,precedent_context,habitée,1872-00-00-12-17,1872-00-00-00,temps_different
133,1 || 10 || 37 || il || occupât || de sa toilette,1,10,37,"Sur vingt-quatre heures, il en passait dix à son domicile, soit qu' il dormît, soit qu' il s' occupât de sa toilette.",il,occupât,de sa toilette,à des heures chronométriquement déterminées,1872-00-00-12-17,en l' année 1872,1872-00-00-00-00,precedent_context,habitée,1872-00-00-12-17,1872-00-00-00,temps_different
134,1 || 10 || 38 || il || promenait || se,1,10,38,"S' il se promenait, c' était invariablement, d' un pas égal, dans la salle d' entrée parquetée en marqueterie, ou sur la galerie circulaire, au-dessus de laquelle s' arrondit un dôme à vitraux bleus, que supportent vingt colonnes ioniques en porphyre rouge.",il,promenait,se,à des heures chronométriquement déterminées,1872-00-00-12-17,en l' année 1872,1872-00-00-00-00,precedent_context,habitée,1872-00-00-12-17,1872-00-00-00,temps_different
135,1 || 10 || 38 || il || promenait || d'un pas égal,1,10,38,"S' il se promenait, c' était invariablement, d' un pas égal, dans la salle d' entrée parquetée en marqueterie, ou sur la galerie circulaire, au-dessus de laquelle s' arrondit un dôme à vitraux bleus, que supportent vingt colonnes ioniques en porphyre rouge.",il,promenait,d'un pas égal,à des heures chronométriquement déterminées,1872-00-00-12-17,en l' année 1872,1872-00-00-00-00,precedent_context,habitée,1872-00-00-12-17,1872-00-00-00,temps_different
136,1 || 10 || 38 || il || promenait || dans la salle d'entrée ou sur la galerie circulaire,1,10,38,"S' il se promenait, c' était invariablement, d' un pas égal, dans la salle d' entrée parquetée en marqueterie, ou sur la galerie circulaire, au-dessus de laquelle s' arrondit un dôme à vitraux bleus, que supportent vingt colonnes ioniques en porphyre rouge.",il,promenait,dans la salle d'entrée ou sur la galerie circulaire,à des heures chronométriquement déterminées,1872-00-00-12-17,en l' année 1872,1872-00-00-00-00,precedent_context,habitée,1872-00-00-12-17,1872-00-00-00,temps_different
137,1 || 10 || 38 || _ || parquetée || en marqueterie,1,10,38,"S' il se promenait, c' était invariablement, d' un pas égal, dans la salle d' entrée parquetée en marqueterie, ou sur la galerie circulaire, au-dessus de laquelle s' arrondit un dôme à vitraux bleus, que supportent vingt colonnes ioniques en porphyre rouge.",,parquetée,en marqueterie,à des heures chronométriquement déterminées,1872-00-00-12-17,en l' année 1872,1872-00-00-00-00,precedent_context,habitée,1872-00-00-12-17,1872-00-00-00,temps_different
138,1 || 10 || 38 || un dôme à vitraux bleus || arrondit || s',1,10,38,"S' il se promenait, c' était invariablement, d' un pas égal, dans la salle d' entrée parquetée en marqueterie, ou sur la galerie circulaire, au-dessus de laquelle s' arrondit un dôme à vitraux bleus, que supportent vingt colonnes ioniques en porphyre rouge.",un dôme à vitraux bleus,arrondit,s',à des heures chronométriquement déterminées,1872-00-00-12-17,en l' année 1872,1872-00-00-00-00,precedent_context,habitée,1872-00-00-12-17,1872-00-00-00,temps_different
139,1 || 10 || 38 || vingt colonnes ioniques en porphyre rouge || supportent || que,1,10,38,"S' il se promenait, c' était invariablement, d' un pas égal, dans la salle d' entrée parquetée en marqueterie, ou sur la galerie circulaire, au-dessus de laquelle s' arrondit un dôme à vitraux bleus, que supportent vingt colonnes ioniques en porphyre rouge.",vingt colonnes ioniques en porphyre rouge,supportent,que,à des heures chronométriquement déterminées,1872-00-00-12-17,en l' année 1872,1872-00-00-00-00,precedent_context,habitée,1872-00-00-12-17,1872-00-00-00,temps_different
140,1 || 10 || 39 || il || dînait || _,1,10,39,"S' il dînait ou déjeunait, c' étaient les cuisines, le garde-manger, l' office, la poissonnerie, la laiterie du club, qui fournissaient à sa table leurs succulentes réserves; c' étaient les domestiques du club, graves personnages en habit noir, chaussés de souliers à semelles de molleton, qui le servaient dans une porcelaine spéciale et sur un admirable linge en toile de Saxe; c' étaient les cristaux à moule perdu du club qui contenaient son sherry, son porto ou son claret mélangé de cannelle, de capillaire et de cinnamome; c' était enfin la glace du club - glace venue à grands frais des lacs d' Amérique- qui entretenait ses boissons dans un satisfaisant état de fraîcheur.",il,dînait,,à des heures chronométriquement déterminées,1872-00-00-12-17,en l' année 1872,1872-00-00-00-00,precedent_context,habitée,1872-00-00-12-17,1872-00-00-00,temps_different
141,1 || 10 || 39 || il || déjeunait || _,1,10,39,"S' il dînait ou déjeunait, c' étaient les cuisines, le garde-manger, l' office, la poissonnerie, la laiterie du club, qui fournissaient à sa table leurs succulentes réserves; c' étaient les domestiques du club, graves personnages en habit noir, chaussés de souliers à semelles de molleton, qui le servaient dans une porcelaine spéciale et sur un admirable linge en toile de Saxe; c' étaient les cristaux à moule perdu du club qui contenaient son sherry, son porto ou son claret mélangé de cannelle, de capillaire et de cinnamome; c' était enfin la glace du club - glace venue à grands frais des lacs d' Amérique- qui entretenait ses boissons dans un satisfaisant état de fraîcheur.",il,déjeunait,,à des heures chronométriquement déterminées,1872-00-00-12-17,en l' année 1872,1872-00-00-00-00,precedent_context,habitée,1872-00-00-12-17,1872-00-00-00,temps_different
142,1 || 10 || 39 || qui || fournissaient || à sa table,1,10,39,"S' il dînait ou déjeunait, c' étaient les cuisines, le garde-manger, l' office, la poissonnerie, la laiterie du club, qui fournissaient à sa table leurs succulentes réserves; c' étaient les domestiques du club, graves personnages en habit noir, chaussés de souliers à semelles de molleton, qui le servaient dans une porcelaine spéciale et sur un admirable linge en toile de Saxe; c' étaient les cristaux à moule perdu du club qui contenaient son sherry, son porto ou son claret mélangé de cannelle, de capillaire et de cinnamome; c' était enfin la glace du club - glace venue à grands frais des lacs d' Amérique- qui entretenait ses boissons dans un satisfaisant état de fraîcheur.",qui,fournissaient,à sa table,à des heures chronométriquement déterminées,1872-00-00-12-17,en l' année 1872,1872-00-00-00-00,precedent_context,habitée,1872-00-00-12-17,1872-00-00-00,temps_different
143,1 || 10 || 39 || qui || fournissaient || leurs succulentes réserves,1,10,39,"S' il dînait ou déjeunait, c' étaient les cuisines, le garde-manger, l' office, la poissonnerie, la laiterie du club, qui fournissaient à sa table leurs succulentes réserves; c' étaient les domestiques du club, graves personnages en habit noir, chaussés de souliers à semelles de molleton, qui le servaient dans une porcelaine spéciale et sur un admirable linge en toile de Saxe; c' étaient les cristaux à moule perdu du club qui contenaient son sherry, son porto ou son claret mélangé de cannelle, de capillaire et de cinnamome; c' était enfin la glace du club - glace venue à grands frais des lacs d' Amérique- qui entretenait ses boissons dans un satisfaisant état de fraîcheur.",qui,fournissaient,leurs succulentes réserves,à des heures chronométriquement déterminées,1872-00-00-12-17,en l' année 1872,1872-00-00-00-00,precedent_context,habitée,1872-00-00-12-17,1872-00-00-00,temps_different
144,1 || 10 || 39 || _ || chaussés || de souliers à semelles de molleton,1,10,39,"S' il dînait ou déjeunait, c' étaient les cuisines, le garde-manger, l' office, la poissonnerie, la laiterie du club, qui fournissaient à sa table leurs succulentes réserves; c' étaient les domestiques du club, graves personnages en habit noir, chaussés de souliers à semelles de molleton, qui le servaient dans une porcelaine spéciale et sur un admirable linge en toile de Saxe; c' étaient les cristaux à moule perdu du club qui contenaient son sherry, son porto ou son claret mélangé de cannelle, de capillaire et de cinnamome; c' était enfin la glace du club - glace venue à grands frais des lacs d' Amérique- qui entretenait ses boissons dans un satisfaisant état de fraîcheur.",,chaussés,de souliers à semelles de molleton,à des heures chronométriquement déterminées,1872-00-00-12-17,en l' année 1872,1872-00-00-00-00,precedent_context,habitée,1872-00-00-12-17,1872-00-00-00,temps_different
145,1 || 10 || 39 || qui || servaient || le,1,10,39,"S' il dînait ou déjeunait, c' étaient les cuisines, le garde-manger, l' office, la poissonnerie, la laiterie du club, qui fournissaient à sa table leurs succulentes réserves; c' étaient les domestiques du club, graves personnages en habit noir, chaussés de souliers à semelles de molleton, qui le servaient dans une porcelaine spéciale et sur un admirable linge en toile de Saxe; c' étaient les cristaux à moule perdu du club qui contenaient son sherry, son porto ou son claret mélangé de cannelle, de capillaire et de cinnamome; c' était enfin la glace du club - glace venue à grands frais des lacs d' Amérique- qui entretenait ses boissons dans un satisfaisant état de fraîcheur.",qui,servaient,le,à des heures chronométriquement déterminées,1872-00-00-12-17,en l' année 1872,1872-00-00-00-00,precedent_context,habitée,1872-00-00-12-17,1872-00-00-00,temps_different
146,1 || 10 || 39 || qui || servaient || dans une porcelaine spéciale et sur un admirable linge en toile de saxe,1,10,39,"S' il dînait ou déjeunait, c' étaient les cuisines, le garde-manger, l' office, la poissonnerie, la laiterie du club, qui fournissaient à sa table leurs succulentes réserves; c' étaient les domestiques du club, graves personnages en habit noir, chaussés de souliers à semelles de molleton, qui le servaient dans une porcelaine spéciale et sur un admirable linge en toile de Saxe; c' étaient les cristaux à moule perdu du club qui contenaient son sherry, son porto ou son claret mélangé de cannelle, de capillaire et de cinnamome; c' était enfin la glace du club - glace venue à grands frais des lacs d' Amérique- qui entretenait ses boissons dans un satisfaisant état de fraîcheur.",qui,servaient,dans une porcelaine spéciale et sur un admirable linge en toile de Saxe,à des heures chronométriquement déterminées,1872-00-00-12-17,en l' année 1872,1872-00-00-00-00,precedent_context,habitée,1872-00-00-12-17,1872-00-00-00,temps_different
147,1 || 10 || 39 || _ || perdu || _,1,10,39,"S' il dînait ou déjeunait, c' étaient les cuisines, le garde-manger, l' office, la poissonnerie, la laiterie du club, qui fournissaient à sa table leurs succulentes réserves; c' étaient les domestiques du club, graves personnages en habit noir, chaussés de souliers à semelles de molleton, qui le servaient dans une porcelaine spéciale et sur un admirable linge en toile de Saxe; c' étaient les cristaux à moule perdu du club qui contenaient son sherry, son porto ou son claret mélangé de cannelle, de capillaire et de cinnamome; c' était enfin la glace du club - glace venue à grands frais des lacs d' Amérique- qui entretenait ses boissons dans un satisfaisant état de fraîcheur.",,perdu,,à des heures chronométriquement déterminées,1872-00-00-12-17,en l' année 1872,1872-00-00-00-00,precedent_context,habitée,1872-00-00-12-17,1872-00-00-00,temps_different
148,1 || 10 || 39 || qui || contenaient || son sherry son porto ou son claret,1,10,39,"S' il dînait ou déjeunait, c' étaient les cuisines, le garde-manger, l' office, la poissonnerie, la laiterie du club, qui fournissaient à sa table leurs succulentes réserves; c' étaient les domestiques du club, graves personnages en habit noir, chaussés de souliers à semelles de molleton, qui le servaient dans une porcelaine spéciale et sur un admirable linge en toile de Saxe; c' étaient les cristaux à moule perdu du club qui contenaient son sherry, son porto ou son claret mélangé de cannelle, de capillaire et de cinnamome; c' était enfin la glace du club - glace venue à grands frais des lacs d' Amérique- qui entretenait ses boissons dans un satisfaisant état de fraîcheur.",qui,contenaient,son sherry son porto ou son claret,à des heures chronométriquement déterminées,1872-00-00-12-17,en l' année 1872,1872-00-00-00-00,precedent_context,habitée,1872-00-00-12-17,1872-00-00-00,temps_different
149,1 || 10 || 39 || _ || mélangé || de cannelle de capillaire et de cinnamome,1,10,39,"S' il dînait ou déjeunait, c' étaient les cuisines, le garde-manger, l' office, la poissonnerie, la laiterie du club, qui fournissaient à sa table leurs succulentes réserves; c' étaient les domestiques du club, graves personnages en habit noir, chaussés de souliers à semelles de molleton, qui le servaient dans une porcelaine spéciale et sur un admirable linge en toile de Saxe; c' étaient les cristaux à moule perdu du club qui contenaient son sherry, son porto ou son claret mélangé de cannelle, de capillaire et de cinnamome; c' était enfin la glace du club - glace venue à grands frais des lacs d' Amérique- qui entretenait ses boissons dans un satisfaisant état de fraîcheur.",,mélangé,de cannelle de capillaire et de cinnamome,à des heures chronométriquement déterminées,1872-00-00-12-17,en l' année 1872,1872-00-00-00-00,precedent_context,habitée,1872-00-00-12-17,1872-00-00-00,temps_different
150,1 || 10 || 39 || _ || venue || à grands frais des lacs d'amérique,1,10,39,"S' il dînait ou déjeunait, c' étaient les cuisines, le garde-manger, l' office, la poissonnerie, la laiterie du club, qui fournissaient à sa table leurs succulentes réserves; c' étaient les domestiques du club, graves personnages en habit noir, chaussés de souliers à semelles de molleton, qui le servaient dans une porcelaine spéciale et sur un admirable linge en toile de Saxe; c' étaient les cristaux à moule perdu du club qui contenaient son sherry, son porto ou son claret mélangé de cannelle, de capillaire et de cinnamome; c' était enfin la glace du club - glace venue à grands frais des lacs d' Amérique- qui entretenait ses boissons dans un satisfaisant état de fraîcheur.",,venue,à grands frais des lacs d'Amérique,à des heures chronométriquement déterminées,1872-00-00-12-17,en l' année 1872,1872-00-00-00-00,precedent_context,habitée,1872-00-00-12-17,1872-00-00-00,temps_different
151,1 || 10 || 39 || amérique-qui || entretenait || ses boissons,1,10,39,"S' il dînait ou déjeunait, c' étaient les cuisines, le garde-manger, l' office, la poissonnerie, la laiterie du club, qui fournissaient à sa table leurs succulentes réserves; c' étaient les domestiques du club, graves personnages en habit noir, chaussés de souliers à semelles de molleton, qui le servaient dans une porcelaine spéciale et sur un admirable linge en toile de Saxe; c' étaient les cristaux à moule perdu du club qui contenaient son sherry, son porto ou son claret mélangé de cannelle, de capillaire et de cinnamome; c' était enfin la glace du club - glace venue à grands frais des lacs d' Amérique- qui entretenait ses boissons dans un satisfaisant état de fraîcheur.",Amérique-qui,entretenait,ses boissons,à des heures chronométriquement déterminées,1872-00-00-12-17,en l' année 1872,1872-00-00-00-00,precedent_context,habitée,1872-00-00-12-17,1872-00-00-00,temps_different
152,1 || 10 || 39 || amérique-qui || entretenait || dans un satisfaisant état de fraîcheur,1,10,39,"S' il dînait ou déjeunait, c' étaient les cuisines, le garde-manger, l' office, la poissonnerie, la laiterie du club, qui fournissaient à sa table leurs succulentes réserves; c' étaient les domestiques du club, graves personnages en habit noir, chaussés de souliers à semelles de molleton, qui le servaient dans une porcelaine spéciale et sur un admirable linge en toile de Saxe; c' étaient les cristaux à moule perdu du club qui contenaient son sherry, son porto ou son claret mélangé de cannelle, de capillaire et de cinnamome; c' était enfin la glace du club - glace venue à grands frais des lacs d' Amérique- qui entretenait ses boissons dans un satisfaisant état de fraîcheur.",Amérique-qui,entretenait,dans un satisfaisant état de fraîcheur,à des heures chronométriquement déterminées,1872-00-00-12-17,en l' année 1872,1872-00-00-00-00,precedent_context,habitée,1872-00-00-12-17,1872-00-00-00,temps_different
153,1 || 11 || 40 || _ || vivre || dans ces conditions,1,11,40,"Si vivre dans ces conditions, c' est être un excentrique, il faut convenir que l' excentricité a du bon!",,vivre,dans ces conditions,à des heures chronométriquement déterminées,1872-00-00-12-17,en l' année 1872,1872-00-00-00-00,precedent_context,habitée,1872-00-00-12-17,1872-00-00-00,temps_different
154,1 || 11 || 40 || _ || est || _,1,11,40,"Si vivre dans ces conditions, c' est être un excentrique, il faut convenir que l' excentricité a du bon!",,est,,à des heures chronométriquement déterminées,1872-00-00-12-17,en l' année 1872,1872-00-00-00-00,precedent_context,habitée,1872-00-00-12-17,1872-00-00-00,temps_different
155,1 || 11 || 40 || _ || faut || _,1,11,40,"Si vivre dans ces conditions, c' est être un excentrique, il faut convenir que l' excentricité a du bon!",,faut,,à des heures chronométriquement déterminées,1872-00-00-12-17,en l' année 1872,1872-00-00-00-00,precedent_context,habitée,1872-00-00-12-17,1872-00-00-00,temps_different
156,1 || 11 || 40 || _ || convenir || _,1,11,40,"Si vivre dans ces conditions, c' est être un excentrique, il faut convenir que l' excentricité a du bon!",,convenir,,à des heures chronométriquement déterminées,1872-00-00-12-17,en l' année 1872,1872-00-00-00-00,precedent_context,habitée,1872-00-00-12-17,1872-00-00-00,temps_different
157,1 || 11 || 40 || l'excentricité || a || du bon,1,11,40,"Si vivre dans ces conditions, c' est être un excentrique, il faut convenir que l' excentricité a du bon!",l'excentricité,a,du bon,à des heures chronométriquement déterminées,1872-00-00-12-17,en l' année 1872,1872-00-00-00-00,precedent_context,habitée,1872-00-00-12-17,1872-00-00-00,temps_different
158,1 || 12 || 41 || _ || recommandait || se,1,12,41,"La maison de Saville - row, sans être somptueuse, se recommandait par un extrême confort.",,recommandait,se,à des heures chronométriquement déterminées,1872-00-00-12-17,en l' année 1872,1872-00-00-00-00,precedent_context,habitée,1872-00-00-12-17,1872-00-00-00,temps_different
159,1 || 12 || 41 || _ || recommandait || par un extrême confort,1,12,41,"La maison de Saville - row, sans être somptueuse, se recommandait par un extrême confort.",,recommandait,par un extrême confort,à des heures chronométriquement déterminées,1872-00-00-12-17,en l' année 1872,1872-00-00-00-00,precedent_context,habitée,1872-00-00-12-17,1872-00-00-00,temps_different
160,1 || 12 || 42 || le service || réduisait || d'ailleurs,1,12,42,"D' ailleurs, avec les habitudes invariables du locataire, le service s' y réduisait à peu.",le service,réduisait,D'ailleurs,à des heures chronométriquement déterminées,1872-00-00-12-17,en l' année 1872,1872-00-00-00-00,precedent_context,habitée,1872-00-00-12-17,1872-00-00-00,temps_different
161,1 || 12 || 42 || le service || réduisait || avec les habitudes invariables du locataire,1,12,42,"D' ailleurs, avec les habitudes invariables du locataire, le service s' y réduisait à peu.",le service,réduisait,avec les habitudes invariables du locataire,à des heures chronométriquement déterminées,1872-00-00-12-17,en l' année 1872,1872-00-00-00-00,precedent_context,habitée,1872-00-00-12-17,1872-00-00-00,temps_different
162,1 || 12 || 42 || le service || réduisait || s',1,12,42,"D' ailleurs, avec les habitudes invariables du locataire, le service s' y réduisait à peu.",le service,réduisait,s',à des heures chronométriquement déterminées,1872-00-00-12-17,en l' année 1872,1872-00-00-00-00,precedent_context,habitée,1872-00-00-12-17,1872-00-00-00,temps_different
163,1 || 12 || 42 || le service || réduisait || y,1,12,42,"D' ailleurs, avec les habitudes invariables du locataire, le service s' y réduisait à peu.",le service,réduisait,y,à des heures chronométriquement déterminées,1872-00-00-12-17,en l' année 1872,1872-00-00-00-00,precedent_context,habitée,1872-00-00-12-17,1872-00-00-00,temps_different
164,1 || 12 || 43 || phileas fogg || exigeait || de son unique domestique,1,12,43,"Toutefois, Phileas Fogg exigeait de son unique domestique une ponctualité, une régularité extraordinaires.",Phileas Fogg,exigeait,de son unique domestique,à des heures chronométriquement déterminées,1872-00-00-12-17,en l' année 1872,1872-00-00-00-00,precedent_context,habitée,1872-00-00-12-17,1872-00-00-00,temps_different
165,1 || 12 || 43 || phileas fogg || exigeait || une ponctualité une régularité extraordinaires,1,12,43,"Toutefois, Phileas Fogg exigeait de son unique domestique une ponctualité, une régularité extraordinaires.",Phileas Fogg,exigeait,une ponctualité une régularité extraordinaires,à des heures chronométriquement déterminées,1872-00-00-12-17,en l' année 1872,1872-00-00-00-00,precedent_context,habitée,1872-00-00-12-17,1872-00-00-00,temps_different
166,1 || 12 || 44 || phileas fogg || donné || ce jour -là même,1,12,44,"Ce jour -là même, 2 octobre, Phileas Fogg avait donné son congé à James Forster- ce garçon s' étant rendu coupable de lui avoir apporté pour sa barbe de l' eau à quatre-vingt-quatre degrés Fahrenheit au lieu de quatre-vingt-six -, et il attendait son successeur, qui devait se présenter entre onze heures et onze heures et demie.",Phileas Fogg,donné,Ce jour -là même,ce jour -là même,1872_10_02_00,ce jour -là même,1872-10-02-00-00,objet,donné,1872_10_02_00,1872-10-02-00,temps_different
167,1 || 12 || 44 || phileas fogg || donné || 2 octobre,1,12,44,"Ce jour -là même, 2 octobre, Phileas Fogg avait donné son congé à James Forster- ce garçon s' étant rendu coupable de lui avoir apporté pour sa barbe de l' eau à quatre-vingt-quatre degrés Fahrenheit au lieu de quatre-vingt-six -, et il attendait son successeur, qui devait se présenter entre onze heures et onze heures et demie.",Phileas Fogg,donné,2 octobre,2 octobre,1872_10_02_00,2 octobre,1872-10-02-00-00,objet,donné,1872_10_02_00,1872-10-02-00,temps_different
168,1 || 12 || 44 || phileas fogg || donné || son congé,1,12,44,"Ce jour -là même, 2 octobre, Phileas Fogg avait donné son congé à James Forster- ce garçon s' étant rendu coupable de lui avoir apporté pour sa barbe de l' eau à quatre-vingt-quatre degrés Fahrenheit au lieu de quatre-vingt-six -, et il attendait son successeur, qui devait se présenter entre onze heures et onze heures et demie.",Phileas Fogg,donné,son congé,ce jour -là même,1872_10_02_00,2 octobre,1872-10-02-00-00,ud_direct,donné,1872_10_02_00,1872-10-02-00,temps_different
169,1 || 12 || 44 || phileas fogg || donné || à james forster,1,12,44,"Ce jour -là même, 2 octobre, Phileas Fogg avait donné son congé à James Forster- ce garçon s' étant rendu coupable de lui avoir apporté pour sa barbe de l' eau à quatre-vingt-quatre degrés Fahrenheit au lieu de quatre-vingt-six -, et il attendait son successeur, qui devait se présenter entre onze heures et onze heures et demie.",Phileas Fogg,donné,à James Forster,ce jour -là même,1872_10_02_00,2 octobre,1872-10-02-00-00,ud_direct,donné,1872_10_02_00,1872-10-02-00,temps_different
170,1 || 12 || 44 || forster-ce garçon || rendu || s',1,12,44,"Ce jour -là même, 2 octobre, Phileas Fogg avait donné son congé à James Forster- ce garçon s' étant rendu coupable de lui avoir apporté pour sa barbe de l' eau à quatre-vingt-quatre degrés Fahrenheit au lieu de quatre-vingt-six -, et il attendait son successeur, qui devait se présenter entre onze heures et onze heures et demie.",Forster-ce garçon,rendu,s',ce jour -là même,1872_10_02_00,2 octobre,1872-10-02-00-00,ud_scope_anchor,donné,1872_10_02_00,1872-10-02-00,temps_different
171,1 || 12 || 44 || forster-ce garçon || apporté || lui,1,12,44,"Ce jour -là même, 2 octobre, Phileas Fogg avait donné son congé à James Forster- ce garçon s' étant rendu coupable de lui avoir apporté pour sa barbe de l' eau à quatre-vingt-quatre degrés Fahrenheit au lieu de quatre-vingt-six -, et il attendait son successeur, qui devait se présenter entre onze heures et onze heures et demie.",Forster-ce garçon,apporté,lui,ce jour -là même,1872_10_02_00,2 octobre,1872-10-02-00-00,ud_scope_anchor,donné,1872_10_02_00,1872-10-02-00,temps_different
172,1 || 12 || 44 || forster-ce garçon || apporté || pour sa barbe de l'eau à quatre-vingt-quatre degrés fahrenheit,1,12,44,"Ce jour -là même, 2 octobre, Phileas Fogg avait donné son congé à James Forster- ce garçon s' étant rendu coupable de lui avoir apporté pour sa barbe de l' eau à quatre-vingt-quatre degrés Fahrenheit au lieu de quatre-vingt-six -, et il attendait son successeur, qui devait se présenter entre onze heures et onze heures et demie.",Forster-ce garçon,apporté,pour sa barbe de l'eau à quatre-vingt-quatre degrés Fahrenheit,ce jour -là même,1872_10_02_00,2 octobre,1872-10-02-00-00,ud_scope_anchor,donné,1872_10_02_00,1872-10-02-00,temps_different
173,"1 || 12 || 44 || forster-ce garçon || apporté || au lieu de quatre-vingt-six-,",1,12,44,"Ce jour -là même, 2 octobre, Phileas Fogg avait donné son congé à James Forster- ce garçon s' étant rendu coupable de lui avoir apporté pour sa barbe de l' eau à quatre-vingt-quatre degrés Fahrenheit au lieu de quatre-vingt-six -, et il attendait son successeur, qui devait se présenter entre onze heures et onze heures et demie.",Forster-ce garçon,apporté,"au lieu de quatre-vingt-six-,",ce jour -là même,1872_10_02_00,2 octobre,1872-10-02-00-00,ud_scope_anchor,donné,1872_10_02_00,1872-10-02-00,temps_different
174,1 || 12 || 44 || il || attendait || son successeur,1,12,44,"Ce jour -là même, 2 octobre, Phileas Fogg avait donné son congé à James Forster- ce garçon s' étant rendu coupable de lui avoir apporté pour sa barbe de l' eau à quatre-vingt-quatre degrés Fahrenheit au lieu de quatre-vingt-six -, et il attendait son successeur, qui devait se présenter entre onze heures et onze heures et demie.",il,attendait,son successeur,ce jour -là même,1872_10_02_00,2 octobre,1872-10-02-00-00,ud_scope_anchor,donné,1872_10_02_00,1872-10-02-00,temps_different
175,1 || 12 || 44 || qui || devait || _,1,12,44,"Ce jour -là même, 2 octobre, Phileas Fogg avait donné son congé à James Forster- ce garçon s' étant rendu coupable de lui avoir apporté pour sa barbe de l' eau à quatre-vingt-quatre degrés Fahrenheit au lieu de quatre-vingt-six -, et il attendait son successeur, qui devait se présenter entre onze heures et onze heures et demie.",qui,devait,,ce jour -là même,1872_10_02_00,2 octobre,1872-10-02-00-00,ud_scope_anchor,donné,1872_10_02_00,1872-10-02-00,temps_different
176,1 || 12 || 44 || qui || présenter || se,1,12,44,"Ce jour -là même, 2 octobre, Phileas Fogg avait donné son congé à James Forster- ce garçon s' étant rendu coupable de lui avoir apporté pour sa barbe de l' eau à quatre-vingt-quatre degrés Fahrenheit au lieu de quatre-vingt-six -, et il attendait son successeur, qui devait se présenter entre onze heures et onze heures et demie.",qui,présenter,se,entre onze heures et onze heures et demie,1872_10_02_11,entre onze heures et onze heures et demie,1872-10-02-11-00,ud_direct,présenter,1872_10_02_11,1872-10-02-11,temps_different
177,1 || 12 || 44 || qui || présenter || entre onze heures et onze heures et demie,1,12,44,"Ce jour -là même, 2 octobre, Phileas Fogg avait donné son congé à James Forster- ce garçon s' étant rendu coupable de lui avoir apporté pour sa barbe de l' eau à quatre-vingt-quatre degrés Fahrenheit au lieu de quatre-vingt-six -, et il attendait son successeur, qui devait se présenter entre onze heures et onze heures et demie.",qui,présenter,entre onze heures et onze heures et demie,entre onze heures et onze heures et demie,1872_10_02_11,entre onze heures et onze heures et demie,1872-10-02-11-00,objet,présenter,1872_10_02_11,1872-10-02-11,temps_different
178,1 || 13 || 45 || _ || assis || dans son fauteuil,1,13,45,"Phileas Fogg, carrément assis dans son fauteuil, les deux pieds rapprochés comme ceux d' un soldat à la parade, les mains appuyées sur les genoux, le corps droit, la tête haute, regardait marcher l' aiguille de la pendule,- appareil compliqué qui indiquait les heures, les minutes, les secondes, les jours, les quantièmes et l' année.",,assis,dans son fauteuil,ce jour -là même,1872_10_02_00,2 octobre,1872-10-02-00-00,precedent_context,donné,1872_10_02_00,1872-10-02-00,temps_different
179,1 || 13 || 45 || _ || assis || les deux pieds comme ceux d'un soldat à la parade les mains le corps droit la tête haute,1,13,45,"Phileas Fogg, carrément assis dans son fauteuil, les deux pieds rapprochés comme ceux d' un soldat à la parade, les mains appuyées sur les genoux, le corps droit, la tête haute, regardait marcher l' aiguille de la pendule,- appareil compliqué qui indiquait les heures, les minutes, les secondes, les jours, les quantièmes et l' année.",,assis,les deux pieds comme ceux d'un soldat à la parade les mains le corps droit la tête haute,ce jour -là même,1872_10_02_00,2 octobre,1872-10-02-00-00,precedent_context,donné,1872_10_02_00,1872-10-02-00,temps_different
180,1 || 13 || 45 || _ || rapprochés || _,1,13,45,"Phileas Fogg, carrément assis dans son fauteuil, les deux pieds rapprochés comme ceux d' un soldat à la parade, les mains appuyées sur les genoux, le corps droit, la tête haute, regardait marcher l' aiguille de la pendule,- appareil compliqué qui indiquait les heures, les minutes, les secondes, les jours, les quantièmes et l' année.",,rapprochés,,ce jour -là même,1872_10_02_00,2 octobre,1872-10-02-00-00,precedent_context,donné,1872_10_02_00,1872-10-02-00,temps_different
181,1 || 13 || 45 || _ || appuyées || sur les genoux,1,13,45,"Phileas Fogg, carrément assis dans son fauteuil, les deux pieds rapprochés comme ceux d' un soldat à la parade, les mains appuyées sur les genoux, le corps droit, la tête haute, regardait marcher l' aiguille de la pendule,- appareil compliqué qui indiquait les heures, les minutes, les secondes, les jours, les quantièmes et l' année.",,appuyées,sur les genoux,ce jour -là même,1872_10_02_00,2 octobre,1872-10-02-00-00,precedent_context,donné,1872_10_02_00,1872-10-02-00,temps_different
182,1 || 13 || 45 || phileas fogg || regardait || _,1,13,45,"Phileas Fogg, carrément assis dans son fauteuil, les deux pieds rapprochés comme ceux d' un soldat à la parade, les mains appuyées sur les genoux, le corps droit, la tête haute, regardait marcher l' aiguille de la pendule,- appareil compliqué qui indiquait les heures, les minutes, les secondes, les jours, les quantièmes et l' année.",Phileas Fogg,regardait,,ce jour -là même,1872_10_02_00,2 octobre,1872-10-02-00-00,precedent_context,donné,1872_10_02_00,1872-10-02-00,temps_different
183,1 || 13 || 45 || phileas fogg || marcher || l'aiguille de la pendule appareil compliqué,1,13,45,"Phileas Fogg, carrément assis dans son fauteuil, les deux pieds rapprochés comme ceux d' un soldat à la parade, les mains appuyées sur les genoux, le corps droit, la tête haute, regardait marcher l' aiguille de la pendule,- appareil compliqué qui indiquait les heures, les minutes, les secondes, les jours, les quantièmes et l' année.",Phileas Fogg,marcher,l'aiguille de la pendule appareil compliqué,ce jour -là même,1872_10_02_00,2 octobre,1872-10-02-00-00,precedent_context,donné,1872_10_02_00,1872-10-02-00,temps_different
184,1 || 13 || 45 || qui || indiquait || les heures les minutes les secondes les jours les quantièmes et l'année,1,13,45,"Phileas Fogg, carrément assis dans son fauteuil, les deux pieds rapprochés comme ceux d' un soldat à la parade, les mains appuyées sur les genoux, le corps droit, la tête haute, regardait marcher l' aiguille de la pendule,- appareil compliqué qui indiquait les heures, les minutes, les secondes, les jours, les quantièmes et l' année.",qui,indiquait,les heures les minutes les secondes les jours les quantièmes et l'année,ce jour -là même,1872_10_02_00,l' année,1872-00-00-00-00,objet,heures,1872_10_02_00,1872-00-00-00,temps_different
185,1 || 13 || 46 || _ || sonnant || _,1,13,46,"À onze heures et demie sonnant, Mr. Fogg devait, suivant sa quotidienne habitude, quitter la maison et se rendre au Reform - Club.",,sonnant,,à onze heures et demie sonnant,1872_10_02_11,à onze heures et demie sonnant,1872-10-02-11-30,ud_scope_anchor,devait,1872_10_02_11,1872-10-02-11-30,temps_different
186,1 || 13 || 46 || mr. fogg || devait || à onze heures et demie,1,13,46,"À onze heures et demie sonnant, Mr. Fogg devait, suivant sa quotidienne habitude, quitter la maison et se rendre au Reform - Club.",Mr. Fogg,devait,À onze heures et demie,à onze heures et demie sonnant,1872_10_02_11,à onze heures et demie sonnant,1872-10-02-11-30,objet,devait,1872_10_02_11,1872-10-02-11-30,temps_different
187,1 || 13 || 46 || mr. fogg || devait || sa quotidienne habitude,1,13,46,"À onze heures et demie sonnant, Mr. Fogg devait, suivant sa quotidienne habitude, quitter la maison et se rendre au Reform - Club.",Mr. Fogg,devait,sa quotidienne habitude,à onze heures et demie sonnant,1872_10_02_11,à onze heures et demie sonnant,1872-10-02-11-30,ud_direct,devait,1872_10_02_11,1872-10-02-11-30,temps_different
188,1 || 13 || 46 || _ || suivant || _,1,13,46,"À onze heures et demie sonnant, Mr. Fogg devait, suivant sa quotidienne habitude, quitter la maison et se rendre au Reform - Club.",,suivant,,à onze heures et demie sonnant,1872_10_02_11,à onze heures et demie sonnant,1872-10-02-11-30,ud_scope_anchor,devait,1872_10_02_11,1872-10-02-11-30,temps_different
189,1 || 13 || 46 || mr. fogg || quitter || la maison,1,13,46,"À onze heures et demie sonnant, Mr. Fogg devait, suivant sa quotidienne habitude, quitter la maison et se rendre au Reform - Club.",Mr. Fogg,quitter,la maison,à onze heures et demie sonnant,1872_10_02_11,à onze heures et demie sonnant,1872-10-02-11-30,ud_scope_anchor,devait,1872_10_02_11,1872-10-02-11-30,temps_different
190,1 || 13 || 46 || mr. fogg || rendre || se,1,13,46,"À onze heures et demie sonnant, Mr. Fogg devait, suivant sa quotidienne habitude, quitter la maison et se rendre au Reform - Club.",Mr. Fogg,rendre,se,à onze heures et demie sonnant,1872_10_02_11,à onze heures et demie sonnant,1872-10-02-11-30,ud_scope_anchor,devait,1872_10_02_11,1872-10-02-11-30,temps_different
191,1 || 13 || 46 || mr. fogg || rendre || au reform-club,1,13,46,"À onze heures et demie sonnant, Mr. Fogg devait, suivant sa quotidienne habitude, quitter la maison et se rendre au Reform - Club.",Mr. Fogg,rendre,au Reform-Club,à onze heures et demie sonnant,1872_10_02_11,à onze heures et demie sonnant,1872-10-02-11-30,ud_scope_anchor,devait,1872_10_02_11,1872-10-02-11-30,temps_different
192,1 || 13 || 46 || mr. fogg || rendre || reform-club,1,13,46,"À onze heures et demie sonnant, Mr. Fogg devait, suivant sa quotidienne habitude, quitter la maison et se rendre au Reform - Club.",Mr. Fogg,rendre,Reform-Club,à onze heures et demie sonnant,1872_10_02_11,à onze heures et demie sonnant,1872-10-02-11-30,ud_scope_anchor,devait,1872_10_02_11,1872-10-02-11-30,temps_different
193,1 || 13 || 46 || mr. fogg || rendre || reform-club,1,13,46,"À onze heures et demie sonnant, Mr. Fogg devait, suivant sa quotidienne habitude, quitter la maison et se rendre au Reform - Club.",Mr. Fogg,rendre,Reform-Club,à onze heures et demie sonnant,1872_10_02_11,à onze heures et demie sonnant,1872-10-02-11-30,ud_scope_anchor,devait,1872_10_02_11,1872-10-02-11-30,temps_different
194,1 || 13 || 46 || mr. fogg || rendre || reform-club,1,13,46,"À onze heures et demie sonnant, Mr. Fogg devait, suivant sa quotidienne habitude, quitter la maison et se rendre au Reform - Club.",Mr. Fogg,rendre,Reform-Club,à onze heures et demie sonnant,1872_10_02_11,à onze heures et demie sonnant,1872-10-02-11-30,ud_scope_anchor,devait,1872_10_02_11,1872-10-02-11-30,temps_different
195,1 || 13 || 46 || mr. fogg || rendre || reform-club,1,13,46,"À onze heures et demie sonnant, Mr. Fogg devait, suivant sa quotidienne habitude, quitter la maison et se rendre au Reform - Club.",Mr. Fogg,rendre,Reform-Club,à onze heures et demie sonnant,1872_10_02_11,à onze heures et demie sonnant,1872-10-02-11-30,ud_scope_anchor,devait,1872_10_02_11,1872-10-02-11-30,temps_different
196,1 || 14 || 47 || on || frappa || en ce moment,1,14,47,"En ce moment, on frappa à la porte du petit salon Dans lequel se tenait Phileas Fogg.",on,frappa,En ce moment,en ce moment,1872_10_02_11,en ce moment,1872-10-02-11-30,objet,frappa,1872_10_02_11,1872-10-02-11-30,temps_different
197,1 || 14 || 47 || on || frappa || à la porte du petit salon,1,14,47,"En ce moment, on frappa à la porte du petit salon Dans lequel se tenait Phileas Fogg.",on,frappa,à la porte du petit salon,en ce moment,1872_10_02_11,en ce moment,1872-10-02-11-30,ud_direct,frappa,1872_10_02_11,1872-10-02-11-30,temps_different
198,1 || 14 || 47 || phileas fogg || tenait || dans lequel,1,14,47,"En ce moment, on frappa à la porte du petit salon Dans lequel se tenait Phileas Fogg.",Phileas Fogg,tenait,Dans lequel,en ce moment,1872_10_02_11,à onze heures et demie sonnant,1872-10-02-11-30,precedent_context,devait,1872_10_02_11,1872-10-02-11-30,temps_different
199,1 || 14 || 47 || phileas fogg || tenait || se,1,14,47,"En ce moment, on frappa à la porte du petit salon Dans lequel se tenait Phileas Fogg.",Phileas Fogg,tenait,se,en ce moment,1872_10_02_11,à onze heures et demie sonnant,1872-10-02-11-30,precedent_context,devait,1872_10_02_11,1872-10-02-11-30,temps_different
200,1 || 15 || 48 || james forster le congédié || apparut || _,1,15,48,"James Forster, le congédié, apparut.",James Forster le congédié,apparut,,en ce moment,1872_10_02_11,à onze heures et demie sonnant,1872-10-02-11-30,precedent_context,devait,1872_10_02_11,1872-10-02-11-30,temps_different
201,1 || 16 || 49 || -il || dit || _,1,16,49,"«Le nouveau domestique», dit -il.",-il,dit,,en ce moment,1872_10_02_11,à onze heures et demie sonnant,1872-10-02-11-30,precedent_context,devait,1872_10_02_11,1872-10-02-11-30,temps_different
202,1 || 17 || 50 || un garçon âgé d'une trentaine d'années || montra || se,1,17,50,Un garçon âgé d' une trentaine d' années se montra et salua.,Un garçon âgé d'une trentaine d'années,montra,se,en ce moment,1872_10_02_11,à onze heures et demie sonnant,1872-10-02-11-30,precedent_context,devait,1872_10_02_11,1872-10-02-11-30,temps_different
203,1 || 17 || 50 || un garçon âgé d'une trentaine d'années || salua || _,1,17,50,Un garçon âgé d' une trentaine d' années se montra et salua.,Un garçon âgé d'une trentaine d'années,salua,,en ce moment,1872_10_02_11,à onze heures et demie sonnant,1872-10-02-11-30,precedent_context,devait,1872_10_02_11,1872-10-02-11-30,temps_different
204,1 || 18 || 51 || vous || nommez || vous,1,18,51,«Vous êtes Français et vous vous nommez John? lui demanda Phileas Fogg.,vous,nommez,vous,en ce moment,1872_10_02_11,à onze heures et demie sonnant,1872-10-02-11-30,precedent_context,devait,1872_10_02_11,1872-10-02-11-30,temps_different
205,1 || 18 || 51 || phileas fogg || demanda || lui,1,18,51,«Vous êtes Français et vous vous nommez John? lui demanda Phileas Fogg.,Phileas Fogg,demanda,lui,en ce moment,1872_10_02_11,à onze heures et demie sonnant,1872-10-02-11-30,precedent_context,devait,1872_10_02_11,1872-10-02-11-30,temps_different
206,1 || 19 || 52 || _ || déplaise || en,1,19,52,"- Jean, n' en déplaise à monsieur, répondit le nouveau venu, Jean Passepartout, un surnom qui m' est resté, et que justifiait mon aptitude naturelle à me tirer d' affaire.",,déplaise,en,en ce moment,1872_10_02_11,à onze heures et demie sonnant,1872-10-02-11-30,precedent_context,devait,1872_10_02_11,1872-10-02-11-30,temps_different
207,1 || 19 || 52 || _ || déplaise || à monsieur,1,19,52,"- Jean, n' en déplaise à monsieur, répondit le nouveau venu, Jean Passepartout, un surnom qui m' est resté, et que justifiait mon aptitude naturelle à me tirer d' affaire.",,déplaise,à monsieur,en ce moment,1872_10_02_11,à onze heures et demie sonnant,1872-10-02-11-30,precedent_context,devait,1872_10_02_11,1872-10-02-11-30,temps_different
208,1 || 19 || 52 || le nouveau venu jean passepartout un surnom || répondit || _,1,19,52,"- Jean, n' en déplaise à monsieur, répondit le nouveau venu, Jean Passepartout, un surnom qui m' est resté, et que justifiait mon aptitude naturelle à me tirer d' affaire.",le nouveau venu Jean Passepartout un surnom,répondit,,en ce moment,1872_10_02_11,à onze heures et demie sonnant,1872-10-02-11-30,precedent_context,devait,1872_10_02_11,1872-10-02-11-30,temps_different
209,1 || 19 || 52 || qui || resté || m',1,19,52,"- Jean, n' en déplaise à monsieur, répondit le nouveau venu, Jean Passepartout, un surnom qui m' est resté, et que justifiait mon aptitude naturelle à me tirer d' affaire.",qui,resté,m',en ce moment,1872_10_02_11,à onze heures et demie sonnant,1872-10-02-11-30,precedent_context,devait,1872_10_02_11,1872-10-02-11-30,temps_different
210,1 || 19 || 52 || qui || justifiait || mon aptitude naturelle,1,19,52,"- Jean, n' en déplaise à monsieur, répondit le nouveau venu, Jean Passepartout, un surnom qui m' est resté, et que justifiait mon aptitude naturelle à me tirer d' affaire.",qui,justifiait,mon aptitude naturelle,en ce moment,1872_10_02_11,à onze heures et demie sonnant,1872-10-02-11-30,precedent_context,devait,1872_10_02_11,1872-10-02-11-30,temps_different
211,1 || 19 || 52 || _ || tirer || me,1,19,52,"- Jean, n' en déplaise à monsieur, répondit le nouveau venu, Jean Passepartout, un surnom qui m' est resté, et que justifiait mon aptitude naturelle à me tirer d' affaire.",,tirer,me,en ce moment,1872_10_02_11,à onze heures et demie sonnant,1872-10-02-11-30,precedent_context,devait,1872_10_02_11,1872-10-02-11-30,temps_different
212,1 || 19 || 52 || _ || tirer || d'affaire,1,19,52,"- Jean, n' en déplaise à monsieur, répondit le nouveau venu, Jean Passepartout, un surnom qui m' est resté, et que justifiait mon aptitude naturelle à me tirer d' affaire.",,tirer,d'affaire,en ce moment,1872_10_02_11,à onze heures et demie sonnant,1872-10-02-11-30,precedent_context,devait,1872_10_02_11,1872-10-02-11-30,temps_different
213,1 || 19 || 53 || je || crois || _,1,19,53,"Je crois être un honnête garçon, monsieur, mais, pour être franc, j' ai fait plusieurs métiers.",Je,crois,,en ce moment,1872_10_02_11,à onze heures et demie sonnant,1872-10-02-11-30,precedent_context,devait,1872_10_02_11,1872-10-02-11-30,temps_different
214,1 || 19 || 53 || j' || fait || plusieurs métiers,1,19,53,"Je crois être un honnête garçon, monsieur, mais, pour être franc, j' ai fait plusieurs métiers.",j',fait,plusieurs métiers,en ce moment,1872_10_02_11,à onze heures et demie sonnant,1872-10-02-11-30,precedent_context,devait,1872_10_02_11,1872-10-02-11-30,temps_different
215,1 || 19 || 54 || _ || faisant || de la voltige,1,19,54,"J' ai été chanteur ambulant, écuyer dans un cirque, faisant de la voltige comme Léotard, et dansant sur la corde comme Blondin; puis je suis devenu professeur de gymnastique, afin de rendre mes talents plus utiles, et, en dernier lieu, j' étais sergent de pompiers, à Paris.",,faisant,de la voltige,en ce moment,1872_10_02_11,à onze heures et demie sonnant,1872-10-02-11-30,precedent_context,devait,1872_10_02_11,1872-10-02-11-30,temps_different
216,1 || 19 || 54 || _ || faisant || comme léotard,1,19,54,"J' ai été chanteur ambulant, écuyer dans un cirque, faisant de la voltige comme Léotard, et dansant sur la corde comme Blondin; puis je suis devenu professeur de gymnastique, afin de rendre mes talents plus utiles, et, en dernier lieu, j' étais sergent de pompiers, à Paris.",,faisant,comme Léotard,en ce moment,1872_10_02_11,à onze heures et demie sonnant,1872-10-02-11-30,precedent_context,devait,1872_10_02_11,1872-10-02-11-30,temps_different
217,1 || 19 || 54 || j' || dansant || sur la corde,1,19,54,"J' ai été chanteur ambulant, écuyer dans un cirque, faisant de la voltige comme Léotard, et dansant sur la corde comme Blondin; puis je suis devenu professeur de gymnastique, afin de rendre mes talents plus utiles, et, en dernier lieu, j' étais sergent de pompiers, à Paris.",J',dansant,sur la corde,en ce moment,1872_10_02_11,à onze heures et demie sonnant,1872-10-02-11-30,precedent_context,devait,1872_10_02_11,1872-10-02-11-30,temps_different
218,1 || 19 || 54 || j' || dansant || comme blondin,1,19,54,"J' ai été chanteur ambulant, écuyer dans un cirque, faisant de la voltige comme Léotard, et dansant sur la corde comme Blondin; puis je suis devenu professeur de gymnastique, afin de rendre mes talents plus utiles, et, en dernier lieu, j' étais sergent de pompiers, à Paris.",J',dansant,comme Blondin,en ce moment,1872_10_02_11,à onze heures et demie sonnant,1872-10-02-11-30,precedent_context,devait,1872_10_02_11,1872-10-02-11-30,temps_different
219,1 || 19 || 54 || je || devenu || en dernier lieu,1,19,54,"J' ai été chanteur ambulant, écuyer dans un cirque, faisant de la voltige comme Léotard, et dansant sur la corde comme Blondin; puis je suis devenu professeur de gymnastique, afin de rendre mes talents plus utiles, et, en dernier lieu, j' étais sergent de pompiers, à Paris.",je,devenu,en dernier lieu,en ce moment,1872_10_02_11,à onze heures et demie sonnant,1872-10-02-11-30,precedent_context,devait,1872_10_02_11,1872-10-02-11-30,temps_different
220,1 || 19 || 54 || je || devenu || à paris,1,19,54,"J' ai été chanteur ambulant, écuyer dans un cirque, faisant de la voltige comme Léotard, et dansant sur la corde comme Blondin; puis je suis devenu professeur de gymnastique, afin de rendre mes talents plus utiles, et, en dernier lieu, j' étais sergent de pompiers, à Paris.",je,devenu,à Paris,en ce moment,1872_10_02_11,à onze heures et demie sonnant,1872-10-02-11-30,precedent_context,devait,1872_10_02_11,1872-10-02-11-30,temps_different
221,1 || 19 || 54 || _ || rendre || mes talents plus utiles,1,19,54,"J' ai été chanteur ambulant, écuyer dans un cirque, faisant de la voltige comme Léotard, et dansant sur la corde comme Blondin; puis je suis devenu professeur de gymnastique, afin de rendre mes talents plus utiles, et, en dernier lieu, j' étais sergent de pompiers, à Paris.",,rendre,mes talents plus utiles,en ce moment,1872_10_02_11,à onze heures et demie sonnant,1872-10-02-11-30,precedent_context,devait,1872_10_02_11,1872-10-02-11-30,temps_different
222,1 || 19 || 55 || j' || ai || dans mon dossier,1,19,55,J' ai même dans mon dossier des incendies remarquables.,J',ai,dans mon dossier,en ce moment,1872_10_02_11,à onze heures et demie sonnant,1872-10-02-11-30,precedent_context,devait,1872_10_02_11,1872-10-02-11-30,temps_different
223,1 || 19 || 55 || j' || ai || des incendies remarquables,1,19,55,J' ai même dans mon dossier des incendies remarquables.,J',ai,des incendies remarquables,en ce moment,1872_10_02_11,à onze heures et demie sonnant,1872-10-02-11-30,precedent_context,devait,1872_10_02_11,1872-10-02-11-30,temps_different
224,1 || 19 || 56 || je || voilà || cinq ans,1,19,56,"Mais voilà cinq ans que j' ai quitté la France et que, voulant goûter de la vie de famille, je suis valet de chambre en Angleterre.",je,voilà,cinq ans,voilà cinq ans,1867-00-00-00,voilà cinq ans,1872-10-02-11-30,objet,voilà,1867-00-00-00,1872-10-02-11-30,temps_different
225,1 || 19 || 56 || j' || quitté || la france,1,19,56,"Mais voilà cinq ans que j' ai quitté la France et que, voulant goûter de la vie de famille, je suis valet de chambre en Angleterre.",j',quitté,la France,voilà cinq ans,1867-00-00-00,à onze heures et demie sonnant,1872-10-02-11-30,precedent_context,devait,1867-00-00-00,1872-10-02-11-30,temps_different
226,1 || 19 || 56 || _ || voulant || _,1,19,56,"Mais voilà cinq ans que j' ai quitté la France et que, voulant goûter de la vie de famille, je suis valet de chambre en Angleterre.",,voulant,,voilà cinq ans,1867-00-00-00,à onze heures et demie sonnant,1872-10-02-11-30,precedent_context,devait,1867-00-00-00,1872-10-02-11-30,temps_different
227,1 || 19 || 56 || j' || goûter || _,1,19,56,"Mais voilà cinq ans que j' ai quitté la France et que, voulant goûter de la vie de famille, je suis valet de chambre en Angleterre.",j',goûter,,voilà cinq ans,1867-00-00-00,à onze heures et demie sonnant,1872-10-02-11-30,precedent_context,devait,1867-00-00-00,1872-10-02-11-30,temps_different
228,1 || 19 || 56 || j' || goûter || de la vie de famille,1,19,56,"Mais voilà cinq ans que j' ai quitté la France et que, voulant goûter de la vie de famille, je suis valet de chambre en Angleterre.",j',goûter,de la vie de famille,voilà cinq ans,1867-00-00-00,à onze heures et demie sonnant,1872-10-02-11-30,precedent_context,devait,1867-00-00-00,1872-10-02-11-30,temps_different
229,1 || 19 || 57 || je || trouvant || me,1,19,57,"Or, me trouvant sans place et ayant appris que M. Phileas Fogg était l' homme le plus exact et le plus sédentaire du Royaume - Uni, je me suis présenté chez monsieur avec l' espérance d' y vivre tranquille et d' oublier jusqu' à ce nom de Passepartout…",je,trouvant,me,voilà cinq ans,1867-00-00-00,à onze heures et demie sonnant,1872-10-02-11-30,precedent_context,devait,1867-00-00-00,1872-10-02-11-30,temps_different
230,1 || 19 || 57 || je || trouvant || sans place,1,19,57,"Or, me trouvant sans place et ayant appris que M. Phileas Fogg était l' homme le plus exact et le plus sédentaire du Royaume - Uni, je me suis présenté chez monsieur avec l' espérance d' y vivre tranquille et d' oublier jusqu' à ce nom de Passepartout…",je,trouvant,sans place,voilà cinq ans,1867-00-00-00,à onze heures et demie sonnant,1872-10-02-11-30,precedent_context,devait,1867-00-00-00,1872-10-02-11-30,temps_different
231,1 || 19 || 57 || je || appris || _,1,19,57,"Or, me trouvant sans place et ayant appris que M. Phileas Fogg était l' homme le plus exact et le plus sédentaire du Royaume - Uni, je me suis présenté chez monsieur avec l' espérance d' y vivre tranquille et d' oublier jusqu' à ce nom de Passepartout…",je,appris,,voilà cinq ans,1867-00-00-00,à onze heures et demie sonnant,1872-10-02-11-30,precedent_context,devait,1867-00-00-00,1872-10-02-11-30,temps_different
232,1 || 19 || 57 || je || présenté || me,1,19,57,"Or, me trouvant sans place et ayant appris que M. Phileas Fogg était l' homme le plus exact et le plus sédentaire du Royaume - Uni, je me suis présenté chez monsieur avec l' espérance d' y vivre tranquille et d' oublier jusqu' à ce nom de Passepartout…",je,présenté,me,voilà cinq ans,1867-00-00-00,à onze heures et demie sonnant,1872-10-02-11-30,precedent_context,devait,1867-00-00-00,1872-10-02-11-30,temps_different
233,1 || 19 || 57 || je || présenté || chez monsieur,1,19,57,"Or, me trouvant sans place et ayant appris que M. Phileas Fogg était l' homme le plus exact et le plus sédentaire du Royaume - Uni, je me suis présenté chez monsieur avec l' espérance d' y vivre tranquille et d' oublier jusqu' à ce nom de Passepartout…",je,présenté,chez monsieur,voilà cinq ans,1867-00-00-00,à onze heures et demie sonnant,1872-10-02-11-30,precedent_context,devait,1867-00-00-00,1872-10-02-11-30,temps_different
234,1 || 19 || 57 || je || présenté || avec l'espérance,1,19,57,"Or, me trouvant sans place et ayant appris que M. Phileas Fogg était l' homme le plus exact et le plus sédentaire du Royaume - Uni, je me suis présenté chez monsieur avec l' espérance d' y vivre tranquille et d' oublier jusqu' à ce nom de Passepartout…",je,présenté,avec l'espérance,voilà cinq ans,1867-00-00-00,à onze heures et demie sonnant,1872-10-02-11-30,precedent_context,devait,1867-00-00-00,1872-10-02-11-30,temps_different
235,1 || 19 || 57 || _ || vivre || y,1,19,57,"Or, me trouvant sans place et ayant appris que M. Phileas Fogg était l' homme le plus exact et le plus sédentaire du Royaume - Uni, je me suis présenté chez monsieur avec l' espérance d' y vivre tranquille et d' oublier jusqu' à ce nom de Passepartout…",,vivre,y,voilà cinq ans,1867-00-00-00,à onze heures et demie sonnant,1872-10-02-11-30,precedent_context,devait,1867-00-00-00,1872-10-02-11-30,temps_different
236,1 || 19 || 57 || _ || oublier || jusqu'à ce nom de passepartout,1,19,57,"Or, me trouvant sans place et ayant appris que M. Phileas Fogg était l' homme le plus exact et le plus sédentaire du Royaume - Uni, je me suis présenté chez monsieur avec l' espérance d' y vivre tranquille et d' oublier jusqu' à ce nom de Passepartout…",,oublier,jusqu'à ce nom de Passepartout,voilà cinq ans,1867-00-00-00,à onze heures et demie sonnant,1872-10-02-11-30,precedent_context,devait,1867-00-00-00,1872-10-02-11-30,temps_different
237,1 || 20 || 58 || passepartout || convient || me,1,20,58,"- Passepartout me convient, répondit le gentleman.",Passepartout,convient,me,voilà cinq ans,1867-00-00-00,à onze heures et demie sonnant,1872-10-02-11-30,precedent_context,devait,1867-00-00-00,1872-10-02-11-30,temps_different
238,1 || 20 || 58 || le gentleman || répondit || _,1,20,58,"- Passepartout me convient, répondit le gentleman.",le gentleman,répondit,,voilà cinq ans,1867-00-00-00,à onze heures et demie sonnant,1872-10-02-11-30,precedent_context,devait,1867-00-00-00,1872-10-02-11-30,temps_different
239,1 || 20 || 59 || vous || recommandé || m',1,20,59,Vous m' êtes recommandé.,Vous,recommandé,m',voilà cinq ans,1867-00-00-00,à onze heures et demie sonnant,1872-10-02-11-30,precedent_context,devait,1867-00-00-00,1872-10-02-11-30,temps_different
240,1 || 20 || 60 || j' || ai || de bons renseignements sur votre compte,1,20,60,J' ai de bons renseignements sur votre compte.,J',ai,de bons renseignements sur votre compte,voilà cinq ans,1867-00-00-00,à onze heures et demie sonnant,1872-10-02-11-30,precedent_context,devait,1867-00-00-00,1872-10-02-11-30,temps_different
241,1 || 20 || 61 || vous || connaissez || mes conditions,1,20,61,Vous connaissez mes conditions?,Vous,connaissez,mes conditions,voilà cinq ans,1867-00-00-00,à onze heures et demie sonnant,1872-10-02-11-30,precedent_context,devait,1867-00-00-00,1872-10-02-11-30,temps_different
242,1 || 22 || 64 || quelle heure || avez || _,1,22,64,Quelle heure avez -vous?,Quelle heure,avez,,voilà cinq ans,1867-00-00-00,à onze heures et demie sonnant,1872-10-02-11-30,precedent_context,devait,1867-00-00-00,1872-10-02-11-30,temps_different
243,1 || 23 || 65 || _ || répondit || _,1,23,65,"- Onze heures vingt-deux, répondit Passepartout, en tirant des profondeurs de son gousset une énorme montre d' argent.",,répondit,,onze heures vingt-deux,1872_10_02_11,onze heures vingt-deux,1872-10-02-11-22,ud_direct,répondit,1872_10_02_11,1872-10-02-11-22,temps_different
244,1 || 23 || 65 || _ || tirant || des profondeurs de son gousset,1,23,65,"- Onze heures vingt-deux, répondit Passepartout, en tirant des profondeurs de son gousset une énorme montre d' argent.",,tirant,des profondeurs de son gousset,onze heures vingt-deux,1872_10_02_11,onze heures vingt-deux,1872-10-02-11-22,ud_scope_anchor,répondit,1872_10_02_11,1872-10-02-11-22,temps_different
245,1 || 23 || 65 || _ || tirant || une énorme montre d'argent,1,23,65,"- Onze heures vingt-deux, répondit Passepartout, en tirant des profondeurs de son gousset une énorme montre d' argent.",,tirant,une énorme montre d'argent,onze heures vingt-deux,1872_10_02_11,onze heures vingt-deux,1872-10-02-11-22,ud_scope_anchor,répondit,1872_10_02_11,1872-10-02-11-22,temps_different
246,1 || 24 || 66 || -vous || retardez || _,1,24,66,"-Vous retardez, dit Mr. Fogg.",-Vous,retardez,,onze heures vingt-deux,1872_10_02_11,onze heures vingt-deux,1872-10-02-11-22,precedent_context,répondit,1872_10_02_11,1872-10-02-11-22,temps_different
247,1 || 24 || 66 || mr. fogg || dit || _,1,24,66,"-Vous retardez, dit Mr. Fogg.",Mr. Fogg,dit,,onze heures vingt-deux,1872_10_02_11,onze heures vingt-deux,1872-10-02-11-22,precedent_context,répondit,1872_10_02_11,1872-10-02-11-22,temps_different
248,1 || 25 || 67 || monsieur || pardonne || me,1,25,67,"- Que monsieur me pardonne, mais c' est impossible.",monsieur,pardonne,me,onze heures vingt-deux,1872_10_02_11,onze heures vingt-deux,1872-10-02-11-22,precedent_context,répondit,1872_10_02_11,1872-10-02-11-22,temps_different
249,1 || 26 || 68 || -vous || retardez || de quatre minutes,1,26,68,-Vous retardez de quatre minutes.,-Vous,retardez,de quatre minutes,onze heures vingt-deux,1872_10_02_11,onze heures vingt-deux,1872-10-02-11-22,precedent_context,répondit,1872_10_02_11,1872-10-02-11-22,temps_different
250,1 || 26 || 69 || _ || importe || _,1,26,69,N' importe.,,importe,,onze heures vingt-deux,1872_10_02_11,onze heures vingt-deux,1872-10-02-11-22,precedent_context,répondit,1872_10_02_11,1872-10-02-11-22,temps_different
251,1 || 26 || 70 || _ || suffit || _,1,26,70,Il suffit de constater l' écart.,,suffit,,onze heures vingt-deux,1872_10_02_11,onze heures vingt-deux,1872-10-02-11-22,precedent_context,répondit,1872_10_02_11,1872-10-02-11-22,temps_different
252,1 || 26 || 70 || _ || constater || l'écart,1,26,70,Il suffit de constater l' écart.,,constater,l'écart,onze heures vingt-deux,1872_10_02_11,onze heures vingt-deux,1872-10-02-11-22,precedent_context,répondit,1872_10_02_11,1872-10-02-11-22,temps_different
253,1 || 26 || 71 || _ || partir || _,1,26,71,"Donc, à partir de ce moment, onze heures vingt-neuf du matin, ce mercredi 2 octobre 1872, vous êtes à mon service.",,partir,,à partir de ce moment,1872_10_02_11,à partir de ce moment,1872-10-02-11-22,ud_scope_anchor,êtes,1872_10_02_11,1872-10-02-11-22,temps_different
254,1 || 26 || 71 || vous || êtes || onze heures vingt-neuf du matin,1,26,71,"Donc, à partir de ce moment, onze heures vingt-neuf du matin, ce mercredi 2 octobre 1872, vous êtes à mon service.",vous,êtes,onze heures vingt-neuf du matin,onze heures vingt-neuf du matin,1872_10_02_11,onze heures vingt-neuf du matin,1872-10-02-11-29,objet,êtes,1872_10_02_11,1872-10-02-11-29,temps_different
255,1 || 26 || 71 || vous || êtes || ce mercredi 2 octobre 1872,1,26,71,"Donc, à partir de ce moment, onze heures vingt-neuf du matin, ce mercredi 2 octobre 1872, vous êtes à mon service.",vous,êtes,ce mercredi 2 octobre 1872,ce mercredi 2 octobre 1872,1872_10_02_00,ce mercredi 2 octobre 1872,1872-10-02-00-00,objet,êtes,1872_10_02_00,1872-10-02-00,temps_different
256,1 || 26 || 71 || vous || êtes || à mon service,1,26,71,"Donc, à partir de ce moment, onze heures vingt-neuf du matin, ce mercredi 2 octobre 1872, vous êtes à mon service.",vous,êtes,à mon service,à partir de ce moment,1872_10_02_11,ce mercredi 2 octobre 1872,1872-10-02-00-00,ud_direct,êtes,1872_10_02_11,1872-10-02-00,temps_different
257,1 || 27 || 73 || cela || dit || _,1,27,73,"Cela dit, Phileas Fogg se leva, prit son chapeau de la main gauche, le plaça sur sa tête avec un mouvement d' automate et disparut sans ajouter une parole.",Cela,dit,,à partir de ce moment,1872_10_02_11,ce mercredi 2 octobre 1872,1872-10-02-00-00,precedent_context,êtes,1872_10_02_11,1872-10-02-00,temps_different
258,1 || 27 || 73 || phileas fogg || leva || se,1,27,73,"Cela dit, Phileas Fogg se leva, prit son chapeau de la main gauche, le plaça sur sa tête avec un mouvement d' automate et disparut sans ajouter une parole.",Phileas Fogg,leva,se,à partir de ce moment,1872_10_02_11,ce mercredi 2 octobre 1872,1872-10-02-00-00,precedent_context,êtes,1872_10_02_11,1872-10-02-00,temps_different
259,1 || 27 || 73 || phileas fogg || prit || son chapeau,1,27,73,"Cela dit, Phileas Fogg se leva, prit son chapeau de la main gauche, le plaça sur sa tête avec un mouvement d' automate et disparut sans ajouter une parole.",Phileas Fogg,prit,son chapeau,à partir de ce moment,1872_10_02_11,ce mercredi 2 octobre 1872,1872-10-02-00-00,precedent_context,êtes,1872_10_02_11,1872-10-02-00,temps_different
260,1 || 27 || 73 || phileas fogg || prit || de la main gauche,1,27,73,"Cela dit, Phileas Fogg se leva, prit son chapeau de la main gauche, le plaça sur sa tête avec un mouvement d' automate et disparut sans ajouter une parole.",Phileas Fogg,prit,de la main gauche,à partir de ce moment,1872_10_02_11,ce mercredi 2 octobre 1872,1872-10-02-00-00,precedent_context,êtes,1872_10_02_11,1872-10-02-00,temps_different
261,1 || 27 || 73 || phileas fogg || plaça || le,1,27,73,"Cela dit, Phileas Fogg se leva, prit son chapeau de la main gauche, le plaça sur sa tête avec un mouvement d' automate et disparut sans ajouter une parole.",Phileas Fogg,plaça,le,à partir de ce moment,1872_10_02_11,ce mercredi 2 octobre 1872,1872-10-02-00-00,precedent_context,êtes,1872_10_02_11,1872-10-02-00,temps_different
262,1 || 27 || 73 || phileas fogg || plaça || sur sa tête,1,27,73,"Cela dit, Phileas Fogg se leva, prit son chapeau de la main gauche, le plaça sur sa tête avec un mouvement d' automate et disparut sans ajouter une parole.",Phileas Fogg,plaça,sur sa tête,à partir de ce moment,1872_10_02_11,ce mercredi 2 octobre 1872,1872-10-02-00-00,precedent_context,êtes,1872_10_02_11,1872-10-02-00,temps_different
263,1 || 27 || 73 || phileas fogg || plaça || avec un mouvement d'automate,1,27,73,"Cela dit, Phileas Fogg se leva, prit son chapeau de la main gauche, le plaça sur sa tête avec un mouvement d' automate et disparut sans ajouter une parole.",Phileas Fogg,plaça,avec un mouvement d'automate,à partir de ce moment,1872_10_02_11,ce mercredi 2 octobre 1872,1872-10-02-00-00,precedent_context,êtes,1872_10_02_11,1872-10-02-00,temps_different
264,1 || 27 || 73 || phileas fogg || disparut || _,1,27,73,"Cela dit, Phileas Fogg se leva, prit son chapeau de la main gauche, le plaça sur sa tête avec un mouvement d' automate et disparut sans ajouter une parole.",Phileas Fogg,disparut,,à partir de ce moment,1872_10_02_11,ce mercredi 2 octobre 1872,1872-10-02-00-00,precedent_context,êtes,1872_10_02_11,1872-10-02-00,temps_different
265,1 || 27 || 73 || _ || ajouter || une parole,1,27,73,"Cela dit, Phileas Fogg se leva, prit son chapeau de la main gauche, le plaça sur sa tête avec un mouvement d' automate et disparut sans ajouter une parole.",,ajouter,une parole,à partir de ce moment,1872_10_02_11,ce mercredi 2 octobre 1872,1872-10-02-00-00,precedent_context,êtes,1872_10_02_11,1872-10-02-00,temps_different
266,1 || 28 || 74 || passepartout || entendit || la porte de la rue,1,28,74,"Passepartout entendit la porte de la rue se fermer une première fois: c' était son nouveau maître qui sortait; puis une seconde fois: c' était son prédécesseur, James Forster, qui s' en allait à son tour.",Passepartout,entendit,la porte de la rue,à partir de ce moment,1872_10_02_11,ce mercredi 2 octobre 1872,1872-10-02-00-00,precedent_context,êtes,1872_10_02_11,1872-10-02-00,temps_different
267,1 || 28 || 74 || passepartout || entendit || c'était son nouveau maître,1,28,74,"Passepartout entendit la porte de la rue se fermer une première fois: c' était son nouveau maître qui sortait; puis une seconde fois: c' était son prédécesseur, James Forster, qui s' en allait à son tour.",Passepartout,entendit,c'était son nouveau maître,à partir de ce moment,1872_10_02_11,ce mercredi 2 octobre 1872,1872-10-02-00-00,precedent_context,êtes,1872_10_02_11,1872-10-02-00,temps_different
268,1 || 28 || 74 || passepartout || fermer || une première fois,1,28,74,"Passepartout entendit la porte de la rue se fermer une première fois: c' était son nouveau maître qui sortait; puis une seconde fois: c' était son prédécesseur, James Forster, qui s' en allait à son tour.",Passepartout,fermer,une première fois,à partir de ce moment,1872_10_02_11,ce mercredi 2 octobre 1872,1872-10-02-00-00,precedent_context,êtes,1872_10_02_11,1872-10-02-00,temps_different
269,1 || 28 || 74 || qui || sortait || _,1,28,74,"Passepartout entendit la porte de la rue se fermer une première fois: c' était son nouveau maître qui sortait; puis une seconde fois: c' était son prédécesseur, James Forster, qui s' en allait à son tour.",qui,sortait,,à partir de ce moment,1872_10_02_11,ce mercredi 2 octobre 1872,1872-10-02-00-00,precedent_context,êtes,1872_10_02_11,1872-10-02-00,temps_different
270,1 || 28 || 74 || qui || allait || s',1,28,74,"Passepartout entendit la porte de la rue se fermer une première fois: c' était son nouveau maître qui sortait; puis une seconde fois: c' était son prédécesseur, James Forster, qui s' en allait à son tour.",qui,allait,s',à partir de ce moment,1872_10_02_11,ce mercredi 2 octobre 1872,1872-10-02-00-00,precedent_context,êtes,1872_10_02_11,1872-10-02-00,temps_different
271,1 || 28 || 74 || qui || allait || en,1,28,74,"Passepartout entendit la porte de la rue se fermer une première fois: c' était son nouveau maître qui sortait; puis une seconde fois: c' était son prédécesseur, James Forster, qui s' en allait à son tour.",qui,allait,en,à partir de ce moment,1872_10_02_11,ce mercredi 2 octobre 1872,1872-10-02-00-00,precedent_context,êtes,1872_10_02_11,1872-10-02-00,temps_different
272,1 || 28 || 74 || qui || allait || à son tour,1,28,74,"Passepartout entendit la porte de la rue se fermer une première fois: c' était son nouveau maître qui sortait; puis une seconde fois: c' était son prédécesseur, James Forster, qui s' en allait à son tour.",qui,allait,à son tour,à partir de ce moment,1872_10_02_11,ce mercredi 2 octobre 1872,1872-10-02-00-00,precedent_context,êtes,1872_10_02_11,1872-10-02-00,temps_different
273,1 || 29 || 75 || passepartout || demeura || dans la maison de saville-row,1,29,75,Passepartout demeura seul dans la maison de Saville - row.,Passepartout,demeura,dans la maison de Saville-row,à partir de ce moment,1872_10_02_11,ce mercredi 2 octobre 1872,1872-10-02-00-00,precedent_context,êtes,1872_10_02_11,1872-10-02-00,temps_different
274,2 || 30 || 76 || passepartout || dit || sur ma foi,2,30,76,"«Sur ma foi, se dit Passepartout, un peu ahuri tout d' abord, j' ai connu chez Mme Tussaud des bonshommes aussi vivants que mon nouveau maître!»",Passepartout,dit,Sur ma foi,à partir de ce moment,1872_10_02_11,ce mercredi 2 octobre 1872,1872-10-02-00-00,precedent_context,êtes,1872_10_02_11,1872-10-02-00,temps_different
275,2 || 30 || 76 || passepartout || dit || se,2,30,76,"«Sur ma foi, se dit Passepartout, un peu ahuri tout d' abord, j' ai connu chez Mme Tussaud des bonshommes aussi vivants que mon nouveau maître!»",Passepartout,dit,se,à partir de ce moment,1872_10_02_11,ce mercredi 2 octobre 1872,1872-10-02-00-00,precedent_context,êtes,1872_10_02_11,1872-10-02-00,temps_different
276,2 || 30 || 76 || j' || connu || chez mme tussaud,2,30,76,"«Sur ma foi, se dit Passepartout, un peu ahuri tout d' abord, j' ai connu chez Mme Tussaud des bonshommes aussi vivants que mon nouveau maître!»",j',connu,chez Mme Tussaud,à partir de ce moment,1872_10_02_11,ce mercredi 2 octobre 1872,1872-10-02-00-00,precedent_context,êtes,1872_10_02_11,1872-10-02-00,temps_different
277,2 || 30 || 76 || j' || connu || des bonshommes aussi vivants que mon nouveau maître,2,30,76,"«Sur ma foi, se dit Passepartout, un peu ahuri tout d' abord, j' ai connu chez Mme Tussaud des bonshommes aussi vivants que mon nouveau maître!»",j',connu,des bonshommes aussi vivants que mon nouveau maître,à partir de ce moment,1872_10_02_11,ce mercredi 2 octobre 1872,1872-10-02-00-00,precedent_context,êtes,1872_10_02_11,1872-10-02-00,temps_different
278,2 || 31 || 77 || _ || convient || _,2,31,77,"Il convient de dire ici que les« bonshommes» de Mme Tussaud sont des figures de cire, fort visitées à Londres, et auxquelles il ne manque vraiment que la parole.",,convient,,à partir de ce moment,1872_10_02_11,ce mercredi 2 octobre 1872,1872-10-02-00-00,precedent_context,êtes,1872_10_02_11,1872-10-02-00,temps_different
279,2 || 31 || 77 || _ || dire || _,2,31,77,"Il convient de dire ici que les« bonshommes» de Mme Tussaud sont des figures de cire, fort visitées à Londres, et auxquelles il ne manque vraiment que la parole.",,dire,,à partir de ce moment,1872_10_02_11,ce mercredi 2 octobre 1872,1872-10-02-00-00,precedent_context,êtes,1872_10_02_11,1872-10-02-00,temps_different
280,2 || 31 || 77 || _ || visitées || à londres,2,31,77,"Il convient de dire ici que les« bonshommes» de Mme Tussaud sont des figures de cire, fort visitées à Londres, et auxquelles il ne manque vraiment que la parole.",,visitées,à Londres,à partir de ce moment,1872_10_02_11,ce mercredi 2 octobre 1872,1872-10-02-00-00,precedent_context,êtes,1872_10_02_11,1872-10-02-00,temps_different
281,2 || 31 || 77 || _ || manque || que la parole,2,31,77,"Il convient de dire ici que les« bonshommes» de Mme Tussaud sont des figures de cire, fort visitées à Londres, et auxquelles il ne manque vraiment que la parole.",,manque,que la parole,à partir de ce moment,1872_10_02_11,ce mercredi 2 octobre 1872,1872-10-02-00-00,precedent_context,êtes,1872_10_02_11,1872-10-02-00,temps_different
282,2 || 32 || 78 || il || venait || qu',2,32,78,"Pendant les quelques instants qu' il venait d' entrevoir Phileas Fogg, Passepartout avait rapidement, mais soigneusement examiné son futur maître.",il,venait,qu',pendant les quelques instants,1872-10-02-11,ce mercredi 2 octobre 1872,1872-10-02-00-00,precedent_context,êtes,1872-10-02-11,1872-10-02-00,temps_different
283,2 || 32 || 78 || il || entrevoir || phileas fogg,2,32,78,"Pendant les quelques instants qu' il venait d' entrevoir Phileas Fogg, Passepartout avait rapidement, mais soigneusement examiné son futur maître.",il,entrevoir,Phileas Fogg,pendant les quelques instants,1872-10-02-11,ce mercredi 2 octobre 1872,1872-10-02-00-00,precedent_context,êtes,1872-10-02-11,1872-10-02-00,temps_different
284,2 || 32 || 78 || passepartout || avait || pendant les quelques instants,2,32,78,"Pendant les quelques instants qu' il venait d' entrevoir Phileas Fogg, Passepartout avait rapidement, mais soigneusement examiné son futur maître.",Passepartout,avait,Pendant les quelques instants,pendant les quelques instants,1872-10-02-11,pendant les quelques instants,,objet,avait,1872-10-02-11,,seulement_ref
285,2 || 32 || 78 || passepartout || examiné || son futur maître,2,32,78,"Pendant les quelques instants qu' il venait d' entrevoir Phileas Fogg, Passepartout avait rapidement, mais soigneusement examiné son futur maître.",Passepartout,examiné,son futur maître,pendant les quelques instants,1872-10-02-11,ce mercredi 2 octobre 1872,1872-10-02-00-00,precedent_context,êtes,1872-10-02-11,1872-10-02-00,temps_different
286,2 || 32 || 79 || qui || pouvait || de figure noble et belle,2,32,79,"C' était un homme qui pouvait avoir quarante ans, de figure noble et belle, haut de taille, que ne déparait pas un léger embonpoint, blond de cheveux et de favoris, front uni sans apparences de rides aux tempes, figure plutôt pâle que colorée, dents magnifiques.",qui,pouvait,de figure noble et belle,pendant les quelques instants,1872-10-02-11,ce mercredi 2 octobre 1872,1872-10-02-00-00,precedent_context,êtes,1872-10-02-11,1872-10-02-00,temps_different
287,2 || 32 || 79 || qui || avoir || quarante ans,2,32,79,"C' était un homme qui pouvait avoir quarante ans, de figure noble et belle, haut de taille, que ne déparait pas un léger embonpoint, blond de cheveux et de favoris, front uni sans apparences de rides aux tempes, figure plutôt pâle que colorée, dents magnifiques.",qui,avoir,quarante ans,pendant les quelques instants,1872-10-02-11,ce mercredi 2 octobre 1872,1872-10-02-00-00,precedent_context,êtes,1872-10-02-11,1872-10-02-00,temps_different
288,2 || 32 || 79 || un léger embonpoint blond de cheveux et de favoris || déparait || que,2,32,79,"C' était un homme qui pouvait avoir quarante ans, de figure noble et belle, haut de taille, que ne déparait pas un léger embonpoint, blond de cheveux et de favoris, front uni sans apparences de rides aux tempes, figure plutôt pâle que colorée, dents magnifiques.",un léger embonpoint blond de cheveux et de favoris,déparait,que,pendant les quelques instants,1872-10-02-11,ce mercredi 2 octobre 1872,1872-10-02-00-00,precedent_context,êtes,1872-10-02-11,1872-10-02-00,temps_different
289,2 || 32 || 79 || _ || uni || sans apparences de rides,2,32,79,"C' était un homme qui pouvait avoir quarante ans, de figure noble et belle, haut de taille, que ne déparait pas un léger embonpoint, blond de cheveux et de favoris, front uni sans apparences de rides aux tempes, figure plutôt pâle que colorée, dents magnifiques.",,uni,sans apparences de rides,pendant les quelques instants,1872-10-02-11,ce mercredi 2 octobre 1872,1872-10-02-00-00,precedent_context,êtes,1872-10-02-11,1872-10-02-00,temps_different
290,2 || 32 || 79 || _ || uni || aux tempes,2,32,79,"C' était un homme qui pouvait avoir quarante ans, de figure noble et belle, haut de taille, que ne déparait pas un léger embonpoint, blond de cheveux et de favoris, front uni sans apparences de rides aux tempes, figure plutôt pâle que colorée, dents magnifiques.",,uni,aux tempes,pendant les quelques instants,1872-10-02-11,ce mercredi 2 octobre 1872,1872-10-02-00-00,precedent_context,êtes,1872-10-02-11,1872-10-02-00,temps_different
291,2 || 32 || 80 || il || paraissait || _,2,32,80,"Il paraissait posséder au plus haut degré ce que les physionomistes appellent« le repos dans l' action», faculté commune à tous ceux qui font plus de besogne que de bruit.",Il,paraissait,,pendant les quelques instants,1872-10-02-11,ce mercredi 2 octobre 1872,1872-10-02-00-00,precedent_context,êtes,1872-10-02-11,1872-10-02-00,temps_different
292,2 || 32 || 80 || il || posséder || au plus haut degré,2,32,80,"Il paraissait posséder au plus haut degré ce que les physionomistes appellent« le repos dans l' action», faculté commune à tous ceux qui font plus de besogne que de bruit.",Il,posséder,au plus haut degré,pendant les quelques instants,1872-10-02-11,ce mercredi 2 octobre 1872,1872-10-02-00-00,precedent_context,êtes,1872-10-02-11,1872-10-02-00,temps_different
293,2 || 32 || 80 || il || posséder || ce,2,32,80,"Il paraissait posséder au plus haut degré ce que les physionomistes appellent« le repos dans l' action», faculté commune à tous ceux qui font plus de besogne que de bruit.",Il,posséder,ce,pendant les quelques instants,1872-10-02-11,ce mercredi 2 octobre 1872,1872-10-02-00-00,precedent_context,êtes,1872-10-02-11,1872-10-02-00,temps_different
294,2 || 32 || 80 || les physionomistes || appellent || que,2,32,80,"Il paraissait posséder au plus haut degré ce que les physionomistes appellent« le repos dans l' action», faculté commune à tous ceux qui font plus de besogne que de bruit.",les physionomistes,appellent,que,pendant les quelques instants,1872-10-02-11,ce mercredi 2 octobre 1872,1872-10-02-00-00,precedent_context,êtes,1872-10-02-11,1872-10-02-00,temps_different
295,2 || 32 || 80 || qui || font || plus de besogne que de bruit,2,32,80,"Il paraissait posséder au plus haut degré ce que les physionomistes appellent« le repos dans l' action», faculté commune à tous ceux qui font plus de besogne que de bruit.",qui,font,plus de besogne que de bruit,pendant les quelques instants,1872-10-02-11,ce mercredi 2 octobre 1872,1872-10-02-00-00,precedent_context,êtes,1872-10-02-11,1872-10-02-00,temps_different
296,2 || 32 || 81 || _ || achevé || _,2,32,81,"Calme, flegmatique, l' œil pur, la paupière immobile, c' était le type achevé de ces Anglais à sang - froid qui se rencontrent assez fréquemment dans le Royaume - Uni, et dont Angelica Kauffmann a merveilleusement rendu sous son pinceau l' attitude un peu académique.",,achevé,,pendant les quelques instants,1872-10-02-11,ce mercredi 2 octobre 1872,1872-10-02-00-00,precedent_context,êtes,1872-10-02-11,1872-10-02-00,temps_different
297,2 || 32 || 81 || qui || rencontrent || se,2,32,81,"Calme, flegmatique, l' œil pur, la paupière immobile, c' était le type achevé de ces Anglais à sang - froid qui se rencontrent assez fréquemment dans le Royaume - Uni, et dont Angelica Kauffmann a merveilleusement rendu sous son pinceau l' attitude un peu académique.",qui,rencontrent,se,pendant les quelques instants,1872-10-02-11,ce mercredi 2 octobre 1872,1872-10-02-00-00,precedent_context,êtes,1872-10-02-11,1872-10-02-00,temps_different
298,2 || 32 || 81 || qui || rencontrent || dans le royaume-uni,2,32,81,"Calme, flegmatique, l' œil pur, la paupière immobile, c' était le type achevé de ces Anglais à sang - froid qui se rencontrent assez fréquemment dans le Royaume - Uni, et dont Angelica Kauffmann a merveilleusement rendu sous son pinceau l' attitude un peu académique.",qui,rencontrent,dans le Royaume-Uni,pendant les quelques instants,1872-10-02-11,ce mercredi 2 octobre 1872,1872-10-02-00-00,precedent_context,êtes,1872-10-02-11,1872-10-02-00,temps_different
299,2 || 32 || 81 || qui || rencontrent || royaume-uni,2,32,81,"Calme, flegmatique, l' œil pur, la paupière immobile, c' était le type achevé de ces Anglais à sang - froid qui se rencontrent assez fréquemment dans le Royaume - Uni, et dont Angelica Kauffmann a merveilleusement rendu sous son pinceau l' attitude un peu académique.",qui,rencontrent,Royaume-Uni,pendant les quelques instants,1872-10-02-11,ce mercredi 2 octobre 1872,1872-10-02-00-00,precedent_context,êtes,1872-10-02-11,1872-10-02-00,temps_different
300,2 || 32 || 81 || qui || rencontrent || royaume-uni,2,32,81,"Calme, flegmatique, l' œil pur, la paupière immobile, c' était le type achevé de ces Anglais à sang - froid qui se rencontrent assez fréquemment dans le Royaume - Uni, et dont Angelica Kauffmann a merveilleusement rendu sous son pinceau l' attitude un peu académique.",qui,rencontrent,Royaume-Uni,pendant les quelques instants,1872-10-02-11,ce mercredi 2 octobre 1872,1872-10-02-00-00,precedent_context,êtes,1872-10-02-11,1872-10-02-00,temps_different
301,2 || 32 || 81 || qui || rencontrent || royaume-uni,2,32,81,"Calme, flegmatique, l' œil pur, la paupière immobile, c' était le type achevé de ces Anglais à sang - froid qui se rencontrent assez fréquemment dans le Royaume - Uni, et dont Angelica Kauffmann a merveilleusement rendu sous son pinceau l' attitude un peu académique.",qui,rencontrent,Royaume-Uni,pendant les quelques instants,1872-10-02-11,ce mercredi 2 octobre 1872,1872-10-02-00-00,precedent_context,êtes,1872-10-02-11,1872-10-02-00,temps_different
302,2 || 32 || 81 || qui || rencontrent || royaume-uni,2,32,81,"Calme, flegmatique, l' œil pur, la paupière immobile, c' était le type achevé de ces Anglais à sang - froid qui se rencontrent assez fréquemment dans le Royaume - Uni, et dont Angelica Kauffmann a merveilleusement rendu sous son pinceau l' attitude un peu académique.",qui,rencontrent,Royaume-Uni,pendant les quelques instants,1872-10-02-11,ce mercredi 2 octobre 1872,1872-10-02-00-00,precedent_context,êtes,1872-10-02-11,1872-10-02-00,temps_different
303,2 || 32 || 81 || angelica kauffmann || rendu || sous son pinceau,2,32,81,"Calme, flegmatique, l' œil pur, la paupière immobile, c' était le type achevé de ces Anglais à sang - froid qui se rencontrent assez fréquemment dans le Royaume - Uni, et dont Angelica Kauffmann a merveilleusement rendu sous son pinceau l' attitude un peu académique.",Angelica Kauffmann,rendu,sous son pinceau,pendant les quelques instants,1872-10-02-11,ce mercredi 2 octobre 1872,1872-10-02-00-00,precedent_context,êtes,1872-10-02-11,1872-10-02-00,temps_different
304,2 || 32 || 81 || angelica kauffmann || rendu || l'attitude un peu académique,2,32,81,"Calme, flegmatique, l' œil pur, la paupière immobile, c' était le type achevé de ces Anglais à sang - froid qui se rencontrent assez fréquemment dans le Royaume - Uni, et dont Angelica Kauffmann a merveilleusement rendu sous son pinceau l' attitude un peu académique.",Angelica Kauffmann,rendu,l'attitude un peu académique,pendant les quelques instants,1872-10-02-11,ce mercredi 2 octobre 1872,1872-10-02-00-00,precedent_context,êtes,1872-10-02-11,1872-10-02-00,temps_different
305,2 || 32 || 82 || ce gentleman || vu || dans les divers actes de son existence,2,32,82,"Vu dans les divers actes de son existence, ce gentleman donnait l' idée d' un être bien équilibré dans toutes ses parties, justement pondéré, aussi parfait qu' un chronomètre de Leroy ou de Earnshaw.",ce gentleman,Vu,dans les divers actes de son existence,pendant les quelques instants,1872-10-02-11,ce mercredi 2 octobre 1872,1872-10-02-00-00,precedent_context,êtes,1872-10-02-11,1872-10-02-00,temps_different
306,2 || 32 || 82 || ce gentleman || donnait || l'idée d'un être bien équilibré dans toutes ses parties justement pondéré aussi parfait qu'un chronomètre de leroy ou de earnshaw,2,32,82,"Vu dans les divers actes de son existence, ce gentleman donnait l' idée d' un être bien équilibré dans toutes ses parties, justement pondéré, aussi parfait qu' un chronomètre de Leroy ou de Earnshaw.",ce gentleman,donnait,l'idée d'un être bien équilibré dans toutes ses parties justement pondéré aussi parfait qu'un chronomètre de Leroy ou de Earnshaw,pendant les quelques instants,1872-10-02-11,ce mercredi 2 octobre 1872,1872-10-02-00-00,precedent_context,êtes,1872-10-02-11,1872-10-02-00,temps_different
307,2 || 32 || 83 || c' || est || en effet,2,32,83,"C' est qu' en effet, Phileas Fogg était l' exactitude personnifiée, ce qui se voyait clairement à« l' expression de ses pieds et de ses mains», car chez l' homme, aussi bien que chez les animaux, les membres eux - mêmes sont des organes expressifs des passions.",C',est,en effet,pendant les quelques instants,1872-10-02-11,ce mercredi 2 octobre 1872,1872-10-02-00-00,precedent_context,êtes,1872-10-02-11,1872-10-02-00,temps_different
308,2 || 32 || 83 || c' || est || chez l'homme aussi bien que chez les animaux,2,32,83,"C' est qu' en effet, Phileas Fogg était l' exactitude personnifiée, ce qui se voyait clairement à« l' expression de ses pieds et de ses mains», car chez l' homme, aussi bien que chez les animaux, les membres eux - mêmes sont des organes expressifs des passions.",C',est,chez l'homme aussi bien que chez les animaux,pendant les quelques instants,1872-10-02-11,ce mercredi 2 octobre 1872,1872-10-02-00-00,precedent_context,êtes,1872-10-02-11,1872-10-02-00,temps_different
309,2 || 32 || 83 || _ || personnifiée || _,2,32,83,"C' est qu' en effet, Phileas Fogg était l' exactitude personnifiée, ce qui se voyait clairement à« l' expression de ses pieds et de ses mains», car chez l' homme, aussi bien que chez les animaux, les membres eux - mêmes sont des organes expressifs des passions.",,personnifiée,,pendant les quelques instants,1872-10-02-11,ce mercredi 2 octobre 1872,1872-10-02-00-00,precedent_context,êtes,1872-10-02-11,1872-10-02-00,temps_different
310,2 || 32 || 83 || qui || voyait || se,2,32,83,"C' est qu' en effet, Phileas Fogg était l' exactitude personnifiée, ce qui se voyait clairement à« l' expression de ses pieds et de ses mains», car chez l' homme, aussi bien que chez les animaux, les membres eux - mêmes sont des organes expressifs des passions.",qui,voyait,se,pendant les quelques instants,1872-10-02-11,ce mercredi 2 octobre 1872,1872-10-02-00-00,precedent_context,êtes,1872-10-02-11,1872-10-02-00,temps_different
311,2 || 32 || 83 || qui || voyait || à l'expression de ses pieds et de ses mains,2,32,83,"C' est qu' en effet, Phileas Fogg était l' exactitude personnifiée, ce qui se voyait clairement à« l' expression de ses pieds et de ses mains», car chez l' homme, aussi bien que chez les animaux, les membres eux - mêmes sont des organes expressifs des passions.",qui,voyait,à l'expression de ses pieds et de ses mains,pendant les quelques instants,1872-10-02-11,ce mercredi 2 octobre 1872,1872-10-02-00-00,precedent_context,êtes,1872-10-02-11,1872-10-02-00,temps_different
312,2 || 33 || 84 || qui || pressés || _,2,33,84,"Phileas Fogg était de ces gens mathématiquement exacts, qui, jamais pressés et toujours prêts, sont économes de leurs pas et de leurs mouvements.",qui,pressés,,pendant les quelques instants,1872-10-02-11,ce mercredi 2 octobre 1872,1872-10-02-00-00,precedent_context,êtes,1872-10-02-11,1872-10-02-00,temps_different
313,2 || 33 || 85 || il || faisait || une enjambée de trop,2,33,85,"Il ne faisait pas une enjambée de trop, allant toujours par le plus court.",Il,faisait,une enjambée de trop,pendant les quelques instants,1872-10-02-11,ce mercredi 2 octobre 1872,1872-10-02-00-00,precedent_context,êtes,1872-10-02-11,1872-10-02-00,temps_different
314,2 || 33 || 85 || il || allant || par le plus court,2,33,85,"Il ne faisait pas une enjambée de trop, allant toujours par le plus court.",Il,allant,par le plus court,pendant les quelques instants,1872-10-02-11,ce mercredi 2 octobre 1872,1872-10-02-00-00,precedent_context,êtes,1872-10-02-11,1872-10-02-00,temps_different
315,2 || 33 || 86 || il || perdait || un regard au plafond,2,33,86,Il ne perdait pas un regard au plafond.,Il,perdait,un regard au plafond,pendant les quelques instants,1872-10-02-11,ce mercredi 2 octobre 1872,1872-10-02-00-00,precedent_context,êtes,1872-10-02-11,1872-10-02-00,temps_different
316,2 || 33 || 87 || il || permettait || se,2,33,87,Il ne se permettait aucun geste superflu.,Il,permettait,se,pendant les quelques instants,1872-10-02-11,ce mercredi 2 octobre 1872,1872-10-02-00-00,precedent_context,êtes,1872-10-02-11,1872-10-02-00,temps_different
317,2 || 33 || 87 || il || permettait || aucun geste superflu,2,33,87,Il ne se permettait aucun geste superflu.,Il,permettait,aucun geste superflu,pendant les quelques instants,1872-10-02-11,ce mercredi 2 octobre 1872,1872-10-02-00-00,precedent_context,êtes,1872-10-02-11,1872-10-02-00,temps_different
318,2 || 33 || 88 || on || vu || l',2,33,88,On ne l' avait jamais vu ému ni troublé.,On,vu,l',pendant les quelques instants,1872-10-02-11,ce mercredi 2 octobre 1872,1872-10-02-00-00,precedent_context,êtes,1872-10-02-11,1872-10-02-00,temps_different
319,2 || 33 || 88 || on || ému || _,2,33,88,On ne l' avait jamais vu ému ni troublé.,On,ému,,pendant les quelques instants,1872-10-02-11,ce mercredi 2 octobre 1872,1872-10-02-00-00,precedent_context,êtes,1872-10-02-11,1872-10-02-00,temps_different
320,2 || 33 || 88 || on || troublé || _,2,33,88,On ne l' avait jamais vu ému ni troublé.,On,troublé,,pendant les quelques instants,1872-10-02-11,ce mercredi 2 octobre 1872,1872-10-02-00-00,precedent_context,êtes,1872-10-02-11,1872-10-02-00,temps_different
321,2 || 33 || 89 || il || arrivait || à temps,2,33,89,"C' était l' homme le moins hâté du monde, mais il arrivait toujours à temps.",il,arrivait,à temps,pendant les quelques instants,1872-10-02-11,ce mercredi 2 octobre 1872,1872-10-02-00-00,precedent_context,êtes,1872-10-02-11,1872-10-02-00,temps_different
322,2 || 33 || 90 || on || comprendra || _,2,33,90,"Toutefois, on comprendra qu' il vécût seul et pour ainsi dire en dehors de toute relation sociale.",on,comprendra,,pendant les quelques instants,1872-10-02-11,ce mercredi 2 octobre 1872,1872-10-02-00-00,precedent_context,êtes,1872-10-02-11,1872-10-02-00,temps_different
323,2 || 33 || 90 || il || vécût || _,2,33,90,"Toutefois, on comprendra qu' il vécût seul et pour ainsi dire en dehors de toute relation sociale.",il,vécût,,pendant les quelques instants,1872-10-02-11,ce mercredi 2 octobre 1872,1872-10-02-00-00,precedent_context,êtes,1872-10-02-11,1872-10-02-00,temps_different
324,2 || 33 || 90 || _ || dire || _,2,33,90,"Toutefois, on comprendra qu' il vécût seul et pour ainsi dire en dehors de toute relation sociale.",,dire,,pendant les quelques instants,1872-10-02-11,ce mercredi 2 octobre 1872,1872-10-02-00-00,precedent_context,êtes,1872-10-02-11,1872-10-02-00,temps_different
325,2 || 33 || 91 || il || savait || _,2,33,91,"Il savait que dans la vie il faut faire la part des frottements, et comme les frottements retardent, il ne se frottait à personne.",Il,savait,,pendant les quelques instants,1872-10-02-11,ce mercredi 2 octobre 1872,1872-10-02-00-00,precedent_context,êtes,1872-10-02-11,1872-10-02-00,temps_different
326,2 || 33 || 91 || il || faut || dans la vie,2,33,91,"Il savait que dans la vie il faut faire la part des frottements, et comme les frottements retardent, il ne se frottait à personne.",Il,faut,dans la vie,pendant les quelques instants,1872-10-02-11,ce mercredi 2 octobre 1872,1872-10-02-00-00,precedent_context,êtes,1872-10-02-11,1872-10-02-00,temps_different
327,2 || 33 || 91 || _ || faire || la part des frottements,2,33,91,"Il savait que dans la vie il faut faire la part des frottements, et comme les frottements retardent, il ne se frottait à personne.",,faire,la part des frottements,pendant les quelques instants,1872-10-02-11,ce mercredi 2 octobre 1872,1872-10-02-00-00,precedent_context,êtes,1872-10-02-11,1872-10-02-00,temps_different
328,2 || 33 || 91 || les frottements || retardent || _,2,33,91,"Il savait que dans la vie il faut faire la part des frottements, et comme les frottements retardent, il ne se frottait à personne.",les frottements,retardent,,pendant les quelques instants,1872-10-02-11,ce mercredi 2 octobre 1872,1872-10-02-00-00,precedent_context,êtes,1872-10-02-11,1872-10-02-00,temps_different
329,2 || 33 || 91 || il || frottait || se,2,33,91,"Il savait que dans la vie il faut faire la part des frottements, et comme les frottements retardent, il ne se frottait à personne.",il,frottait,se,pendant les quelques instants,1872-10-02-11,ce mercredi 2 octobre 1872,1872-10-02-00-00,precedent_context,êtes,1872-10-02-11,1872-10-02-00,temps_different
330,2 || 33 || 91 || il || frottait || à personne,2,33,91,"Il savait que dans la vie il faut faire la part des frottements, et comme les frottements retardent, il ne se frottait à personne.",il,frottait,à personne,pendant les quelques instants,1872-10-02-11,ce mercredi 2 octobre 1872,1872-10-02-00-00,precedent_context,êtes,1872-10-02-11,1872-10-02-00,temps_different
331,2 || 34 || 92 || _ || dit || passepartout,2,34,92,"Quant à Jean, dit Passepartout, un vrai Parisien de Paris, depuis cinq ans qu' il habitait l' Angleterre et y faisait à Londres le métier de valet de chambre, il avait cherché vainement un maître auquel il pût s' attacher.",,dit,Passepartout,depuis cinq ans,1867-00-00-00,ce mercredi 2 octobre 1872,1872-10-02-00-00,precedent_context,êtes,1867-00-00-00,1872-10-02-00,temps_different
332,2 || 34 || 92 || il || habitait || l'angleterre,2,34,92,"Quant à Jean, dit Passepartout, un vrai Parisien de Paris, depuis cinq ans qu' il habitait l' Angleterre et y faisait à Londres le métier de valet de chambre, il avait cherché vainement un maître auquel il pût s' attacher.",il,habitait,l'Angleterre,depuis cinq ans,1867-00-00-00,ce mercredi 2 octobre 1872,1872-10-02-00-00,precedent_context,êtes,1867-00-00-00,1872-10-02-00,temps_different
333,2 || 34 || 92 || il || faisait || y,2,34,92,"Quant à Jean, dit Passepartout, un vrai Parisien de Paris, depuis cinq ans qu' il habitait l' Angleterre et y faisait à Londres le métier de valet de chambre, il avait cherché vainement un maître auquel il pût s' attacher.",il,faisait,y,depuis cinq ans,1867-00-00-00,ce mercredi 2 octobre 1872,1872-10-02-00-00,precedent_context,êtes,1867-00-00-00,1872-10-02-00,temps_different
334,2 || 34 || 92 || il || faisait || à londres,2,34,92,"Quant à Jean, dit Passepartout, un vrai Parisien de Paris, depuis cinq ans qu' il habitait l' Angleterre et y faisait à Londres le métier de valet de chambre, il avait cherché vainement un maître auquel il pût s' attacher.",il,faisait,à Londres,depuis cinq ans,1867-00-00-00,ce mercredi 2 octobre 1872,1872-10-02-00-00,precedent_context,êtes,1867-00-00-00,1872-10-02-00,temps_different
335,2 || 34 || 92 || il || faisait || le métier de valet de chambre,2,34,92,"Quant à Jean, dit Passepartout, un vrai Parisien de Paris, depuis cinq ans qu' il habitait l' Angleterre et y faisait à Londres le métier de valet de chambre, il avait cherché vainement un maître auquel il pût s' attacher.",il,faisait,le métier de valet de chambre,depuis cinq ans,1867-00-00-00,ce mercredi 2 octobre 1872,1872-10-02-00-00,precedent_context,êtes,1867-00-00-00,1872-10-02-00,temps_different
336,2 || 34 || 92 || il || cherché || quant à jean un vrai parisien de paris,2,34,92,"Quant à Jean, dit Passepartout, un vrai Parisien de Paris, depuis cinq ans qu' il habitait l' Angleterre et y faisait à Londres le métier de valet de chambre, il avait cherché vainement un maître auquel il pût s' attacher.",il,cherché,Quant à Jean un vrai Parisien de Paris,depuis cinq ans,1867-00-00-00,depuis cinq ans,1872-10-02-00-00,ud_direct,cherché,1867-00-00-00,1872-10-02-00,temps_different
337,2 || 34 || 92 || il || cherché || depuis cinq ans,2,34,92,"Quant à Jean, dit Passepartout, un vrai Parisien de Paris, depuis cinq ans qu' il habitait l' Angleterre et y faisait à Londres le métier de valet de chambre, il avait cherché vainement un maître auquel il pût s' attacher.",il,cherché,depuis cinq ans,depuis cinq ans,1867-00-00-00,depuis cinq ans,1872-10-02-00-00,objet,cherché,1867-00-00-00,1872-10-02-00,temps_different
338,2 || 34 || 92 || il || cherché || un maître,2,34,92,"Quant à Jean, dit Passepartout, un vrai Parisien de Paris, depuis cinq ans qu' il habitait l' Angleterre et y faisait à Londres le métier de valet de chambre, il avait cherché vainement un maître auquel il pût s' attacher.",il,cherché,un maître,depuis cinq ans,1867-00-00-00,depuis cinq ans,1872-10-02-00-00,ud_direct,cherché,1867-00-00-00,1872-10-02-00,temps_different
339,2 || 34 || 92 || il || pût || _,2,34,92,"Quant à Jean, dit Passepartout, un vrai Parisien de Paris, depuis cinq ans qu' il habitait l' Angleterre et y faisait à Londres le métier de valet de chambre, il avait cherché vainement un maître auquel il pût s' attacher.",il,pût,,depuis cinq ans,1867-00-00-00,ce mercredi 2 octobre 1872,1872-10-02-00-00,precedent_context,êtes,1867-00-00-00,1872-10-02-00,temps_different
340,2 || 34 || 92 || il || attacher || s',2,34,92,"Quant à Jean, dit Passepartout, un vrai Parisien de Paris, depuis cinq ans qu' il habitait l' Angleterre et y faisait à Londres le métier de valet de chambre, il avait cherché vainement un maître auquel il pût s' attacher.",il,attacher,s',depuis cinq ans,1867-00-00-00,ce mercredi 2 octobre 1872,1872-10-02-00-00,precedent_context,êtes,1867-00-00-00,1872-10-02-00,temps_different
341,2 || 35 || 93 || _ || assuré || _,2,35,93,"Passepartout n' était point un de ces Frontins ou Mascarilles qui, les épaules hautes, le nez au vent, le regard assuré, l' œil sec, ne sont que d' impudents drôles. Non.",,assuré,,depuis cinq ans,1867-00-00-00,ce mercredi 2 octobre 1872,1872-10-02-00-00,precedent_context,êtes,1867-00-00-00,1872-10-02-00,temps_different
342,2 || 35 || 94 || _ || goûter || _,2,35,94,"Passepartout était un brave garçon, de physionomie aimable, aux lèvres un peu saillantes, toujours prêtes à goûter ou à caresser, un être doux et serviable, avec une de ces bonnes têtes rondes que l' on aime à voir sur les épaules d' un ami.",,goûter,,depuis cinq ans,1867-00-00-00,ce mercredi 2 octobre 1872,1872-10-02-00-00,precedent_context,êtes,1867-00-00-00,1872-10-02-00,temps_different
343,2 || 35 || 94 || _ || caresser || _,2,35,94,"Passepartout était un brave garçon, de physionomie aimable, aux lèvres un peu saillantes, toujours prêtes à goûter ou à caresser, un être doux et serviable, avec une de ces bonnes têtes rondes que l' on aime à voir sur les épaules d' un ami.",,caresser,,depuis cinq ans,1867-00-00-00,ce mercredi 2 octobre 1872,1872-10-02-00-00,precedent_context,êtes,1867-00-00-00,1872-10-02-00,temps_different
344,2 || 35 || 94 || l' || aime || que,2,35,94,"Passepartout était un brave garçon, de physionomie aimable, aux lèvres un peu saillantes, toujours prêtes à goûter ou à caresser, un être doux et serviable, avec une de ces bonnes têtes rondes que l' on aime à voir sur les épaules d' un ami.",l',aime,que,depuis cinq ans,1867-00-00-00,ce mercredi 2 octobre 1872,1872-10-02-00-00,precedent_context,êtes,1867-00-00-00,1872-10-02-00,temps_different
345,2 || 35 || 94 || l' || voir || sur les épaules d'un ami,2,35,94,"Passepartout était un brave garçon, de physionomie aimable, aux lèvres un peu saillantes, toujours prêtes à goûter ou à caresser, un être doux et serviable, avec une de ces bonnes têtes rondes que l' on aime à voir sur les épaules d' un ami.",l',voir,sur les épaules d'un ami,depuis cinq ans,1867-00-00-00,ce mercredi 2 octobre 1872,1872-10-02-00-00,precedent_context,êtes,1867-00-00-00,1872-10-02-00,temps_different
346,2 || 35 || 95 || il || avait || les yeux bleus le teint la figure assez grasse,2,35,95,"Il avait les yeux bleus, le teint animé, la figure assez grasse pour qu' il pût lui-même voir les pommettes de ses joues, la poitrine large, la taille forte, une musculature vigoureuse, et il possédait une force herculéenne que les exercices de sa jeunesse avaient admirablement développée.",Il,avait,les yeux bleus le teint la figure assez grasse,depuis cinq ans,1867-00-00-00,ce mercredi 2 octobre 1872,1872-10-02-00-00,precedent_context,êtes,1867-00-00-00,1872-10-02-00,temps_different
347,2 || 35 || 95 || _ || animé || _,2,35,95,"Il avait les yeux bleus, le teint animé, la figure assez grasse pour qu' il pût lui-même voir les pommettes de ses joues, la poitrine large, la taille forte, une musculature vigoureuse, et il possédait une force herculéenne que les exercices de sa jeunesse avaient admirablement développée.",,animé,,depuis cinq ans,1867-00-00-00,ce mercredi 2 octobre 1872,1872-10-02-00-00,precedent_context,êtes,1867-00-00-00,1872-10-02-00,temps_different
348,2 || 35 || 95 || il || pût || _,2,35,95,"Il avait les yeux bleus, le teint animé, la figure assez grasse pour qu' il pût lui-même voir les pommettes de ses joues, la poitrine large, la taille forte, une musculature vigoureuse, et il possédait une force herculéenne que les exercices de sa jeunesse avaient admirablement développée.",il,pût,,depuis cinq ans,1867-00-00-00,ce mercredi 2 octobre 1872,1872-10-02-00-00,precedent_context,êtes,1867-00-00-00,1872-10-02-00,temps_different
349,2 || 35 || 95 || il || voir || les pommettes de ses joues la poitrine large la taille forte une musculature vigoureuse,2,35,95,"Il avait les yeux bleus, le teint animé, la figure assez grasse pour qu' il pût lui-même voir les pommettes de ses joues, la poitrine large, la taille forte, une musculature vigoureuse, et il possédait une force herculéenne que les exercices de sa jeunesse avaient admirablement développée.",il,voir,les pommettes de ses joues la poitrine large la taille forte une musculature vigoureuse,depuis cinq ans,1867-00-00-00,ce mercredi 2 octobre 1872,1872-10-02-00-00,precedent_context,êtes,1867-00-00-00,1872-10-02-00,temps_different
350,2 || 35 || 95 || il || possédait || une force herculéenne,2,35,95,"Il avait les yeux bleus, le teint animé, la figure assez grasse pour qu' il pût lui-même voir les pommettes de ses joues, la poitrine large, la taille forte, une musculature vigoureuse, et il possédait une force herculéenne que les exercices de sa jeunesse avaient admirablement développée.",il,possédait,une force herculéenne,depuis cinq ans,1867-00-00-00,ce mercredi 2 octobre 1872,1872-10-02-00-00,precedent_context,êtes,1867-00-00-00,1872-10-02-00,temps_different
351,2 || 35 || 95 || les exercices de sa jeunesse || développée || que,2,35,95,"Il avait les yeux bleus, le teint animé, la figure assez grasse pour qu' il pût lui-même voir les pommettes de ses joues, la poitrine large, la taille forte, une musculature vigoureuse, et il possédait une force herculéenne que les exercices de sa jeunesse avaient admirablement développée.",les exercices de sa jeunesse,développée,que,depuis cinq ans,1867-00-00-00,ce mercredi 2 octobre 1872,1872-10-02-00-00,precedent_context,êtes,1867-00-00-00,1872-10-02-00,temps_different
352,2 || 35 || 97 || les sculpteurs de l'antiquité || connaissaient || dix-huit façons,2,35,97,"Si les sculpteurs de l' Antiquité connaissaient dix-huit façons d' arranger la chevelure de Minerve, Passepartout n' en connaissait qu' une pour disposer la sienne: trois coups de démêloir, et il était coiffé.",les sculpteurs de l'Antiquité,connaissaient,dix-huit façons,depuis cinq ans,1867-00-00-00,ce mercredi 2 octobre 1872,1872-10-02-00-00,precedent_context,êtes,1867-00-00-00,1872-10-02-00,temps_different
353,2 || 35 || 97 || _ || arranger || la chevelure de minerve,2,35,97,"Si les sculpteurs de l' Antiquité connaissaient dix-huit façons d' arranger la chevelure de Minerve, Passepartout n' en connaissait qu' une pour disposer la sienne: trois coups de démêloir, et il était coiffé.",,arranger,la chevelure de Minerve,depuis cinq ans,1867-00-00-00,ce mercredi 2 octobre 1872,1872-10-02-00-00,precedent_context,êtes,1867-00-00-00,1872-10-02-00,temps_different
354,2 || 35 || 97 || passepartout || connaissait || en,2,35,97,"Si les sculpteurs de l' Antiquité connaissaient dix-huit façons d' arranger la chevelure de Minerve, Passepartout n' en connaissait qu' une pour disposer la sienne: trois coups de démêloir, et il était coiffé.",Passepartout,connaissait,en,depuis cinq ans,1867-00-00-00,ce mercredi 2 octobre 1872,1872-10-02-00-00,precedent_context,êtes,1867-00-00-00,1872-10-02-00,temps_different
355,2 || 35 || 97 || passepartout || connaissait || qu'une,2,35,97,"Si les sculpteurs de l' Antiquité connaissaient dix-huit façons d' arranger la chevelure de Minerve, Passepartout n' en connaissait qu' une pour disposer la sienne: trois coups de démêloir, et il était coiffé.",Passepartout,connaissait,qu'une,depuis cinq ans,1867-00-00-00,ce mercredi 2 octobre 1872,1872-10-02-00-00,precedent_context,êtes,1867-00-00-00,1872-10-02-00,temps_different
356,2 || 35 || 97 || passepartout || disposer || la sienne,2,35,97,"Si les sculpteurs de l' Antiquité connaissaient dix-huit façons d' arranger la chevelure de Minerve, Passepartout n' en connaissait qu' une pour disposer la sienne: trois coups de démêloir, et il était coiffé.",Passepartout,disposer,la sienne,depuis cinq ans,1867-00-00-00,ce mercredi 2 octobre 1872,1872-10-02-00-00,precedent_context,êtes,1867-00-00-00,1872-10-02-00,temps_different
357,2 || 35 || 97 || passepartout || disposer || trois coups de démêloir,2,35,97,"Si les sculpteurs de l' Antiquité connaissaient dix-huit façons d' arranger la chevelure de Minerve, Passepartout n' en connaissait qu' une pour disposer la sienne: trois coups de démêloir, et il était coiffé.",Passepartout,disposer,trois coups de démêloir,depuis cinq ans,1867-00-00-00,ce mercredi 2 octobre 1872,1872-10-02-00-00,precedent_context,êtes,1867-00-00-00,1872-10-02-00,temps_different
358,2 || 35 || 97 || il || coiffé || _,2,35,97,"Si les sculpteurs de l' Antiquité connaissaient dix-huit façons d' arranger la chevelure de Minerve, Passepartout n' en connaissait qu' une pour disposer la sienne: trois coups de démêloir, et il était coiffé.",il,coiffé,,depuis cinq ans,1867-00-00-00,ce mercredi 2 octobre 1872,1872-10-02-00-00,precedent_context,êtes,1867-00-00-00,1872-10-02-00,temps_different
359,2 || 36 || 98 || _ || dire || _,2,36,98,"De dire si le caractère expansif de ce garçon s' accorderait avec celui de Phileas Fogg, c' est ce que la prudence la plus élémentaire ne permet pas.",,dire,,depuis cinq ans,1867-00-00-00,ce mercredi 2 octobre 1872,1872-10-02-00-00,precedent_context,êtes,1867-00-00-00,1872-10-02-00,temps_different
360,2 || 36 || 98 || le caractère expansif de ce garçon || accorderait || avec celui de phileas fogg,2,36,98,"De dire si le caractère expansif de ce garçon s' accorderait avec celui de Phileas Fogg, c' est ce que la prudence la plus élémentaire ne permet pas.",le caractère expansif de ce garçon,accorderait,avec celui de Phileas Fogg,depuis cinq ans,1867-00-00-00,ce mercredi 2 octobre 1872,1872-10-02-00-00,precedent_context,êtes,1867-00-00-00,1872-10-02-00,temps_different
361,2 || 36 || 98 || la prudence la plus élémentaire || permet || que,2,36,98,"De dire si le caractère expansif de ce garçon s' accorderait avec celui de Phileas Fogg, c' est ce que la prudence la plus élémentaire ne permet pas.",la prudence la plus élémentaire,permet,que,depuis cinq ans,1867-00-00-00,ce mercredi 2 octobre 1872,1872-10-02-00-00,precedent_context,êtes,1867-00-00-00,1872-10-02-00,temps_different
362,2 || 36 || 99 || _ || fallait || qu',2,36,99,Passepartout serait -il ce domestique foncièrement exact qu' il fallait à son maître?,,fallait,qu',depuis cinq ans,1867-00-00-00,ce mercredi 2 octobre 1872,1872-10-02-00-00,precedent_context,êtes,1867-00-00-00,1872-10-02-00,temps_different
363,2 || 36 || 99 || _ || fallait || à son maître,2,36,99,Passepartout serait -il ce domestique foncièrement exact qu' il fallait à son maître?,,fallait,à son maître,depuis cinq ans,1867-00-00-00,ce mercredi 2 octobre 1872,1872-10-02-00-00,precedent_context,êtes,1867-00-00-00,1872-10-02-00,temps_different
364,2 || 36 || 100 || on || verrait || le,2,36,100,On ne le verrait qu' à l' user.,On,verrait,le,depuis cinq ans,1867-00-00-00,ce mercredi 2 octobre 1872,1872-10-02-00-00,precedent_context,êtes,1867-00-00-00,1872-10-02-00,temps_different
365,2 || 36 || 100 || on || user || l',2,36,100,On ne le verrait qu' à l' user.,On,user,l',depuis cinq ans,1867-00-00-00,ce mercredi 2 octobre 1872,1872-10-02-00-00,precedent_context,êtes,1867-00-00-00,1872-10-02-00,temps_different
366,2 || 36 || 101 || on || eu || _,2,36,101,"Après avoir eu, on le sait, une jeunesse assez vagabonde, il aspirait au repos.",on,eu,,depuis cinq ans,1867-00-00-00,ce mercredi 2 octobre 1872,1872-10-02-00-00,precedent_context,êtes,1867-00-00-00,1872-10-02-00,temps_different
367,2 || 36 || 101 || on || sait || le,2,36,101,"Après avoir eu, on le sait, une jeunesse assez vagabonde, il aspirait au repos.",on,sait,le,depuis cinq ans,1867-00-00-00,ce mercredi 2 octobre 1872,1872-10-02-00-00,precedent_context,êtes,1867-00-00-00,1872-10-02-00,temps_different
368,2 || 36 || 101 || il || aspirait || une jeunesse assez vagabonde,2,36,101,"Après avoir eu, on le sait, une jeunesse assez vagabonde, il aspirait au repos.",il,aspirait,une jeunesse assez vagabonde,depuis cinq ans,1867-00-00-00,ce mercredi 2 octobre 1872,1872-10-02-00-00,precedent_context,êtes,1867-00-00-00,1872-10-02-00,temps_different
369,2 || 36 || 101 || il || aspirait || au repos,2,36,101,"Après avoir eu, on le sait, une jeunesse assez vagabonde, il aspirait au repos.",il,aspirait,au repos,depuis cinq ans,1867-00-00-00,ce mercredi 2 octobre 1872,1872-10-02-00-00,precedent_context,êtes,1867-00-00-00,1872-10-02-00,temps_different
370,2 || 36 || 102 || il || entendu || _,2,36,102,"Ayant entendu vanter le méthodisme anglais et la froideur proverbiale des gentlemen, il vint chercher fortune en Angleterre.",il,entendu,,depuis cinq ans,1867-00-00-00,ce mercredi 2 octobre 1872,1872-10-02-00-00,precedent_context,êtes,1867-00-00-00,1872-10-02-00,temps_different
371,2 || 36 || 102 || _ || vanter || le méthodisme anglais et la froideur proverbiale des gentlemen,2,36,102,"Ayant entendu vanter le méthodisme anglais et la froideur proverbiale des gentlemen, il vint chercher fortune en Angleterre.",,vanter,le méthodisme anglais et la froideur proverbiale des gentlemen,depuis cinq ans,1867-00-00-00,ce mercredi 2 octobre 1872,1872-10-02-00-00,precedent_context,êtes,1867-00-00-00,1872-10-02-00,temps_different
372,2 || 36 || 102 || il || vint || _,2,36,102,"Ayant entendu vanter le méthodisme anglais et la froideur proverbiale des gentlemen, il vint chercher fortune en Angleterre.",il,vint,,depuis cinq ans,1867-00-00-00,ce mercredi 2 octobre 1872,1872-10-02-00-00,precedent_context,êtes,1867-00-00-00,1872-10-02-00,temps_different
373,2 || 36 || 102 || il || chercher || fortune,2,36,102,"Ayant entendu vanter le méthodisme anglais et la froideur proverbiale des gentlemen, il vint chercher fortune en Angleterre.",il,chercher,fortune,depuis cinq ans,1867-00-00-00,ce mercredi 2 octobre 1872,1872-10-02-00-00,precedent_context,êtes,1867-00-00-00,1872-10-02-00,temps_different
374,2 || 36 || 102 || il || chercher || en angleterre,2,36,102,"Ayant entendu vanter le méthodisme anglais et la froideur proverbiale des gentlemen, il vint chercher fortune en Angleterre.",il,chercher,en Angleterre,depuis cinq ans,1867-00-00-00,ce mercredi 2 octobre 1872,1872-10-02-00-00,precedent_context,êtes,1867-00-00-00,1872-10-02-00,temps_different
375,2 || 36 || 103 || le sort || servi || l',2,36,103,"Mais, jusqu' alors, le sort l' avait mal servi.",le sort,servi,l',depuis cinq ans,1867-00-00-00,ce mercredi 2 octobre 1872,1872-10-02-00-00,precedent_context,êtes,1867-00-00-00,1872-10-02-00,temps_different
376,2 || 36 || 104 || il || pu || _,2,36,104,Il n' avait pu prendre racine nulle part.,Il,pu,,depuis cinq ans,1867-00-00-00,ce mercredi 2 octobre 1872,1872-10-02-00-00,precedent_context,êtes,1867-00-00-00,1872-10-02-00,temps_different
377,2 || 36 || 104 || il || prendre || racine,2,36,104,Il n' avait pu prendre racine nulle part.,Il,prendre,racine,depuis cinq ans,1867-00-00-00,ce mercredi 2 octobre 1872,1872-10-02-00-00,precedent_context,êtes,1867-00-00-00,1872-10-02-00,temps_different
378,2 || 36 || 104 || il || prendre || nulle part,2,36,104,Il n' avait pu prendre racine nulle part.,Il,prendre,nulle part,depuis cinq ans,1867-00-00-00,ce mercredi 2 octobre 1872,1872-10-02-00-00,precedent_context,êtes,1867-00-00-00,1872-10-02-00,temps_different
379,2 || 36 || 105 || il || fait || dix maisons,2,36,105,Il avait fait dix maisons.,Il,fait,dix maisons,depuis cinq ans,1867-00-00-00,ce mercredi 2 octobre 1872,1872-10-02-00-00,precedent_context,êtes,1867-00-00-00,1872-10-02-00,temps_different
380,2 || 36 || 106 || qui || pouvait || _,2,36,106,"Dans toutes, on était fantasque, inégal, coureur d' aventures ou coureur de pays,- ce qui ne pouvait plus convenir à Passepartout.",qui,pouvait,,depuis cinq ans,1867-00-00-00,ce mercredi 2 octobre 1872,1872-10-02-00-00,precedent_context,êtes,1867-00-00-00,1872-10-02-00,temps_different
381,2 || 36 || 106 || qui || convenir || à passepartout,2,36,106,"Dans toutes, on était fantasque, inégal, coureur d' aventures ou coureur de pays,- ce qui ne pouvait plus convenir à Passepartout.",qui,convenir,à Passepartout,depuis cinq ans,1867-00-00-00,ce mercredi 2 octobre 1872,1872-10-02-00-00,precedent_context,êtes,1867-00-00-00,1872-10-02-00,temps_different
382,2 || 36 || 107 || _ || passé || ses nuits,2,36,107,"Son dernier maître, le jeune Lord Longsferry, membre du Parlement, après avoir passé ses nuits dans les« oysters - rooms» d' Hay - Market, rentrait trop souvent au logis sur les épaules des policemen.",,passé,ses nuits,depuis cinq ans,1867-00-00-00,ce mercredi 2 octobre 1872,1872-10-02-00-00,precedent_context,êtes,1867-00-00-00,1872-10-02-00,temps_different
383,2 || 36 || 107 || _ || passé || dans les oysters-rooms,2,36,107,"Son dernier maître, le jeune Lord Longsferry, membre du Parlement, après avoir passé ses nuits dans les« oysters - rooms» d' Hay - Market, rentrait trop souvent au logis sur les épaules des policemen.",,passé,dans les oysters-rooms,depuis cinq ans,1867-00-00-00,ce mercredi 2 octobre 1872,1872-10-02-00-00,precedent_context,êtes,1867-00-00-00,1872-10-02-00,temps_different
384,2 || 36 || 107 || _ || passé || oysters-rooms,2,36,107,"Son dernier maître, le jeune Lord Longsferry, membre du Parlement, après avoir passé ses nuits dans les« oysters - rooms» d' Hay - Market, rentrait trop souvent au logis sur les épaules des policemen.",,passé,oysters-rooms,depuis cinq ans,1867-00-00-00,ce mercredi 2 octobre 1872,1872-10-02-00-00,precedent_context,êtes,1867-00-00-00,1872-10-02-00,temps_different
385,2 || 36 || 107 || _ || passé || oysters-rooms d'hay-market,2,36,107,"Son dernier maître, le jeune Lord Longsferry, membre du Parlement, après avoir passé ses nuits dans les« oysters - rooms» d' Hay - Market, rentrait trop souvent au logis sur les épaules des policemen.",,passé,oysters-rooms d'Hay-Market,depuis cinq ans,1867-00-00-00,ce mercredi 2 octobre 1872,1872-10-02-00-00,precedent_context,êtes,1867-00-00-00,1872-10-02-00,temps_different
386,2 || 36 || 107 || _ || passé || hay-market,2,36,107,"Son dernier maître, le jeune Lord Longsferry, membre du Parlement, après avoir passé ses nuits dans les« oysters - rooms» d' Hay - Market, rentrait trop souvent au logis sur les épaules des policemen.",,passé,Hay-Market,depuis cinq ans,1867-00-00-00,ce mercredi 2 octobre 1872,1872-10-02-00-00,precedent_context,êtes,1867-00-00-00,1872-10-02-00,temps_different
387,2 || 36 || 107 || son dernier maître le jeune lord longsferry membre du parlement hay-market || rentrait || au logis,2,36,107,"Son dernier maître, le jeune Lord Longsferry, membre du Parlement, après avoir passé ses nuits dans les« oysters - rooms» d' Hay - Market, rentrait trop souvent au logis sur les épaules des policemen.",Son dernier maître le jeune Lord Longsferry membre du Parlement Hay-Market,rentrait,au logis,depuis cinq ans,1867-00-00-00,ce mercredi 2 octobre 1872,1872-10-02-00-00,precedent_context,êtes,1867-00-00-00,1872-10-02-00,temps_different
388,2 || 36 || 107 || son dernier maître le jeune lord longsferry membre du parlement hay-market || rentrait || sur les épaules des policemen,2,36,107,"Son dernier maître, le jeune Lord Longsferry, membre du Parlement, après avoir passé ses nuits dans les« oysters - rooms» d' Hay - Market, rentrait trop souvent au logis sur les épaules des policemen.",Son dernier maître le jeune Lord Longsferry membre du Parlement Hay-Market,rentrait,sur les épaules des policemen,depuis cinq ans,1867-00-00-00,ce mercredi 2 octobre 1872,1872-10-02-00-00,precedent_context,êtes,1867-00-00-00,1872-10-02-00,temps_different
389,2 || 36 || 108 || _ || voulant || avant tout,2,36,108,"Passepartout, voulant avant tout pouvoir respecter son maître, risqua quelques respectueuses observations qui furent mal reçues, et il rompit.",,voulant,avant tout,depuis cinq ans,1867-00-00-00,ce mercredi 2 octobre 1872,1872-10-02-00-00,precedent_context,êtes,1867-00-00-00,1872-10-02-00,temps_different
390,2 || 36 || 108 || _ || pouvoir || _,2,36,108,"Passepartout, voulant avant tout pouvoir respecter son maître, risqua quelques respectueuses observations qui furent mal reçues, et il rompit.",,pouvoir,,depuis cinq ans,1867-00-00-00,ce mercredi 2 octobre 1872,1872-10-02-00-00,precedent_context,êtes,1867-00-00-00,1872-10-02-00,temps_different
391,2 || 36 || 108 || _ || respecter || son maître,2,36,108,"Passepartout, voulant avant tout pouvoir respecter son maître, risqua quelques respectueuses observations qui furent mal reçues, et il rompit.",,respecter,son maître,depuis cinq ans,1867-00-00-00,ce mercredi 2 octobre 1872,1872-10-02-00-00,precedent_context,êtes,1867-00-00-00,1872-10-02-00,temps_different
392,2 || 36 || 108 || passepartout || risqua || quelques respectueuses observations,2,36,108,"Passepartout, voulant avant tout pouvoir respecter son maître, risqua quelques respectueuses observations qui furent mal reçues, et il rompit.",Passepartout,risqua,quelques respectueuses observations,depuis cinq ans,1867-00-00-00,ce mercredi 2 octobre 1872,1872-10-02-00-00,precedent_context,êtes,1867-00-00-00,1872-10-02-00,temps_different
393,2 || 36 || 108 || qui || reçues || _,2,36,108,"Passepartout, voulant avant tout pouvoir respecter son maître, risqua quelques respectueuses observations qui furent mal reçues, et il rompit.",qui,reçues,,depuis cinq ans,1867-00-00-00,ce mercredi 2 octobre 1872,1872-10-02-00-00,precedent_context,êtes,1867-00-00-00,1872-10-02-00,temps_different
394,2 || 36 || 108 || il || rompit || _,2,36,108,"Passepartout, voulant avant tout pouvoir respecter son maître, risqua quelques respectueuses observations qui furent mal reçues, et il rompit.",il,rompit,,depuis cinq ans,1867-00-00-00,ce mercredi 2 octobre 1872,1872-10-02-00-00,precedent_context,êtes,1867-00-00-00,1872-10-02-00,temps_different
395,2 || 36 || 109 || il || apprit || sur les entrefaites,2,36,109,"Il apprit, sur les entrefaites, que Phileas Fogg, esq., cherchait un domestique.",Il,apprit,sur les entrefaites,depuis cinq ans,1867-00-00-00,ce mercredi 2 octobre 1872,1872-10-02-00-00,precedent_context,êtes,1867-00-00-00,1872-10-02-00,temps_different
396,2 || 36 || 109 || phileas fogg esq || cherchait || un domestique,2,36,109,"Il apprit, sur les entrefaites, que Phileas Fogg, esq., cherchait un domestique.",Phileas Fogg esq,cherchait,un domestique,depuis cinq ans,1867-00-00-00,ce mercredi 2 octobre 1872,1872-10-02-00-00,precedent_context,êtes,1867-00-00-00,1872-10-02-00,temps_different
397,2 || 36 || 110 || il || prit || des renseignements sur ce gentleman,2,36,110,Il prit des renseignements sur ce gentleman.,Il,prit,des renseignements sur ce gentleman,depuis cinq ans,1867-00-00-00,ce mercredi 2 octobre 1872,1872-10-02-00-00,precedent_context,êtes,1867-00-00-00,1872-10-02-00,temps_different
398,2 || 36 || 111 || qui || découchait || _,2,36,111,"Un personnage dont l' existence était si régulière, qui ne découchait pas, qui ne voyageait pas, qui ne s' absentait jamais, pas même un jour, ne pouvait que lui convenir.",qui,découchait,,depuis cinq ans,1867-00-00-00,ce mercredi 2 octobre 1872,1872-10-02-00-00,precedent_context,êtes,1867-00-00-00,1872-10-02-00,temps_different
399,2 || 36 || 111 || qui || voyageait || _,2,36,111,"Un personnage dont l' existence était si régulière, qui ne découchait pas, qui ne voyageait pas, qui ne s' absentait jamais, pas même un jour, ne pouvait que lui convenir.",qui,voyageait,,depuis cinq ans,1867-00-00-00,ce mercredi 2 octobre 1872,1872-10-02-00-00,precedent_context,êtes,1867-00-00-00,1872-10-02-00,temps_different
400,2 || 36 || 111 || qui || absentait || s',2,36,111,"Un personnage dont l' existence était si régulière, qui ne découchait pas, qui ne voyageait pas, qui ne s' absentait jamais, pas même un jour, ne pouvait que lui convenir.",qui,absentait,s',depuis cinq ans,1867-00-00-00,ce mercredi 2 octobre 1872,1872-10-02-00-00,precedent_context,êtes,1867-00-00-00,1872-10-02-00,temps_different
401,2 || 36 || 111 || un personnage dont l'existence était si régulière pas même un jour || pouvait || _,2,36,111,"Un personnage dont l' existence était si régulière, qui ne découchait pas, qui ne voyageait pas, qui ne s' absentait jamais, pas même un jour, ne pouvait que lui convenir.",Un personnage dont l'existence était si régulière pas même un jour,pouvait,,depuis cinq ans,1867-00-00-00,ce mercredi 2 octobre 1872,1872-10-02-00-00,precedent_context,êtes,1867-00-00-00,1872-10-02-00,temps_different
402,2 || 36 || 111 || un personnage dont l'existence était si régulière pas même un jour || convenir || lui,2,36,111,"Un personnage dont l' existence était si régulière, qui ne découchait pas, qui ne voyageait pas, qui ne s' absentait jamais, pas même un jour, ne pouvait que lui convenir.",Un personnage dont l'existence était si régulière pas même un jour,convenir,lui,depuis cinq ans,1867-00-00-00,ce mercredi 2 octobre 1872,1872-10-02-00-00,precedent_context,êtes,1867-00-00-00,1872-10-02-00,temps_different
403,2 || 36 || 112 || il || présenta || se,2,36,112,Il se présenta et fut admis dans les circonstances que l' on sait.,Il,présenta,se,depuis cinq ans,1867-00-00-00,ce mercredi 2 octobre 1872,1872-10-02-00-00,precedent_context,êtes,1867-00-00-00,1872-10-02-00,temps_different
404,2 || 36 || 112 || il || admis || dans les circonstances,2,36,112,Il se présenta et fut admis dans les circonstances que l' on sait.,Il,admis,dans les circonstances,depuis cinq ans,1867-00-00-00,ce mercredi 2 octobre 1872,1872-10-02-00-00,precedent_context,êtes,1867-00-00-00,1872-10-02-00,temps_different
405,2 || 36 || 112 || l' || sait || que,2,36,112,Il se présenta et fut admis dans les circonstances que l' on sait.,l',sait,que,depuis cinq ans,1867-00-00-00,ce mercredi 2 octobre 1872,1872-10-02-00-00,precedent_context,êtes,1867-00-00-00,1872-10-02-00,temps_different
406,2 || 37 || 113 || passepartout || sonnées || _,2,37,113,Passepartout- onze heures et demie étant sonnées- se trouvait donc seul dans la maison de Saville - row.,Passepartout,sonnées,,onze heures et demie,1872-10-02-11,onze heures et demie,1872-10-02-11-30,ud_direct,sonnées,1872-10-02-11,1872-10-02-11-30,temps_different
407,2 || 37 || 113 || _ || trouvait || se,2,37,113,Passepartout- onze heures et demie étant sonnées- se trouvait donc seul dans la maison de Saville - row.,,trouvait,se,onze heures et demie,1872-10-02-11,ce mercredi 2 octobre 1872,1872-10-02-00-00,precedent_context,êtes,1872-10-02-11,1872-10-02-00,temps_different
408,2 || 37 || 113 || _ || trouvait || dans la maison de saville-row,2,37,113,Passepartout- onze heures et demie étant sonnées- se trouvait donc seul dans la maison de Saville - row.,,trouvait,dans la maison de Saville-row,onze heures et demie,1872-10-02-11,ce mercredi 2 octobre 1872,1872-10-02-00-00,precedent_context,êtes,1872-10-02-11,1872-10-02-00,temps_different
409,2 || 37 || 114 || il || commença || en,2,37,114,Aussitôt il en commença l' inspection.,il,commença,en,onze heures et demie,1872-10-02-11,ce mercredi 2 octobre 1872,1872-10-02-00-00,precedent_context,êtes,1872-10-02-11,1872-10-02-00,temps_different
410,2 || 37 || 114 || il || commença || l'inspection,2,37,114,Aussitôt il en commença l' inspection.,il,commença,l'inspection,onze heures et demie,1872-10-02-11,ce mercredi 2 octobre 1872,1872-10-02-00-00,precedent_context,êtes,1872-10-02-11,1872-10-02-00,temps_different
411,2 || 37 || 115 || il || parcourut || la,2,37,115,Il la parcourut de la cave au grenier.,Il,parcourut,la,onze heures et demie,1872-10-02-11,ce mercredi 2 octobre 1872,1872-10-02-00-00,precedent_context,êtes,1872-10-02-11,1872-10-02-00,temps_different
412,2 || 37 || 115 || il || parcourut || de la cave au grenier,2,37,115,Il la parcourut de la cave au grenier.,Il,parcourut,de la cave au grenier,onze heures et demie,1872-10-02-11,ce mercredi 2 octobre 1872,1872-10-02-00-00,precedent_context,êtes,1872-10-02-11,1872-10-02-00,temps_different
413,2 || 37 || 116 || _ || rangée || _,2,37,116,"Cette maison propre, rangée, sévère, puritaine, bien organisée pour le service, lui plut.",,rangée,,onze heures et demie,1872-10-02-11,ce mercredi 2 octobre 1872,1872-10-02-00-00,precedent_context,êtes,1872-10-02-11,1872-10-02-00,temps_different
414,2 || 37 || 116 || _ || organisée || pour le service,2,37,116,"Cette maison propre, rangée, sévère, puritaine, bien organisée pour le service, lui plut.",,organisée,pour le service,onze heures et demie,1872-10-02-11,ce mercredi 2 octobre 1872,1872-10-02-00-00,precedent_context,êtes,1872-10-02-11,1872-10-02-00,temps_different
415,2 || 37 || 116 || cette maison propre sévère puritaine || plut || lui,2,37,116,"Cette maison propre, rangée, sévère, puritaine, bien organisée pour le service, lui plut.",Cette maison propre sévère puritaine,plut,lui,onze heures et demie,1872-10-02-11,ce mercredi 2 octobre 1872,1872-10-02-00-00,precedent_context,êtes,1872-10-02-11,1872-10-02-00,temps_different
416,2 || 37 || 117 || elle || fit || lui,2,37,117,"Elle lui fit l' effet d' une belle coquille de colimaçon, mais d' une coquille éclairée et chauffée au gaz, car l' hydrogène carburé y suffisait à tous les besoins de lumière et de chaleur.",Elle,fit,lui,onze heures et demie,1872-10-02-11,ce mercredi 2 octobre 1872,1872-10-02-00-00,precedent_context,êtes,1872-10-02-11,1872-10-02-00,temps_different
417,2 || 37 || 117 || elle || fit || l'effet,2,37,117,"Elle lui fit l' effet d' une belle coquille de colimaçon, mais d' une coquille éclairée et chauffée au gaz, car l' hydrogène carburé y suffisait à tous les besoins de lumière et de chaleur.",Elle,fit,l'effet,onze heures et demie,1872-10-02-11,ce mercredi 2 octobre 1872,1872-10-02-00-00,precedent_context,êtes,1872-10-02-11,1872-10-02-00,temps_different
418,2 || 37 || 117 || elle || fit || d'une belle coquille de colimaçon mais d'une coquille,2,37,117,"Elle lui fit l' effet d' une belle coquille de colimaçon, mais d' une coquille éclairée et chauffée au gaz, car l' hydrogène carburé y suffisait à tous les besoins de lumière et de chaleur.",Elle,fit,d'une belle coquille de colimaçon mais d'une coquille,onze heures et demie,1872-10-02-11,ce mercredi 2 octobre 1872,1872-10-02-00-00,precedent_context,êtes,1872-10-02-11,1872-10-02-00,temps_different
419,2 || 37 || 117 || _ || éclairée || _,2,37,117,"Elle lui fit l' effet d' une belle coquille de colimaçon, mais d' une coquille éclairée et chauffée au gaz, car l' hydrogène carburé y suffisait à tous les besoins de lumière et de chaleur.",,éclairée,,onze heures et demie,1872-10-02-11,ce mercredi 2 octobre 1872,1872-10-02-00-00,precedent_context,êtes,1872-10-02-11,1872-10-02-00,temps_different
420,2 || 37 || 117 || _ || chauffée || au gaz,2,37,117,"Elle lui fit l' effet d' une belle coquille de colimaçon, mais d' une coquille éclairée et chauffée au gaz, car l' hydrogène carburé y suffisait à tous les besoins de lumière et de chaleur.",,chauffée,au gaz,onze heures et demie,1872-10-02-11,ce mercredi 2 octobre 1872,1872-10-02-00-00,precedent_context,êtes,1872-10-02-11,1872-10-02-00,temps_different
421,2 || 37 || 117 || _ || carburé || _,2,37,117,"Elle lui fit l' effet d' une belle coquille de colimaçon, mais d' une coquille éclairée et chauffée au gaz, car l' hydrogène carburé y suffisait à tous les besoins de lumière et de chaleur.",,carburé,,onze heures et demie,1872-10-02-11,ce mercredi 2 octobre 1872,1872-10-02-00-00,precedent_context,êtes,1872-10-02-11,1872-10-02-00,temps_different
422,2 || 37 || 117 || l'hydrogène || suffisait || y,2,37,117,"Elle lui fit l' effet d' une belle coquille de colimaçon, mais d' une coquille éclairée et chauffée au gaz, car l' hydrogène carburé y suffisait à tous les besoins de lumière et de chaleur.",l'hydrogène,suffisait,y,onze heures et demie,1872-10-02-11,ce mercredi 2 octobre 1872,1872-10-02-00-00,precedent_context,êtes,1872-10-02-11,1872-10-02-00,temps_different
423,2 || 37 || 117 || l'hydrogène || suffisait || à tous les besoins de lumière et de chaleur,2,37,117,"Elle lui fit l' effet d' une belle coquille de colimaçon, mais d' une coquille éclairée et chauffée au gaz, car l' hydrogène carburé y suffisait à tous les besoins de lumière et de chaleur.",l'hydrogène,suffisait,à tous les besoins de lumière et de chaleur,onze heures et demie,1872-10-02-11,ce mercredi 2 octobre 1872,1872-10-02-00-00,precedent_context,êtes,1872-10-02-11,1872-10-02-00,temps_different
424,2 || 37 || 118 || passepartout || trouva || sans peine,2,37,118,"Passepartout trouva sans peine, au second étage, la chambre qui lui était destinée.",Passepartout,trouva,sans peine,onze heures et demie,1872-10-02-11,ce mercredi 2 octobre 1872,1872-10-02-00-00,precedent_context,êtes,1872-10-02-11,1872-10-02-00,temps_different
425,2 || 37 || 118 || passepartout || trouva || au second étage,2,37,118,"Passepartout trouva sans peine, au second étage, la chambre qui lui était destinée.",Passepartout,trouva,au second étage,onze heures et demie,1872-10-02-11,ce mercredi 2 octobre 1872,1872-10-02-00-00,precedent_context,êtes,1872-10-02-11,1872-10-02-00,temps_different
426,2 || 37 || 118 || passepartout || trouva || la chambre,2,37,118,"Passepartout trouva sans peine, au second étage, la chambre qui lui était destinée.",Passepartout,trouva,la chambre,onze heures et demie,1872-10-02-11,ce mercredi 2 octobre 1872,1872-10-02-00-00,precedent_context,êtes,1872-10-02-11,1872-10-02-00,temps_different
427,2 || 37 || 118 || qui || destinée || lui,2,37,118,"Passepartout trouva sans peine, au second étage, la chambre qui lui était destinée.",qui,destinée,lui,onze heures et demie,1872-10-02-11,ce mercredi 2 octobre 1872,1872-10-02-00-00,precedent_context,êtes,1872-10-02-11,1872-10-02-00,temps_different
428,2 || 37 || 119 || elle || convint || lui,2,37,119,Elle lui convint.,Elle,convint,lui,onze heures et demie,1872-10-02-11,ce mercredi 2 octobre 1872,1872-10-02-00-00,precedent_context,êtes,1872-10-02-11,1872-10-02-00,temps_different
429,2 || 37 || 120 || des timbres électriques et des tuyaux acoustiques || mettaient || la,2,37,120,Des timbres électriques et des tuyaux acoustiques la mettaient en communication avec les appartements de l' entresol et du premier étage.,Des timbres électriques et des tuyaux acoustiques,mettaient,la,onze heures et demie,1872-10-02-11,ce mercredi 2 octobre 1872,1872-10-02-00-00,precedent_context,êtes,1872-10-02-11,1872-10-02-00,temps_different
430,2 || 37 || 120 || des timbres électriques et des tuyaux acoustiques || mettaient || en communication avec les appartements de l'entresol et du premier étage,2,37,120,Des timbres électriques et des tuyaux acoustiques la mettaient en communication avec les appartements de l' entresol et du premier étage.,Des timbres électriques et des tuyaux acoustiques,mettaient,en communication avec les appartements de l'entresol et du premier étage,onze heures et demie,1872-10-02-11,ce mercredi 2 octobre 1872,1872-10-02-00-00,precedent_context,êtes,1872-10-02-11,1872-10-02-00,temps_different
431,2 || 37 || 121 || une pendule électrique || correspondait || sur la cheminée,2,37,121,"Sur la cheminée, une pendule électrique correspondait avec la pendule de la chambre à coucher de Phileas Fogg, et les deux appareils battaient au même instant, la même seconde.",une pendule électrique,correspondait,Sur la cheminée,onze heures et demie,1872-10-02-11,ce mercredi 2 octobre 1872,1872-10-02-00-00,precedent_context,êtes,1872-10-02-11,1872-10-02-00,temps_different
432,2 || 37 || 121 || une pendule électrique || correspondait || avec la pendule de la chambre à coucher de phileas fogg,2,37,121,"Sur la cheminée, une pendule électrique correspondait avec la pendule de la chambre à coucher de Phileas Fogg, et les deux appareils battaient au même instant, la même seconde.",une pendule électrique,correspondait,avec la pendule de la chambre à coucher de Phileas Fogg,onze heures et demie,1872-10-02-11,ce mercredi 2 octobre 1872,1872-10-02-00-00,precedent_context,êtes,1872-10-02-11,1872-10-02-00,temps_different
433,2 || 37 || 121 || les deux appareils || battaient || au même instant,2,37,121,"Sur la cheminée, une pendule électrique correspondait avec la pendule de la chambre à coucher de Phileas Fogg, et les deux appareils battaient au même instant, la même seconde.",les deux appareils,battaient,au même instant,onze heures et demie,1872-10-02-11,ce mercredi 2 octobre 1872,1872-10-02-00-00,precedent_context,êtes,1872-10-02-11,1872-10-02-00,temps_different
434,2 || 37 || 121 || les deux appareils || battaient || la même seconde,2,37,121,"Sur la cheminée, une pendule électrique correspondait avec la pendule de la chambre à coucher de Phileas Fogg, et les deux appareils battaient au même instant, la même seconde.",les deux appareils,battaient,la même seconde,onze heures et demie,1872-10-02-11,ce mercredi 2 octobre 1872,1872-10-02-00-00,precedent_context,êtes,1872-10-02-11,1872-10-02-00,temps_different
435,2 || 38 || 122 || cela || va || me,2,38,122,"«Cela me va, cela me va!» se dit Passepartout.",Cela,va,me,onze heures et demie,1872-10-02-11,ce mercredi 2 octobre 1872,1872-10-02-00-00,precedent_context,êtes,1872-10-02-11,1872-10-02-00,temps_different
436,2 || 38 || 122 || cela || va || me,2,38,122,"«Cela me va, cela me va!» se dit Passepartout.",Cela,va,me,onze heures et demie,1872-10-02-11,ce mercredi 2 octobre 1872,1872-10-02-00-00,precedent_context,êtes,1872-10-02-11,1872-10-02-00,temps_different
437,2 || 38 || 122 || cela || va || me,2,38,122,"«Cela me va, cela me va!» se dit Passepartout.",cela,va,me,onze heures et demie,1872-10-02-11,ce mercredi 2 octobre 1872,1872-10-02-00-00,precedent_context,êtes,1872-10-02-11,1872-10-02-00,temps_different
438,2 || 38 || 122 || cela || va || me,2,38,122,"«Cela me va, cela me va!» se dit Passepartout.",cela,va,me,onze heures et demie,1872-10-02-11,ce mercredi 2 octobre 1872,1872-10-02-00-00,precedent_context,êtes,1872-10-02-11,1872-10-02-00,temps_different
439,2 || 38 || 122 || passepartout || dit || se,2,38,122,"«Cela me va, cela me va!» se dit Passepartout.",Passepartout,dit,se,onze heures et demie,1872-10-02-11,ce mercredi 2 octobre 1872,1872-10-02-00-00,precedent_context,êtes,1872-10-02-11,1872-10-02-00,temps_different
440,2 || 39 || 123 || il || remarqua || dans sa chambre,2,39,123,"Il remarqua aussi, dans sa chambre, une notice affichée au-dessus de la pendule.",Il,remarqua,dans sa chambre,onze heures et demie,1872-10-02-11,ce mercredi 2 octobre 1872,1872-10-02-00-00,precedent_context,êtes,1872-10-02-11,1872-10-02-00,temps_different
441,2 || 39 || 123 || il || remarqua || une notice,2,39,123,"Il remarqua aussi, dans sa chambre, une notice affichée au-dessus de la pendule.",Il,remarqua,une notice,onze heures et demie,1872-10-02-11,ce mercredi 2 octobre 1872,1872-10-02-00-00,precedent_context,êtes,1872-10-02-11,1872-10-02-00,temps_different
442,2 || 39 || 123 || _ || affichée || au-dessus de la pendule,2,39,123,"Il remarqua aussi, dans sa chambre, une notice affichée au-dessus de la pendule.",,affichée,au-dessus de la pendule,onze heures et demie,1872-10-02-11,ce mercredi 2 octobre 1872,1872-10-02-00-00,precedent_context,êtes,1872-10-02-11,1872-10-02-00,temps_different
443,2 || 39 || 125 || il || comprenait || depuis huit heures du matin heure réglementaire,2,39,125,"Il comprenait- depuis huit heures du matin, heure réglementaire à laquelle se levait Phileas Fogg, jusqu' à onze heures et demie, heure à laquelle il quittait sa maison pour aller déjeuner au Reform - Club - tous les détails du service, le thé et les rôties de huit heures vingt-trois, l' eau pour la barbe de neuf heures trente-sept, la coiffure de dix heures moins vingt,etc. Puis de onze heures et demie du matin à minuit - heure à laquelle se couchait le méthodique gentleman -, tout était noté, prévu, régularisé.",Il,comprenait,depuis huit heures du matin heure réglementaire,depuis huit heures du matin,1872-00-00-08,depuis huit heures du matin,1872-10-02-08-00,objet,comprenait,1872-00-00-08,1872-10-02-08,temps_different
444,2 || 39 || 125 || il || comprenait || jusqu'à onze heures et demie heure club-tous les détails du service le thé et les rôties de huit heures vingt-trois l'eau pour la barbe de neuf heures trente-sept la coiffure de dix heures moins vingt,2,39,125,"Il comprenait- depuis huit heures du matin, heure réglementaire à laquelle se levait Phileas Fogg, jusqu' à onze heures et demie, heure à laquelle il quittait sa maison pour aller déjeuner au Reform - Club - tous les détails du service, le thé et les rôties de huit heures vingt-trois, l' eau pour la barbe de neuf heures trente-sept, la coiffure de dix heures moins vingt,etc. Puis de onze heures et demie du matin à minuit - heure à laquelle se couchait le méthodique gentleman -, tout était noté, prévu, régularisé.",Il,comprenait,jusqu'à onze heures et demie heure Club-tous les détails du service le thé et les rôties de huit heures vingt-trois l'eau pour la barbe de neuf heures trente-sept la coiffure de dix heures moins vingt,jusqu' à onze heures et demie,1872_00_00_11,jusqu' à onze heures et demie,1872-10-02-11-30,objet,comprenait,1872_00_00_11,1872-10-02-11-30,temps_different
445,2 || 39 || 125 || phileas fogg || levait || _,2,39,125,"Il comprenait- depuis huit heures du matin, heure réglementaire à laquelle se levait Phileas Fogg, jusqu' à onze heures et demie, heure à laquelle il quittait sa maison pour aller déjeuner au Reform - Club - tous les détails du service, le thé et les rôties de huit heures vingt-trois, l' eau pour la barbe de neuf heures trente-sept, la coiffure de dix heures moins vingt,etc. Puis de onze heures et demie du matin à minuit - heure à laquelle se couchait le méthodique gentleman -, tout était noté, prévu, régularisé.",Phileas Fogg,levait,,depuis huit heures du matin,1872-00-00-08,jusqu' à onze heures et demie,1872-10-02-11-30,ud_scope_anchor,comprenait,1872-00-00-08,1872-10-02-11-30,temps_different
446,2 || 39 || 125 || il || quittait || sa maison,2,39,125,"Il comprenait- depuis huit heures du matin, heure réglementaire à laquelle se levait Phileas Fogg, jusqu' à onze heures et demie, heure à laquelle il quittait sa maison pour aller déjeuner au Reform - Club - tous les détails du service, le thé et les rôties de huit heures vingt-trois, l' eau pour la barbe de neuf heures trente-sept, la coiffure de dix heures moins vingt,etc. Puis de onze heures et demie du matin à minuit - heure à laquelle se couchait le méthodique gentleman -, tout était noté, prévu, régularisé.",il,quittait,sa maison,depuis huit heures du matin,1872-00-00-08,jusqu' à onze heures et demie,1872-10-02-11-30,ud_scope_anchor,comprenait,1872-00-00-08,1872-10-02-11-30,temps_different
447,2 || 39 || 125 || il || aller || _,2,39,125,"Il comprenait- depuis huit heures du matin, heure réglementaire à laquelle se levait Phileas Fogg, jusqu' à onze heures et demie, heure à laquelle il quittait sa maison pour aller déjeuner au Reform - Club - tous les détails du service, le thé et les rôties de huit heures vingt-trois, l' eau pour la barbe de neuf heures trente-sept, la coiffure de dix heures moins vingt,etc. Puis de onze heures et demie du matin à minuit - heure à laquelle se couchait le méthodique gentleman -, tout était noté, prévu, régularisé.",il,aller,,depuis huit heures du matin,1872-00-00-08,jusqu' à onze heures et demie,1872-10-02-11-30,ud_scope_anchor,comprenait,1872-00-00-08,1872-10-02-11-30,temps_different
448,2 || 39 || 125 || _ || déjeuner || au reform-club,2,39,125,"Il comprenait- depuis huit heures du matin, heure réglementaire à laquelle se levait Phileas Fogg, jusqu' à onze heures et demie, heure à laquelle il quittait sa maison pour aller déjeuner au Reform - Club - tous les détails du service, le thé et les rôties de huit heures vingt-trois, l' eau pour la barbe de neuf heures trente-sept, la coiffure de dix heures moins vingt,etc. Puis de onze heures et demie du matin à minuit - heure à laquelle se couchait le méthodique gentleman -, tout était noté, prévu, régularisé.",,déjeuner,au Reform-Club,depuis huit heures du matin,1872-00-00-08,jusqu' à onze heures et demie,1872-10-02-11-30,ud_scope_anchor,comprenait,1872-00-00-08,1872-10-02-11-30,temps_different
449,2 || 39 || 125 || _ || déjeuner || reform-club,2,39,125,"Il comprenait- depuis huit heures du matin, heure réglementaire à laquelle se levait Phileas Fogg, jusqu' à onze heures et demie, heure à laquelle il quittait sa maison pour aller déjeuner au Reform - Club - tous les détails du service, le thé et les rôties de huit heures vingt-trois, l' eau pour la barbe de neuf heures trente-sept, la coiffure de dix heures moins vingt,etc. Puis de onze heures et demie du matin à minuit - heure à laquelle se couchait le méthodique gentleman -, tout était noté, prévu, régularisé.",,déjeuner,Reform-Club,depuis huit heures du matin,1872-00-00-08,jusqu' à onze heures et demie,1872-10-02-11-30,ud_scope_anchor,comprenait,1872-00-00-08,1872-10-02-11-30,temps_different
450,2 || 39 || 125 || _ || déjeuner || reform-club-tous,2,39,125,"Il comprenait- depuis huit heures du matin, heure réglementaire à laquelle se levait Phileas Fogg, jusqu' à onze heures et demie, heure à laquelle il quittait sa maison pour aller déjeuner au Reform - Club - tous les détails du service, le thé et les rôties de huit heures vingt-trois, l' eau pour la barbe de neuf heures trente-sept, la coiffure de dix heures moins vingt,etc. Puis de onze heures et demie du matin à minuit - heure à laquelle se couchait le méthodique gentleman -, tout était noté, prévu, régularisé.",,déjeuner,Reform-Club-tous,depuis huit heures du matin,1872-00-00-08,jusqu' à onze heures et demie,1872-10-02-11-30,ud_scope_anchor,comprenait,1872-00-00-08,1872-10-02-11-30,temps_different
451,2 || 39 || 125 || le méthodique gentleman || couchait || se,2,39,125,"Il comprenait- depuis huit heures du matin, heure réglementaire à laquelle se levait Phileas Fogg, jusqu' à onze heures et demie, heure à laquelle il quittait sa maison pour aller déjeuner au Reform - Club - tous les détails du service, le thé et les rôties de huit heures vingt-trois, l' eau pour la barbe de neuf heures trente-sept, la coiffure de dix heures moins vingt,etc. Puis de onze heures et demie du matin à minuit - heure à laquelle se couchait le méthodique gentleman -, tout était noté, prévu, régularisé.",le méthodique gentleman,couchait,se,depuis huit heures du matin,1872-00-00-08,de onze heures et demie du matin,1872-10-02-11-30,ud_scope_anchor,noté,1872-00-00-08,1872-10-02-11-30,temps_different
452,"2 || 39 || 125 || tout || noté || de onze heures et demie du matin à minuit-heure gentleman-,",2,39,125,"Il comprenait- depuis huit heures du matin, heure réglementaire à laquelle se levait Phileas Fogg, jusqu' à onze heures et demie, heure à laquelle il quittait sa maison pour aller déjeuner au Reform - Club - tous les détails du service, le thé et les rôties de huit heures vingt-trois, l' eau pour la barbe de neuf heures trente-sept, la coiffure de dix heures moins vingt,etc. Puis de onze heures et demie du matin à minuit - heure à laquelle se couchait le méthodique gentleman -, tout était noté, prévu, régularisé.",tout,noté,"de onze heures et demie du matin à minuit-heure gentleman-,",depuis huit heures du matin,1872-00-00-08,minuit,1872-10-02-00-00,objet,et,1872-00-00-08,1872-10-02-00,temps_different
453,2 || 39 || 125 || tout || prévu || _,2,39,125,"Il comprenait- depuis huit heures du matin, heure réglementaire à laquelle se levait Phileas Fogg, jusqu' à onze heures et demie, heure à laquelle il quittait sa maison pour aller déjeuner au Reform - Club - tous les détails du service, le thé et les rôties de huit heures vingt-trois, l' eau pour la barbe de neuf heures trente-sept, la coiffure de dix heures moins vingt,etc. Puis de onze heures et demie du matin à minuit - heure à laquelle se couchait le méthodique gentleman -, tout était noté, prévu, régularisé.",tout,prévu,,depuis huit heures du matin,1872-00-00-08,de onze heures et demie du matin,1872-10-02-11-30,ud_scope_anchor,noté,1872-00-00-08,1872-10-02-11-30,temps_different
454,2 || 39 || 125 || tout || régularisé || _,2,39,125,"Il comprenait- depuis huit heures du matin, heure réglementaire à laquelle se levait Phileas Fogg, jusqu' à onze heures et demie, heure à laquelle il quittait sa maison pour aller déjeuner au Reform - Club - tous les détails du service, le thé et les rôties de huit heures vingt-trois, l' eau pour la barbe de neuf heures trente-sept, la coiffure de dix heures moins vingt,etc. Puis de onze heures et demie du matin à minuit - heure à laquelle se couchait le méthodique gentleman -, tout était noté, prévu, régularisé.",tout,régularisé,,depuis huit heures du matin,1872-00-00-08,de onze heures et demie du matin,1872-10-02-11-30,ud_scope_anchor,noté,1872-00-00-08,1872-10-02-11-30,temps_different
455,2 || 39 || 126 || passepartout || fit || se,2,39,126,Passepartout se fit une joie de méditer ce programme et d' en graver les divers articles dans son esprit.,Passepartout,fit,se,depuis huit heures du matin,1872-00-00-08,de onze heures et demie du matin,1872-10-02-11-30,precedent_context,noté,1872-00-00-08,1872-10-02-11-30,temps_different
456,2 || 39 || 126 || passepartout || fit || une joie,2,39,126,Passepartout se fit une joie de méditer ce programme et d' en graver les divers articles dans son esprit.,Passepartout,fit,une joie,depuis huit heures du matin,1872-00-00-08,de onze heures et demie du matin,1872-10-02-11-30,precedent_context,noté,1872-00-00-08,1872-10-02-11-30,temps_different
457,2 || 39 || 126 || passepartout || méditer || ce programme,2,39,126,Passepartout se fit une joie de méditer ce programme et d' en graver les divers articles dans son esprit.,Passepartout,méditer,ce programme,depuis huit heures du matin,1872-00-00-08,de onze heures et demie du matin,1872-10-02-11-30,precedent_context,noté,1872-00-00-08,1872-10-02-11-30,temps_different
458,2 || 39 || 126 || passepartout || graver || en,2,39,126,Passepartout se fit une joie de méditer ce programme et d' en graver les divers articles dans son esprit.,Passepartout,graver,en,depuis huit heures du matin,1872-00-00-08,de onze heures et demie du matin,1872-10-02-11-30,precedent_context,noté,1872-00-00-08,1872-10-02-11-30,temps_different
459,2 || 39 || 126 || passepartout || graver || les divers articles,2,39,126,Passepartout se fit une joie de méditer ce programme et d' en graver les divers articles dans son esprit.,Passepartout,graver,les divers articles,depuis huit heures du matin,1872-00-00-08,de onze heures et demie du matin,1872-10-02-11-30,precedent_context,noté,1872-00-00-08,1872-10-02-11-30,temps_different
460,2 || 39 || 126 || passepartout || graver || dans son esprit,2,39,126,Passepartout se fit une joie de méditer ce programme et d' en graver les divers articles dans son esprit.,Passepartout,graver,dans son esprit,depuis huit heures du matin,1872-00-00-08,de onze heures et demie du matin,1872-10-02-11-30,precedent_context,noté,1872-00-00-08,1872-10-02-11-30,temps_different
461,2 || 40 || 127 || elle || montée || quant à la garde-robe de monsieur,2,40,127,"Quant à la garde-robe de monsieur, elle était fort bien montée et merveilleusement comprise.",elle,montée,Quant à la garde-robe de monsieur,depuis huit heures du matin,1872-00-00-08,de onze heures et demie du matin,1872-10-02-11-30,precedent_context,noté,1872-00-00-08,1872-10-02-11-30,temps_different
462,2 || 40 || 127 || elle || comprise || _,2,40,127,"Quant à la garde-robe de monsieur, elle était fort bien montée et merveilleusement comprise.",elle,comprise,,depuis huit heures du matin,1872-00-00-08,de onze heures et demie du matin,1872-10-02-11-30,precedent_context,noté,1872-00-00-08,1872-10-02-11-30,temps_different
463,2 || 40 || 128 || chaque pantalon habit ou gilet || portait || un numéro d'ordre,2,40,128,"Chaque pantalon, habit ou gilet portait un numéro d' ordre reproduit sur un registre d' entrée et de sortie, indiquant la date à laquelle, suivant la saison, ces vêtements devaient être tour à tour portés.",Chaque pantalon habit ou gilet,portait,un numéro d'ordre,depuis huit heures du matin,1872-00-00-08,de onze heures et demie du matin,1872-10-02-11-30,precedent_context,noté,1872-00-00-08,1872-10-02-11-30,temps_different
464,2 || 40 || 128 || _ || reproduit || sur un registre d'entrée et de sortie,2,40,128,"Chaque pantalon, habit ou gilet portait un numéro d' ordre reproduit sur un registre d' entrée et de sortie, indiquant la date à laquelle, suivant la saison, ces vêtements devaient être tour à tour portés.",,reproduit,sur un registre d'entrée et de sortie,depuis huit heures du matin,1872-00-00-08,de onze heures et demie du matin,1872-10-02-11-30,precedent_context,noté,1872-00-00-08,1872-10-02-11-30,temps_different
465,2 || 40 || 128 || _ || indiquant || la date,2,40,128,"Chaque pantalon, habit ou gilet portait un numéro d' ordre reproduit sur un registre d' entrée et de sortie, indiquant la date à laquelle, suivant la saison, ces vêtements devaient être tour à tour portés.",,indiquant,la date,depuis huit heures du matin,1872-00-00-08,de onze heures et demie du matin,1872-10-02-11-30,precedent_context,noté,1872-00-00-08,1872-10-02-11-30,temps_different
466,2 || 40 || 128 || _ || suivant || _,2,40,128,"Chaque pantalon, habit ou gilet portait un numéro d' ordre reproduit sur un registre d' entrée et de sortie, indiquant la date à laquelle, suivant la saison, ces vêtements devaient être tour à tour portés.",,suivant,,depuis huit heures du matin,1872-00-00-08,de onze heures et demie du matin,1872-10-02-11-30,precedent_context,noté,1872-00-00-08,1872-10-02-11-30,temps_different
467,2 || 40 || 128 || ces vêtements || devaient || à laquelle,2,40,128,"Chaque pantalon, habit ou gilet portait un numéro d' ordre reproduit sur un registre d' entrée et de sortie, indiquant la date à laquelle, suivant la saison, ces vêtements devaient être tour à tour portés.",ces vêtements,devaient,à laquelle,depuis huit heures du matin,1872-00-00-08,de onze heures et demie du matin,1872-10-02-11-30,precedent_context,noté,1872-00-00-08,1872-10-02-11-30,temps_different
468,2 || 40 || 128 || ces vêtements || devaient || la saison,2,40,128,"Chaque pantalon, habit ou gilet portait un numéro d' ordre reproduit sur un registre d' entrée et de sortie, indiquant la date à laquelle, suivant la saison, ces vêtements devaient être tour à tour portés.",ces vêtements,devaient,la saison,depuis huit heures du matin,1872-00-00-08,de onze heures et demie du matin,1872-10-02-11-30,precedent_context,noté,1872-00-00-08,1872-10-02-11-30,temps_different
469,2 || 40 || 128 || ces vêtements || portés || _,2,40,128,"Chaque pantalon, habit ou gilet portait un numéro d' ordre reproduit sur un registre d' entrée et de sortie, indiquant la date à laquelle, suivant la saison, ces vêtements devaient être tour à tour portés.",ces vêtements,portés,,depuis huit heures du matin,1872-00-00-08,de onze heures et demie du matin,1872-10-02-11-30,precedent_context,noté,1872-00-00-08,1872-10-02-11-30,temps_different
470,"2 || 41 || 130 || qui || devait || à l'époque de l'illustre mais dissipé sheridan-, ameublement confortable",2,41,130,"En somme, dans cette maison de Saville - row qui devait être le temple du désordre à l' époque de l' illustre mais dissipé Sheridan -, ameublement confortable, annonçant une belle aisance.",qui,devait,"à l'époque de l'illustre mais dissipé Sheridan-, ameublement confortable",depuis huit heures du matin,1872-00-00-08,de onze heures et demie du matin,1872-10-02-11-30,precedent_context,noté,1872-00-00-08,1872-10-02-11-30,temps_different
471,2 || 41 || 130 || _ || annonçant || une belle aisance,2,41,130,"En somme, dans cette maison de Saville - row qui devait être le temple du désordre à l' époque de l' illustre mais dissipé Sheridan -, ameublement confortable, annonçant une belle aisance.",,annonçant,une belle aisance,depuis huit heures du matin,1872-00-00-08,de onze heures et demie du matin,1872-10-02-11-30,precedent_context,noté,1872-00-00-08,1872-10-02-11-30,temps_different
472,2 || 41 || 131 || le reform-club || mettait || à sa disposition,2,41,131,"Pas de bibliothèque, pas de livres, qui eussent été sans utilité pour Mr. Fogg, puisque le Reform - Club mettait à sa disposition deux bibliothèques, l' une consacrée aux lettres, l' autre au droit et à la politique.",le Reform-Club,mettait,à sa disposition,depuis huit heures du matin,1872-00-00-08,de onze heures et demie du matin,1872-10-02-11-30,precedent_context,noté,1872-00-00-08,1872-10-02-11-30,temps_different
473,2 || 41 || 131 || le reform-club || mettait || deux bibliothèques l'une,2,41,131,"Pas de bibliothèque, pas de livres, qui eussent été sans utilité pour Mr. Fogg, puisque le Reform - Club mettait à sa disposition deux bibliothèques, l' une consacrée aux lettres, l' autre au droit et à la politique.",le Reform-Club,mettait,deux bibliothèques l'une,depuis huit heures du matin,1872-00-00-08,de onze heures et demie du matin,1872-10-02-11-30,precedent_context,noté,1872-00-00-08,1872-10-02-11-30,temps_different
474,2 || 41 || 131 || _ || consacrée || aux lettres l'autre au droit et à la politique,2,41,131,"Pas de bibliothèque, pas de livres, qui eussent été sans utilité pour Mr. Fogg, puisque le Reform - Club mettait à sa disposition deux bibliothèques, l' une consacrée aux lettres, l' autre au droit et à la politique.",,consacrée,aux lettres l'autre au droit et à la politique,depuis huit heures du matin,1872-00-00-08,de onze heures et demie du matin,1872-10-02-11-30,precedent_context,noté,1872-00-00-08,1872-10-02-11-30,temps_different
475,2 || 41 || 132 || _ || coucher || _,2,41,132,"Dans la chambre à coucher, un coffre - fort de moyenne grandeur, que sa construction défendait aussi bien de l' incendie que du vol.",,coucher,,depuis huit heures du matin,1872-00-00-08,de onze heures et demie du matin,1872-10-02-11-30,precedent_context,noté,1872-00-00-08,1872-10-02-11-30,temps_different
476,2 || 41 || 132 || sa construction || défendait || que,2,41,132,"Dans la chambre à coucher, un coffre - fort de moyenne grandeur, que sa construction défendait aussi bien de l' incendie que du vol.",sa construction,défendait,que,depuis huit heures du matin,1872-00-00-08,de onze heures et demie du matin,1872-10-02-11-30,precedent_context,noté,1872-00-00-08,1872-10-02-11-30,temps_different
477,2 || 41 || 132 || sa construction || défendait || aussi bien de l'incendie que du vol,2,41,132,"Dans la chambre à coucher, un coffre - fort de moyenne grandeur, que sa construction défendait aussi bien de l' incendie que du vol.",sa construction,défendait,aussi bien de l'incendie que du vol,depuis huit heures du matin,1872-00-00-08,de onze heures et demie du matin,1872-10-02-11-30,precedent_context,noté,1872-00-00-08,1872-10-02-11-30,temps_different
478,2 || 41 || 134 || tout || dénotait || y,2,41,134,Tout y dénotait les habitudes les plus pacifiques.,Tout,dénotait,y,depuis huit heures du matin,1872-00-00-08,de onze heures et demie du matin,1872-10-02-11-30,precedent_context,noté,1872-00-00-08,1872-10-02-11-30,temps_different
479,2 || 41 || 134 || tout || dénotait || les habitudes les plus pacifiques,2,41,134,Tout y dénotait les habitudes les plus pacifiques.,Tout,dénotait,les habitudes les plus pacifiques,depuis huit heures du matin,1872-00-00-08,de onze heures et demie du matin,1872-10-02-11-30,precedent_context,noté,1872-00-00-08,1872-10-02-11-30,temps_different
480,2 || 42 || 135 || passepartout || examiné || cette demeure,2,42,135,"Après avoir examiné cette demeure en détail, Passepartout se frotta les mains, sa large figure s' épanouit, et il répéta joyeusement:",Passepartout,examiné,cette demeure,depuis huit heures du matin,1872-00-00-08,de onze heures et demie du matin,1872-10-02-11-30,precedent_context,noté,1872-00-00-08,1872-10-02-11-30,temps_different
481,2 || 42 || 135 || passepartout || examiné || en détail,2,42,135,"Après avoir examiné cette demeure en détail, Passepartout se frotta les mains, sa large figure s' épanouit, et il répéta joyeusement:",Passepartout,examiné,en détail,depuis huit heures du matin,1872-00-00-08,de onze heures et demie du matin,1872-10-02-11-30,precedent_context,noté,1872-00-00-08,1872-10-02-11-30,temps_different
482,2 || 42 || 135 || passepartout || frotta || se,2,42,135,"Après avoir examiné cette demeure en détail, Passepartout se frotta les mains, sa large figure s' épanouit, et il répéta joyeusement:",Passepartout,frotta,se,depuis huit heures du matin,1872-00-00-08,de onze heures et demie du matin,1872-10-02-11-30,precedent_context,noté,1872-00-00-08,1872-10-02-11-30,temps_different
483,2 || 42 || 135 || passepartout || frotta || les mains,2,42,135,"Après avoir examiné cette demeure en détail, Passepartout se frotta les mains, sa large figure s' épanouit, et il répéta joyeusement:",Passepartout,frotta,les mains,depuis huit heures du matin,1872-00-00-08,de onze heures et demie du matin,1872-10-02-11-30,precedent_context,noté,1872-00-00-08,1872-10-02-11-30,temps_different
484,2 || 42 || 135 || sa large figure || épanouit || _,2,42,135,"Après avoir examiné cette demeure en détail, Passepartout se frotta les mains, sa large figure s' épanouit, et il répéta joyeusement:",sa large figure,épanouit,,depuis huit heures du matin,1872-00-00-08,de onze heures et demie du matin,1872-10-02-11-30,precedent_context,noté,1872-00-00-08,1872-10-02-11-30,temps_different
485,2 || 42 || 135 || il || répéta || _,2,42,135,"Après avoir examiné cette demeure en détail, Passepartout se frotta les mains, sa large figure s' épanouit, et il répéta joyeusement:",il,répéta,,depuis huit heures du matin,1872-00-00-08,de onze heures et demie du matin,1872-10-02-11-30,precedent_context,noté,1872-00-00-08,1872-10-02-11-30,temps_different
486,2 || 43 || 136 || cela || va || me,2,43,136,«Cela me va! voilà mon affaire!,Cela,va,me,depuis huit heures du matin,1872-00-00-08,de onze heures et demie du matin,1872-10-02-11-30,precedent_context,noté,1872-00-00-08,1872-10-02-11-30,temps_different
487,2 || 43 || 136 || _ || voilà || mon affaire,2,43,136,«Cela me va! voilà mon affaire!,,voilà,mon affaire,depuis huit heures du matin,1872-00-00-08,de onze heures et demie du matin,1872-10-02-11-30,precedent_context,noté,1872-00-00-08,1872-10-02-11-30,temps_different
488,2 || 43 || 137 || nous || entendrons || nous,2,43,137,"Nous nous entendrons parfaitement, Mr. Fogg et moi!",Nous,entendrons,nous,depuis huit heures du matin,1872-00-00-08,de onze heures et demie du matin,1872-10-02-11-30,precedent_context,noté,1872-00-00-08,1872-10-02-11-30,temps_different
489,2 || 43 || 137 || nous || entendrons || mr. fogg et moi,2,43,137,"Nous nous entendrons parfaitement, Mr. Fogg et moi!",Nous,entendrons,Mr. Fogg et moi,depuis huit heures du matin,1872-00-00-08,de onze heures et demie du matin,1872-10-02-11-30,precedent_context,noté,1872-00-00-08,1872-10-02-11-30,temps_different
490,2 || 43 || 140 || je || fâché || _,2,43,140,"Eh bien, je ne suis pas fâché de servir une mécanique!»",je,fâché,,depuis huit heures du matin,1872-00-00-08,de onze heures et demie du matin,1872-10-02-11-30,precedent_context,noté,1872-00-00-08,1872-10-02-11-30,temps_different
491,2 || 43 || 140 || je || servir || une mécanique,2,43,140,"Eh bien, je ne suis pas fâché de servir une mécanique!»",je,servir,une mécanique,depuis huit heures du matin,1872-00-00-08,de onze heures et demie du matin,1872-10-02-11-30,precedent_context,noté,1872-00-00-08,1872-10-02-11-30,temps_different
492,3 || 44 || 141 || phileas fogg || quitté || sa maison de saville-row,3,44,141,"Phileas Fogg avait quitté sa maison de Saville - row à onze heures et demie, et, après avoir placé cinq cent soixante-quinze fois son pied droit devant son pied gauche et cinq cent soixante-seize fois son pied gauche devant son pied droit, il arriva au Reform - Club, vaste édifice, élevé dans Pall - Mall, qui n' a pas coûté moins de trois millions à bâtir.",Phileas Fogg,quitté,sa maison de Saville-row,à onze heures et demie,1872-10-02-11,à onze heures et demie,1872-10-02-11-30,ud_direct,quitté,1872-10-02-11,1872-10-02-11-30,temps_different
493,3 || 44 || 141 || phileas fogg || quitté || à onze heures et demie,3,44,141,"Phileas Fogg avait quitté sa maison de Saville - row à onze heures et demie, et, après avoir placé cinq cent soixante-quinze fois son pied droit devant son pied gauche et cinq cent soixante-seize fois son pied gauche devant son pied droit, il arriva au Reform - Club, vaste édifice, élevé dans Pall - Mall, qui n' a pas coûté moins de trois millions à bâtir.",Phileas Fogg,quitté,à onze heures et demie,à onze heures et demie,1872-10-02-11,à onze heures et demie,1872-10-02-11-30,objet,quitté,1872-10-02-11,1872-10-02-11-30,temps_different
494,3 || 44 || 141 || il || placé || cinq cent soixante-quinze fois son pied droit,3,44,141,"Phileas Fogg avait quitté sa maison de Saville - row à onze heures et demie, et, après avoir placé cinq cent soixante-quinze fois son pied droit devant son pied gauche et cinq cent soixante-seize fois son pied gauche devant son pied droit, il arriva au Reform - Club, vaste édifice, élevé dans Pall - Mall, qui n' a pas coûté moins de trois millions à bâtir.",il,placé,cinq cent soixante-quinze fois son pied droit,à onze heures et demie,1872-10-02-11,à onze heures et demie,1872-10-02-11-30,ud_scope_anchor,quitté,1872-10-02-11,1872-10-02-11-30,temps_different
495,3 || 44 || 141 || il || placé || devant son pied gauche,3,44,141,"Phileas Fogg avait quitté sa maison de Saville - row à onze heures et demie, et, après avoir placé cinq cent soixante-quinze fois son pied droit devant son pied gauche et cinq cent soixante-seize fois son pied gauche devant son pied droit, il arriva au Reform - Club, vaste édifice, élevé dans Pall - Mall, qui n' a pas coûté moins de trois millions à bâtir.",il,placé,devant son pied gauche,à onze heures et demie,1872-10-02-11,à onze heures et demie,1872-10-02-11-30,ud_scope_anchor,quitté,1872-10-02-11,1872-10-02-11-30,temps_different
496,3 || 44 || 141 || il || placé || devant son pied droit,3,44,141,"Phileas Fogg avait quitté sa maison de Saville - row à onze heures et demie, et, après avoir placé cinq cent soixante-quinze fois son pied droit devant son pied gauche et cinq cent soixante-seize fois son pied gauche devant son pied droit, il arriva au Reform - Club, vaste édifice, élevé dans Pall - Mall, qui n' a pas coûté moins de trois millions à bâtir.",il,placé,devant son pied droit,à onze heures et demie,1872-10-02-11,à onze heures et demie,1872-10-02-11-30,ud_scope_anchor,quitté,1872-10-02-11,1872-10-02-11-30,temps_different
497,3 || 44 || 141 || il || arriva || au reform,3,44,141,"Phileas Fogg avait quitté sa maison de Saville - row à onze heures et demie, et, après avoir placé cinq cent soixante-quinze fois son pied droit devant son pied gauche et cinq cent soixante-seize fois son pied gauche devant son pied droit, il arriva au Reform - Club, vaste édifice, élevé dans Pall - Mall, qui n' a pas coûté moins de trois millions à bâtir.",il,arriva,au Reform,à onze heures et demie,1872-10-02-11,à onze heures et demie,1872-10-02-11-30,ud_scope_anchor,quitté,1872-10-02-11,1872-10-02-11-30,temps_different
498,3 || 44 || 141 || _ || élevé || dans pall-mall,3,44,141,"Phileas Fogg avait quitté sa maison de Saville - row à onze heures et demie, et, après avoir placé cinq cent soixante-quinze fois son pied droit devant son pied gauche et cinq cent soixante-seize fois son pied gauche devant son pied droit, il arriva au Reform - Club, vaste édifice, élevé dans Pall - Mall, qui n' a pas coûté moins de trois millions à bâtir.",,élevé,dans Pall-Mall,à onze heures et demie,1872-10-02-11,à onze heures et demie,1872-10-02-11-30,ud_scope_anchor,quitté,1872-10-02-11,1872-10-02-11-30,temps_different
499,3 || 44 || 141 || _ || élevé || pall-mall,3,44,141,"Phileas Fogg avait quitté sa maison de Saville - row à onze heures et demie, et, après avoir placé cinq cent soixante-quinze fois son pied droit devant son pied gauche et cinq cent soixante-seize fois son pied gauche devant son pied droit, il arriva au Reform - Club, vaste édifice, élevé dans Pall - Mall, qui n' a pas coûté moins de trois millions à bâtir.",,élevé,Pall-Mall,à onze heures et demie,1872-10-02-11,à onze heures et demie,1872-10-02-11-30,ud_scope_anchor,quitté,1872-10-02-11,1872-10-02-11-30,temps_different
500,3 || 44 || 141 || _ || élevé || pall-mall,3,44,141,"Phileas Fogg avait quitté sa maison de Saville - row à onze heures et demie, et, après avoir placé cinq cent soixante-quinze fois son pied droit devant son pied gauche et cinq cent soixante-seize fois son pied gauche devant son pied droit, il arriva au Reform - Club, vaste édifice, élevé dans Pall - Mall, qui n' a pas coûté moins de trois millions à bâtir.",,élevé,Pall-Mall,à onze heures et demie,1872-10-02-11,à onze heures et demie,1872-10-02-11-30,ud_scope_anchor,quitté,1872-10-02-11,1872-10-02-11-30,temps_different
501,3 || 44 || 141 || _ || élevé || pall-mall,3,44,141,"Phileas Fogg avait quitté sa maison de Saville - row à onze heures et demie, et, après avoir placé cinq cent soixante-quinze fois son pied droit devant son pied gauche et cinq cent soixante-seize fois son pied gauche devant son pied droit, il arriva au Reform - Club, vaste édifice, élevé dans Pall - Mall, qui n' a pas coûté moins de trois millions à bâtir.",,élevé,Pall-Mall,à onze heures et demie,1872-10-02-11,à onze heures et demie,1872-10-02-11-30,ud_scope_anchor,quitté,1872-10-02-11,1872-10-02-11-30,temps_different
502,3 || 44 || 141 || _ || élevé || pall-mall,3,44,141,"Phileas Fogg avait quitté sa maison de Saville - row à onze heures et demie, et, après avoir placé cinq cent soixante-quinze fois son pied droit devant son pied gauche et cinq cent soixante-seize fois son pied gauche devant son pied droit, il arriva au Reform - Club, vaste édifice, élevé dans Pall - Mall, qui n' a pas coûté moins de trois millions à bâtir.",,élevé,Pall-Mall,à onze heures et demie,1872-10-02-11,à onze heures et demie,1872-10-02-11-30,ud_scope_anchor,quitté,1872-10-02-11,1872-10-02-11-30,temps_different
503,3 || 44 || 141 || qui || coûté || moins de trois millions,3,44,141,"Phileas Fogg avait quitté sa maison de Saville - row à onze heures et demie, et, après avoir placé cinq cent soixante-quinze fois son pied droit devant son pied gauche et cinq cent soixante-seize fois son pied gauche devant son pied droit, il arriva au Reform - Club, vaste édifice, élevé dans Pall - Mall, qui n' a pas coûté moins de trois millions à bâtir.",qui,coûté,moins de trois millions,à onze heures et demie,1872-10-02-11,à onze heures et demie,1872-10-02-11-30,ud_scope_anchor,quitté,1872-10-02-11,1872-10-02-11-30,temps_different
504,3 || 44 || 141 || _ || bâtir || _,3,44,141,"Phileas Fogg avait quitté sa maison de Saville - row à onze heures et demie, et, après avoir placé cinq cent soixante-quinze fois son pied droit devant son pied gauche et cinq cent soixante-seize fois son pied gauche devant son pied droit, il arriva au Reform - Club, vaste édifice, élevé dans Pall - Mall, qui n' a pas coûté moins de trois millions à bâtir.",,bâtir,,à onze heures et demie,1872-10-02-11,à onze heures et demie,1872-10-02-11-30,ud_scope_anchor,quitté,1872-10-02-11,1872-10-02-11-30,temps_different
505,3 || 45 || 142 || phileas fogg || rendit || se,3,45,142,"Phileas Fogg se rendit aussitôt à la salle à manger, dont les neuf fenêtres s' ouvraient sur un beau jardin aux arbres déjà dorés par l' automne.",Phileas Fogg,rendit,se,à onze heures et demie,1872-10-02-11,à onze heures et demie,1872-10-02-11-30,precedent_context,quitté,1872-10-02-11,1872-10-02-11-30,temps_different
506,3 || 45 || 142 || phileas fogg || rendit || à la salle à manger,3,45,142,"Phileas Fogg se rendit aussitôt à la salle à manger, dont les neuf fenêtres s' ouvraient sur un beau jardin aux arbres déjà dorés par l' automne.",Phileas Fogg,rendit,à la salle à manger,à onze heures et demie,1872-10-02-11,à onze heures et demie,1872-10-02-11-30,precedent_context,quitté,1872-10-02-11,1872-10-02-11-30,temps_different
507,3 || 45 || 142 || dont les neuf fenêtres || ouvraient || s',3,45,142,"Phileas Fogg se rendit aussitôt à la salle à manger, dont les neuf fenêtres s' ouvraient sur un beau jardin aux arbres déjà dorés par l' automne.",dont les neuf fenêtres,ouvraient,s',à onze heures et demie,1872-10-02-11,à onze heures et demie,1872-10-02-11-30,precedent_context,quitté,1872-10-02-11,1872-10-02-11-30,temps_different
508,3 || 45 || 142 || dont les neuf fenêtres || ouvraient || sur un beau jardin aux arbres,3,45,142,"Phileas Fogg se rendit aussitôt à la salle à manger, dont les neuf fenêtres s' ouvraient sur un beau jardin aux arbres déjà dorés par l' automne.",dont les neuf fenêtres,ouvraient,sur un beau jardin aux arbres,à onze heures et demie,1872-10-02-11,à onze heures et demie,1872-10-02-11-30,precedent_context,quitté,1872-10-02-11,1872-10-02-11-30,temps_different
509,3 || 45 || 142 || _ || dorés || par l'automne,3,45,142,"Phileas Fogg se rendit aussitôt à la salle à manger, dont les neuf fenêtres s' ouvraient sur un beau jardin aux arbres déjà dorés par l' automne.",,dorés,par l'automne,à onze heures et demie,1872-10-02-11,à onze heures et demie,1872-10-02-11-30,precedent_context,quitté,1872-10-02-11,1872-10-02-11-30,temps_different
510,3 || 45 || 143 || il || prit || place,3,45,143,"Là, il prit place à la table habituelle où son couvert l' attendait.",il,prit,place,à onze heures et demie,1872-10-02-11,à onze heures et demie,1872-10-02-11-30,precedent_context,quitté,1872-10-02-11,1872-10-02-11-30,temps_different
511,3 || 45 || 143 || il || prit || à la table habituelle,3,45,143,"Là, il prit place à la table habituelle où son couvert l' attendait.",il,prit,à la table habituelle,à onze heures et demie,1872-10-02-11,à onze heures et demie,1872-10-02-11-30,precedent_context,quitté,1872-10-02-11,1872-10-02-11-30,temps_different
512,3 || 45 || 143 || son couvert || attendait || où,3,45,143,"Là, il prit place à la table habituelle où son couvert l' attendait.",son couvert,attendait,où,à onze heures et demie,1872-10-02-11,à onze heures et demie,1872-10-02-11-30,precedent_context,quitté,1872-10-02-11,1872-10-02-11-30,temps_different
513,3 || 45 || 143 || son couvert || attendait || l',3,45,143,"Là, il prit place à la table habituelle où son couvert l' attendait.",son couvert,attendait,l',à onze heures et demie,1872-10-02-11,à onze heures et demie,1872-10-02-11-30,precedent_context,quitté,1872-10-02-11,1872-10-02-11-30,temps_different
514,3 || 45 || 144 || son déjeuner || composait || se,3,45,144,"Son déjeuner se composait d' un hors-d'œuvre, d' un poisson bouilli relevé d' une« reading sauce» de premier choix, d' un roastbeef écarlate agrémenté de condiments« mushroom», d' un gâteau farci de tiges de rhubarbe et de groseilles vertes, d' un morceau de chester,- le tout arrosé de quelques tasses de cet excellent thé, spécialement recueilli pour l' office du Reform - Club.",Son déjeuner,composait,se,à onze heures et demie,1872-10-02-11,à onze heures et demie,1872-10-02-11-30,precedent_context,quitté,1872-10-02-11,1872-10-02-11-30,temps_different
515,3 || 45 || 144 || son déjeuner || composait || d'un hors-d'œuvre d'un poisson,3,45,144,"Son déjeuner se composait d' un hors-d'œuvre, d' un poisson bouilli relevé d' une« reading sauce» de premier choix, d' un roastbeef écarlate agrémenté de condiments« mushroom», d' un gâteau farci de tiges de rhubarbe et de groseilles vertes, d' un morceau de chester,- le tout arrosé de quelques tasses de cet excellent thé, spécialement recueilli pour l' office du Reform - Club.",Son déjeuner,composait,d'un hors-d'œuvre d'un poisson,à onze heures et demie,1872-10-02-11,à onze heures et demie,1872-10-02-11-30,precedent_context,quitté,1872-10-02-11,1872-10-02-11-30,temps_different
516,3 || 45 || 144 || son déjeuner || composait || le tout,3,45,144,"Son déjeuner se composait d' un hors-d'œuvre, d' un poisson bouilli relevé d' une« reading sauce» de premier choix, d' un roastbeef écarlate agrémenté de condiments« mushroom», d' un gâteau farci de tiges de rhubarbe et de groseilles vertes, d' un morceau de chester,- le tout arrosé de quelques tasses de cet excellent thé, spécialement recueilli pour l' office du Reform - Club.",Son déjeuner,composait,le tout,à onze heures et demie,1872-10-02-11,à onze heures et demie,1872-10-02-11-30,precedent_context,quitté,1872-10-02-11,1872-10-02-11-30,temps_different
517,3 || 45 || 144 || _ || bouilli || _,3,45,144,"Son déjeuner se composait d' un hors-d'œuvre, d' un poisson bouilli relevé d' une« reading sauce» de premier choix, d' un roastbeef écarlate agrémenté de condiments« mushroom», d' un gâteau farci de tiges de rhubarbe et de groseilles vertes, d' un morceau de chester,- le tout arrosé de quelques tasses de cet excellent thé, spécialement recueilli pour l' office du Reform - Club.",,bouilli,,à onze heures et demie,1872-10-02-11,à onze heures et demie,1872-10-02-11-30,precedent_context,quitté,1872-10-02-11,1872-10-02-11-30,temps_different
518,3 || 45 || 144 || _ || relevé || d'une reading sauce de premier choix d'un roastbeef écarlate d'un gâteau,3,45,144,"Son déjeuner se composait d' un hors-d'œuvre, d' un poisson bouilli relevé d' une« reading sauce» de premier choix, d' un roastbeef écarlate agrémenté de condiments« mushroom», d' un gâteau farci de tiges de rhubarbe et de groseilles vertes, d' un morceau de chester,- le tout arrosé de quelques tasses de cet excellent thé, spécialement recueilli pour l' office du Reform - Club.",,relevé,d'une reading sauce de premier choix d'un roastbeef écarlate d'un gâteau,à onze heures et demie,1872-10-02-11,à onze heures et demie,1872-10-02-11-30,precedent_context,quitté,1872-10-02-11,1872-10-02-11-30,temps_different
519,3 || 45 || 144 || _ || agrémenté || de condiments mushroom,3,45,144,"Son déjeuner se composait d' un hors-d'œuvre, d' un poisson bouilli relevé d' une« reading sauce» de premier choix, d' un roastbeef écarlate agrémenté de condiments« mushroom», d' un gâteau farci de tiges de rhubarbe et de groseilles vertes, d' un morceau de chester,- le tout arrosé de quelques tasses de cet excellent thé, spécialement recueilli pour l' office du Reform - Club.",,agrémenté,de condiments mushroom,à onze heures et demie,1872-10-02-11,à onze heures et demie,1872-10-02-11-30,precedent_context,quitté,1872-10-02-11,1872-10-02-11-30,temps_different
520,3 || 45 || 144 || _ || farci || de tiges de rhubarbe et de groseilles vertes d'un morceau de chester,3,45,144,"Son déjeuner se composait d' un hors-d'œuvre, d' un poisson bouilli relevé d' une« reading sauce» de premier choix, d' un roastbeef écarlate agrémenté de condiments« mushroom», d' un gâteau farci de tiges de rhubarbe et de groseilles vertes, d' un morceau de chester,- le tout arrosé de quelques tasses de cet excellent thé, spécialement recueilli pour l' office du Reform - Club.",,farci,de tiges de rhubarbe et de groseilles vertes d'un morceau de chester,à onze heures et demie,1872-10-02-11,à onze heures et demie,1872-10-02-11-30,precedent_context,quitté,1872-10-02-11,1872-10-02-11-30,temps_different
521,3 || 45 || 144 || _ || arrosé || de quelques tasses de cet excellent thé,3,45,144,"Son déjeuner se composait d' un hors-d'œuvre, d' un poisson bouilli relevé d' une« reading sauce» de premier choix, d' un roastbeef écarlate agrémenté de condiments« mushroom», d' un gâteau farci de tiges de rhubarbe et de groseilles vertes, d' un morceau de chester,- le tout arrosé de quelques tasses de cet excellent thé, spécialement recueilli pour l' office du Reform - Club.",,arrosé,de quelques tasses de cet excellent thé,à onze heures et demie,1872-10-02-11,à onze heures et demie,1872-10-02-11-30,precedent_context,quitté,1872-10-02-11,1872-10-02-11-30,temps_different
522,3 || 45 || 144 || _ || recueilli || pour l'office du reform-club,3,45,144,"Son déjeuner se composait d' un hors-d'œuvre, d' un poisson bouilli relevé d' une« reading sauce» de premier choix, d' un roastbeef écarlate agrémenté de condiments« mushroom», d' un gâteau farci de tiges de rhubarbe et de groseilles vertes, d' un morceau de chester,- le tout arrosé de quelques tasses de cet excellent thé, spécialement recueilli pour l' office du Reform - Club.",,recueilli,pour l'office du Reform-Club,à onze heures et demie,1872-10-02-11,à onze heures et demie,1872-10-02-11-30,precedent_context,quitté,1872-10-02-11,1872-10-02-11-30,temps_different
523,3 || 46 || 145 || ce gentleman || leva || à midi quarante-sept,3,46,145,"À midi quarante - sept, ce gentleman se leva et se dirigea vers le grand salon, somptueuse pièce, ornée de peintures richement encadrées.",ce gentleman,leva,À midi quarante-sept,à midi quarante - sept,1872-10-02-12,à midi quarante - sept,1872-10-02-12-47,objet,leva,1872-10-02-12,1872-10-02-12-47,temps_different
524,3 || 46 || 145 || ce gentleman || leva || se,3,46,145,"À midi quarante - sept, ce gentleman se leva et se dirigea vers le grand salon, somptueuse pièce, ornée de peintures richement encadrées.",ce gentleman,leva,se,à midi quarante - sept,1872-10-02-12,à midi quarante - sept,1872-10-02-12-47,ud_direct,leva,1872-10-02-12,1872-10-02-12-47,temps_different
525,3 || 46 || 145 || ce gentleman || dirigea || se,3,46,145,"À midi quarante - sept, ce gentleman se leva et se dirigea vers le grand salon, somptueuse pièce, ornée de peintures richement encadrées.",ce gentleman,dirigea,se,à midi quarante - sept,1872-10-02-12,à midi quarante - sept,1872-10-02-12-47,ud_scope_anchor,leva,1872-10-02-12,1872-10-02-12-47,temps_different
526,3 || 46 || 145 || ce gentleman || dirigea || vers le grand salon somptueuse pièce,3,46,145,"À midi quarante - sept, ce gentleman se leva et se dirigea vers le grand salon, somptueuse pièce, ornée de peintures richement encadrées.",ce gentleman,dirigea,vers le grand salon somptueuse pièce,à midi quarante - sept,1872-10-02-12,à midi quarante - sept,1872-10-02-12-47,ud_scope_anchor,leva,1872-10-02-12,1872-10-02-12-47,temps_different
527,3 || 46 || 145 || _ || ornée || de peintures,3,46,145,"À midi quarante - sept, ce gentleman se leva et se dirigea vers le grand salon, somptueuse pièce, ornée de peintures richement encadrées.",,ornée,de peintures,à midi quarante - sept,1872-10-02-12,à midi quarante - sept,1872-10-02-12-47,ud_scope_anchor,leva,1872-10-02-12,1872-10-02-12-47,temps_different
528,3 || 46 || 145 || _ || encadrées || _,3,46,145,"À midi quarante - sept, ce gentleman se leva et se dirigea vers le grand salon, somptueuse pièce, ornée de peintures richement encadrées.",,encadrées,,à midi quarante - sept,1872-10-02-12,à midi quarante - sept,1872-10-02-12-47,ud_scope_anchor,leva,1872-10-02-12,1872-10-02-12-47,temps_different
529,3 || 46 || 146 || un domestique || remit || lui,3,46,146,"Là, un domestique lui remit le Times non coupé, dont Phileas Fogg opéra le laborieux dépliage avec une sûreté de main qui dénotait une grande habitude de cette difficile opération.",un domestique,remit,lui,à midi quarante - sept,1872-10-02-12,à midi quarante - sept,1872-10-02-12-47,precedent_context,leva,1872-10-02-12,1872-10-02-12-47,temps_different
530,3 || 46 || 146 || un domestique || remit || le times,3,46,146,"Là, un domestique lui remit le Times non coupé, dont Phileas Fogg opéra le laborieux dépliage avec une sûreté de main qui dénotait une grande habitude de cette difficile opération.",un domestique,remit,le Times,à midi quarante - sept,1872-10-02-12,à midi quarante - sept,1872-10-02-12-47,precedent_context,leva,1872-10-02-12,1872-10-02-12-47,temps_different
531,3 || 46 || 146 || _ || coupé || _,3,46,146,"Là, un domestique lui remit le Times non coupé, dont Phileas Fogg opéra le laborieux dépliage avec une sûreté de main qui dénotait une grande habitude de cette difficile opération.",,coupé,,à midi quarante - sept,1872-10-02-12,à midi quarante - sept,1872-10-02-12-47,precedent_context,leva,1872-10-02-12,1872-10-02-12-47,temps_different
532,3 || 46 || 146 || phileas fogg || opéra || dont,3,46,146,"Là, un domestique lui remit le Times non coupé, dont Phileas Fogg opéra le laborieux dépliage avec une sûreté de main qui dénotait une grande habitude de cette difficile opération.",Phileas Fogg,opéra,dont,à midi quarante - sept,1872-10-02-12,à midi quarante - sept,1872-10-02-12-47,precedent_context,leva,1872-10-02-12,1872-10-02-12-47,temps_different
533,3 || 46 || 146 || phileas fogg || opéra || le laborieux dépliage,3,46,146,"Là, un domestique lui remit le Times non coupé, dont Phileas Fogg opéra le laborieux dépliage avec une sûreté de main qui dénotait une grande habitude de cette difficile opération.",Phileas Fogg,opéra,le laborieux dépliage,à midi quarante - sept,1872-10-02-12,à midi quarante - sept,1872-10-02-12-47,precedent_context,leva,1872-10-02-12,1872-10-02-12-47,temps_different
534,3 || 46 || 146 || phileas fogg || opéra || avec une sûreté de main,3,46,146,"Là, un domestique lui remit le Times non coupé, dont Phileas Fogg opéra le laborieux dépliage avec une sûreté de main qui dénotait une grande habitude de cette difficile opération.",Phileas Fogg,opéra,avec une sûreté de main,à midi quarante - sept,1872-10-02-12,à midi quarante - sept,1872-10-02-12-47,precedent_context,leva,1872-10-02-12,1872-10-02-12-47,temps_different
535,3 || 46 || 146 || qui || dénotait || une grande habitude de cette difficile opération,3,46,146,"Là, un domestique lui remit le Times non coupé, dont Phileas Fogg opéra le laborieux dépliage avec une sûreté de main qui dénotait une grande habitude de cette difficile opération.",qui,dénotait,une grande habitude de cette difficile opération,à midi quarante - sept,1872-10-02-12,à midi quarante - sept,1872-10-02-12-47,precedent_context,leva,1872-10-02-12,1872-10-02-12-47,temps_different
536,3 || 46 || 147 || la lecture de ce journal || occupa || phileas fogg,3,46,147,"La lecture de ce journal occupa Phileas Fogg jusqu' à trois heures quarante - cinq, et celle du Standard - qui lui succéda- dura jusqu' au dîner.",La lecture de ce journal,occupa,Phileas Fogg,jusqu' à trois heures quarante - cinq,1872-10-02-15,jusqu' à trois heures quarante - cinq,1872-10-02-03-45,ud_direct,occupa,1872-10-02-15,1872-10-02-03-45,temps_different
537,3 || 46 || 147 || la lecture de ce journal || occupa || jusqu'à trois heures quarante-cinq,3,46,147,"La lecture de ce journal occupa Phileas Fogg jusqu' à trois heures quarante - cinq, et celle du Standard - qui lui succéda- dura jusqu' au dîner.",La lecture de ce journal,occupa,jusqu'à trois heures quarante-cinq,jusqu' à trois heures quarante - cinq,1872-10-02-15,jusqu' à trois heures quarante - cinq,1872-10-02-03-45,objet,occupa,1872-10-02-15,1872-10-02-03-45,temps_different
538,3 || 46 || 147 || standard-qui || succéda || lui,3,46,147,"La lecture de ce journal occupa Phileas Fogg jusqu' à trois heures quarante - cinq, et celle du Standard - qui lui succéda- dura jusqu' au dîner.",Standard-qui,succéda,lui,jusqu' à trois heures quarante - cinq,1872-10-02-15,jusqu' au dîner,1872-10-02-19-00,ud_scope_anchor,dura,1872-10-02-15,1872-10-02-19,temps_different
539,3 || 46 || 147 || celle du standard-qui || dura || jusqu'au dîner,3,46,147,"La lecture de ce journal occupa Phileas Fogg jusqu' à trois heures quarante - cinq, et celle du Standard - qui lui succéda- dura jusqu' au dîner.",celle du Standard-qui,dura,jusqu'au dîner,jusqu' au dîner,1872-10-02-17,jusqu' au dîner,1872-10-02-19-00,objet,dura,1872-10-02-17,1872-10-02-19,temps_different
540,3 || 46 || 148 || ce repas || accomplit || s',3,46,148,"Ce repas s' accomplit dans les mêmes conditions que le déjeuner, avec adjonction de« royal british sauce».",Ce repas,accomplit,s',jusqu' au dîner,1872-10-02-17,ce repas,1872-10-02-12-00,sujet,accomplit,1872-10-02-17,1872-10-02-12,temps_different
541,3 || 46 || 148 || ce repas || accomplit || dans les mêmes conditions que le déjeuner,3,46,148,"Ce repas s' accomplit dans les mêmes conditions que le déjeuner, avec adjonction de« royal british sauce».",Ce repas,accomplit,dans les mêmes conditions que le déjeuner,jusqu' au dîner,1872-10-02-17,le déjeuner,1872-10-02-12-00,objet,conditions,1872-10-02-17,1872-10-02-12,temps_different
542,3 || 46 || 148 || ce repas || accomplit || avec adjonction de royal british sauce,3,46,148,"Ce repas s' accomplit dans les mêmes conditions que le déjeuner, avec adjonction de« royal british sauce».",Ce repas,accomplit,avec adjonction de royal british sauce,jusqu' au dîner,1872-10-02-17,ce repas,1872-10-02-12-00,sujet,accomplit,1872-10-02-17,1872-10-02-12,temps_different
543,3 || 47 || 149 || le gentleman || reparut || à six heures moins vingt,3,47,149,"À six heures moins vingt, le gentleman reparut dans le grand salon et s' absorba dans la lecture du Morning Chronicle.",le gentleman,reparut,À six heures moins vingt,à six heures moins vingt,1872-10-02-17,à six heures moins vingt,1872-10-02-05-40,objet,reparut,1872-10-02-17,1872-10-02-05-40,temps_different
544,3 || 47 || 149 || le gentleman || reparut || dans le grand salon,3,47,149,"À six heures moins vingt, le gentleman reparut dans le grand salon et s' absorba dans la lecture du Morning Chronicle.",le gentleman,reparut,dans le grand salon,à six heures moins vingt,1872-10-02-17,à six heures moins vingt,1872-10-02-05-40,ud_direct,reparut,1872-10-02-17,1872-10-02-05-40,temps_different
545,3 || 47 || 149 || le gentleman || absorba || s',3,47,149,"À six heures moins vingt, le gentleman reparut dans le grand salon et s' absorba dans la lecture du Morning Chronicle.",le gentleman,absorba,s',à six heures moins vingt,1872-10-02-17,à six heures moins vingt,1872-10-02-05-40,ud_scope_anchor,reparut,1872-10-02-17,1872-10-02-05-40,temps_different
546,3 || 47 || 149 || le gentleman || absorba || dans la lecture du morning chronicle,3,47,149,"À six heures moins vingt, le gentleman reparut dans le grand salon et s' absorba dans la lecture du Morning Chronicle.",le gentleman,absorba,dans la lecture du Morning Chronicle,à six heures moins vingt,1872-10-02-17,à six heures moins vingt,1872-10-02-05-40,ud_scope_anchor,reparut,1872-10-02-17,1872-10-02-05-40,temps_different
547,3 || 48 || 150 || divers membres du reform-club || faisaient || leur entrée,3,48,150,"Une demi-heure plus tard, divers membres du Reform - Club faisaient leur entrée et s' approchaient de la cheminée, où brûlait un feu de houille.",divers membres du Reform-Club,faisaient,leur entrée,une demi-heure plus tard,1872-10-02-18,à six heures moins vingt,1872-10-02-05-40,precedent_context,reparut,1872-10-02-18,1872-10-02-05-40,temps_different
548,3 || 48 || 150 || divers membres du reform-club || approchaient || s',3,48,150,"Une demi-heure plus tard, divers membres du Reform - Club faisaient leur entrée et s' approchaient de la cheminée, où brûlait un feu de houille.",divers membres du Reform-Club,approchaient,s',une demi-heure plus tard,1872-10-02-18,à six heures moins vingt,1872-10-02-05-40,precedent_context,reparut,1872-10-02-18,1872-10-02-05-40,temps_different
549,3 || 48 || 150 || divers membres du reform-club || approchaient || de la cheminée,3,48,150,"Une demi-heure plus tard, divers membres du Reform - Club faisaient leur entrée et s' approchaient de la cheminée, où brûlait un feu de houille.",divers membres du Reform-Club,approchaient,de la cheminée,une demi-heure plus tard,1872-10-02-18,à six heures moins vingt,1872-10-02-05-40,precedent_context,reparut,1872-10-02-18,1872-10-02-05-40,temps_different
550,3 || 48 || 150 || de la cheminée || brûlait || où,3,48,150,"Une demi-heure plus tard, divers membres du Reform - Club faisaient leur entrée et s' approchaient de la cheminée, où brûlait un feu de houille.",de la cheminée,brûlait,où,une demi-heure plus tard,1872-10-02-18,à six heures moins vingt,1872-10-02-05-40,precedent_context,reparut,1872-10-02-18,1872-10-02-05-40,temps_different
551,3 || 48 || 150 || de la cheminée || brûlait || un feu de houille,3,48,150,"Une demi-heure plus tard, divers membres du Reform - Club faisaient leur entrée et s' approchaient de la cheminée, où brûlait un feu de houille.",de la cheminée,brûlait,un feu de houille,une demi-heure plus tard,1872-10-02-18,à six heures moins vingt,1872-10-02-05-40,precedent_context,reparut,1872-10-02-18,1872-10-02-05-40,temps_different
552,3 || 48 || 151 || _ || considérés || _,3,48,151,"C' étaient les partenaires habituels de Mr. Phileas Fogg, comme lui enragés joueurs de whist: l' ingénieur Andrew Stuart, les banquiers John Sullivan et Samuel Fallentin, le brasseur Thomas Flanagan, Gauthier Ralph, un des administrateurs de la Banque d' Angleterre,- personnages riches et considérés, même dans ce club qui compte parmi ses membres les sommités de l' industrie et de la finance.",,considérés,,une demi-heure plus tard,1872-10-02-18,à six heures moins vingt,1872-10-02-05-40,precedent_context,reparut,1872-10-02-18,1872-10-02-05-40,temps_different
553,3 || 48 || 151 || qui || compte || parmi ses membres,3,48,151,"C' étaient les partenaires habituels de Mr. Phileas Fogg, comme lui enragés joueurs de whist: l' ingénieur Andrew Stuart, les banquiers John Sullivan et Samuel Fallentin, le brasseur Thomas Flanagan, Gauthier Ralph, un des administrateurs de la Banque d' Angleterre,- personnages riches et considérés, même dans ce club qui compte parmi ses membres les sommités de l' industrie et de la finance.",qui,compte,parmi ses membres,une demi-heure plus tard,1872-10-02-18,à six heures moins vingt,1872-10-02-05-40,precedent_context,reparut,1872-10-02-18,1872-10-02-05-40,temps_different
554,3 || 48 || 151 || qui || compte || les sommités de l'industrie et de la finance,3,48,151,"C' étaient les partenaires habituels de Mr. Phileas Fogg, comme lui enragés joueurs de whist: l' ingénieur Andrew Stuart, les banquiers John Sullivan et Samuel Fallentin, le brasseur Thomas Flanagan, Gauthier Ralph, un des administrateurs de la Banque d' Angleterre,- personnages riches et considérés, même dans ce club qui compte parmi ses membres les sommités de l' industrie et de la finance.",qui,compte,les sommités de l'industrie et de la finance,une demi-heure plus tard,1872-10-02-18,à six heures moins vingt,1872-10-02-05-40,precedent_context,reparut,1872-10-02-18,1872-10-02-05-40,temps_different
555,3 || 49 || 152 || thomas flanagan || demanda || ralph,3,49,152,"«Eh bien, Ralph, demanda Thomas Flanagan, où en est cette affaire de vol?",Thomas Flanagan,demanda,Ralph,une demi-heure plus tard,1872-10-02-18,à six heures moins vingt,1872-10-02-05-40,precedent_context,reparut,1872-10-02-18,1872-10-02-05-40,temps_different
556,3 || 49 || 152 || _ || est || en,3,49,152,"«Eh bien, Ralph, demanda Thomas Flanagan, où en est cette affaire de vol?",,est,en,une demi-heure plus tard,1872-10-02-18,à six heures moins vingt,1872-10-02-05-40,precedent_context,reparut,1872-10-02-18,1872-10-02-05-40,temps_different
557,3 || 49 || 152 || _ || est || cette affaire de vol,3,49,152,"«Eh bien, Ralph, demanda Thomas Flanagan, où en est cette affaire de vol?",,est,cette affaire de vol,une demi-heure plus tard,1872-10-02-18,à six heures moins vingt,1872-10-02-05-40,precedent_context,reparut,1872-10-02-18,1872-10-02-05-40,temps_different
558,3 || 50 || 153 || andrew stuart || répondit || _,3,50,153,"- Eh bien, répondit Andrew Stuart, la Banque en sera pour son argent.",Andrew Stuart,répondit,,une demi-heure plus tard,1872-10-02-18,à six heures moins vingt,1872-10-02-05-40,precedent_context,reparut,1872-10-02-18,1872-10-02-05-40,temps_different
559,3 || 50 || 153 || la banque || sera || en,3,50,153,"- Eh bien, répondit Andrew Stuart, la Banque en sera pour son argent.",la Banque,sera,en,une demi-heure plus tard,1872-10-02-18,à six heures moins vingt,1872-10-02-05-40,precedent_context,reparut,1872-10-02-18,1872-10-02-05-40,temps_different
560,3 || 50 || 153 || la banque || sera || pour son argent,3,50,153,"- Eh bien, répondit Andrew Stuart, la Banque en sera pour son argent.",la Banque,sera,pour son argent,une demi-heure plus tard,1872-10-02-18,à six heures moins vingt,1872-10-02-05-40,precedent_context,reparut,1872-10-02-18,1872-10-02-05-40,temps_different
561,3 || 51 || 154 || -j' || espère || au contraire,3,51,154,"-J' espère, au contraire, dit Gauthier Ralph, que nous mettrons la main sur l' auteur du vol.",-J',espère,au contraire,une demi-heure plus tard,1872-10-02-18,à six heures moins vingt,1872-10-02-05-40,precedent_context,reparut,1872-10-02-18,1872-10-02-05-40,temps_different
562,3 || 51 || 154 || gauthier ralph || dit || _,3,51,154,"-J' espère, au contraire, dit Gauthier Ralph, que nous mettrons la main sur l' auteur du vol.",Gauthier Ralph,dit,,une demi-heure plus tard,1872-10-02-18,à six heures moins vingt,1872-10-02-05-40,precedent_context,reparut,1872-10-02-18,1872-10-02-05-40,temps_different
563,3 || 51 || 154 || nous || mettrons || la main,3,51,154,"-J' espère, au contraire, dit Gauthier Ralph, que nous mettrons la main sur l' auteur du vol.",nous,mettrons,la main,une demi-heure plus tard,1872-10-02-18,à six heures moins vingt,1872-10-02-05-40,precedent_context,reparut,1872-10-02-18,1872-10-02-05-40,temps_different
564,3 || 51 || 154 || nous || mettrons || sur l'auteur du vol,3,51,154,"-J' espère, au contraire, dit Gauthier Ralph, que nous mettrons la main sur l' auteur du vol.",nous,mettrons,sur l'auteur du vol,une demi-heure plus tard,1872-10-02-18,à six heures moins vingt,1872-10-02-05-40,precedent_context,reparut,1872-10-02-18,1872-10-02-05-40,temps_different
565,3 || 51 || 155 || des inspecteurs de police gens fort habiles || envoyés || en amérique et en europe,3,51,155,"Des inspecteurs de police, gens fort habiles, ont été envoyés en Amérique et en Europe, dans tous les principaux ports d' embarquement et de débarquement, et il sera difficile à ce monsieur de leur échapper.",Des inspecteurs de police gens fort habiles,envoyés,en Amérique et en Europe,une demi-heure plus tard,1872-10-02-18,à six heures moins vingt,1872-10-02-05-40,precedent_context,reparut,1872-10-02-18,1872-10-02-05-40,temps_different
566,3 || 51 || 155 || des inspecteurs de police gens fort habiles || envoyés || dans tous les principaux ports d'embarquement et de débarquement,3,51,155,"Des inspecteurs de police, gens fort habiles, ont été envoyés en Amérique et en Europe, dans tous les principaux ports d' embarquement et de débarquement, et il sera difficile à ce monsieur de leur échapper.",Des inspecteurs de police gens fort habiles,envoyés,dans tous les principaux ports d'embarquement et de débarquement,une demi-heure plus tard,1872-10-02-18,à six heures moins vingt,1872-10-02-05-40,precedent_context,reparut,1872-10-02-18,1872-10-02-05-40,temps_different
567,3 || 51 || 155 || des inspecteurs de police gens fort habiles || envoyés || à ce monsieur,3,51,155,"Des inspecteurs de police, gens fort habiles, ont été envoyés en Amérique et en Europe, dans tous les principaux ports d' embarquement et de débarquement, et il sera difficile à ce monsieur de leur échapper.",Des inspecteurs de police gens fort habiles,envoyés,à ce monsieur,une demi-heure plus tard,1872-10-02-18,à six heures moins vingt,1872-10-02-05-40,precedent_context,reparut,1872-10-02-18,1872-10-02-05-40,temps_different
568,3 || 51 || 155 || _ || échapper || leur,3,51,155,"Des inspecteurs de police, gens fort habiles, ont été envoyés en Amérique et en Europe, dans tous les principaux ports d' embarquement et de débarquement, et il sera difficile à ce monsieur de leur échapper.",,échapper,leur,une demi-heure plus tard,1872-10-02-18,à six heures moins vingt,1872-10-02-05-40,precedent_context,reparut,1872-10-02-18,1872-10-02-05-40,temps_different
569,3 || 52 || 156 || on || a || le signalement du voleur,3,52,156,- Mais on a donc le signalement du voleur? demanda Andrew Stuart.,on,a,le signalement du voleur,une demi-heure plus tard,1872-10-02-18,à six heures moins vingt,1872-10-02-05-40,precedent_context,reparut,1872-10-02-18,1872-10-02-05-40,temps_different
570,3 || 52 || 156 || andrew stuart || demanda || _,3,52,156,- Mais on a donc le signalement du voleur? demanda Andrew Stuart.,Andrew Stuart,demanda,,une demi-heure plus tard,1872-10-02-18,à six heures moins vingt,1872-10-02-05-40,precedent_context,reparut,1872-10-02-18,1872-10-02-05-40,temps_different
571,3 || 53 || 157 || gauthier ralph || répondit || _,3,53,157,"- D' abord, ce n' est pas un voleur, répondit sérieusement Gauthier Ralph.",Gauthier Ralph,répondit,,une demi-heure plus tard,1872-10-02-18,à six heures moins vingt,1872-10-02-05-40,precedent_context,reparut,1872-10-02-18,1872-10-02-05-40,temps_different
572,3 || 54 || 158 || qui || soustrait || cinquante-cinq mille livres en bank-notes,3,54,158,"- Comment, ce n' est pas un voleur, cet individu qui a soustrait cinquante - cinq mille livres en bank - notes( 1 million 375 000 francs)?",qui,soustrait,cinquante-cinq mille livres en bank-notes,une demi-heure plus tard,1872-10-02-18,à six heures moins vingt,1872-10-02-05-40,precedent_context,reparut,1872-10-02-18,1872-10-02-05-40,temps_different
573,3 || 54 || 158 || qui || soustrait || bank-notes,3,54,158,"- Comment, ce n' est pas un voleur, cet individu qui a soustrait cinquante - cinq mille livres en bank - notes( 1 million 375 000 francs)?",qui,soustrait,bank-notes,une demi-heure plus tard,1872-10-02-18,à six heures moins vingt,1872-10-02-05-40,precedent_context,reparut,1872-10-02-18,1872-10-02-05-40,temps_different
574,3 || 54 || 158 || qui || soustrait || bank-notes,3,54,158,"- Comment, ce n' est pas un voleur, cet individu qui a soustrait cinquante - cinq mille livres en bank - notes( 1 million 375 000 francs)?",qui,soustrait,bank-notes,une demi-heure plus tard,1872-10-02-18,à six heures moins vingt,1872-10-02-05-40,precedent_context,reparut,1872-10-02-18,1872-10-02-05-40,temps_different
575,3 || 54 || 158 || qui || soustrait || bank-notes,3,54,158,"- Comment, ce n' est pas un voleur, cet individu qui a soustrait cinquante - cinq mille livres en bank - notes( 1 million 375 000 francs)?",qui,soustrait,bank-notes,une demi-heure plus tard,1872-10-02-18,à six heures moins vingt,1872-10-02-05-40,precedent_context,reparut,1872-10-02-18,1872-10-02-05-40,temps_different
576,3 || 54 || 158 || qui || soustrait || bank-notes,3,54,158,"- Comment, ce n' est pas un voleur, cet individu qui a soustrait cinquante - cinq mille livres en bank - notes( 1 million 375 000 francs)?",qui,soustrait,bank-notes,une demi-heure plus tard,1872-10-02-18,à six heures moins vingt,1872-10-02-05-40,precedent_context,reparut,1872-10-02-18,1872-10-02-05-40,temps_different
577,3 || 55 || 159 || gauthier ralph || répondit || _,3,55,159,"- Non, répondit Gauthier Ralph.",Gauthier Ralph,répondit,,une demi-heure plus tard,1872-10-02-18,à six heures moins vingt,1872-10-02-05-40,precedent_context,reparut,1872-10-02-18,1872-10-02-05-40,temps_different
578,3 || 56 || 160 || john sullivan || dit || _,3,56,160,- C' est donc un industriel? dit John Sullivan.,John Sullivan,dit,,une demi-heure plus tard,1872-10-02-18,à six heures moins vingt,1872-10-02-05-40,precedent_context,reparut,1872-10-02-18,1872-10-02-05-40,temps_different
579,3 || 57 || 161 || le morning chronicle || assure || _,3,57,161,- Le Morning Chronicle assure que c' est un gentleman.»,Le Morning Chronicle,assure,,une demi-heure plus tard,1872-10-02-18,à six heures moins vingt,1872-10-02-05-40,precedent_context,reparut,1872-10-02-18,1872-10-02-05-40,temps_different
580,3 || 58 || 162 || qui || fit || cette réponse,3,58,162,"Celui qui fit cette réponse n' était autre que Phileas Fogg, dont la tête émergeait alors du flot de papier amassé autour de lui.",qui,fit,cette réponse,une demi-heure plus tard,1872-10-02-18,à six heures moins vingt,1872-10-02-05-40,precedent_context,reparut,1872-10-02-18,1872-10-02-05-40,temps_different
581,3 || 58 || 162 || dont la tête || émergeait || du flot de papier autour de lui,3,58,162,"Celui qui fit cette réponse n' était autre que Phileas Fogg, dont la tête émergeait alors du flot de papier amassé autour de lui.",dont la tête,émergeait,du flot de papier autour de lui,une demi-heure plus tard,1872-10-02-18,à six heures moins vingt,1872-10-02-05-40,precedent_context,reparut,1872-10-02-18,1872-10-02-05-40,temps_different
582,3 || 58 || 162 || _ || amassé || _,3,58,162,"Celui qui fit cette réponse n' était autre que Phileas Fogg, dont la tête émergeait alors du flot de papier amassé autour de lui.",,amassé,,une demi-heure plus tard,1872-10-02-18,à six heures moins vingt,1872-10-02-05-40,precedent_context,reparut,1872-10-02-18,1872-10-02-05-40,temps_different
583,3 || 58 || 163 || phileas fogg || salua || en même temps,3,58,163,"En même temps, Phileas Fogg salua ses collègues, qui lui rendirent son salut.",Phileas Fogg,salua,En même temps,une demi-heure plus tard,1872-10-02-18,à six heures moins vingt,1872-10-02-05-40,precedent_context,reparut,1872-10-02-18,1872-10-02-05-40,temps_different
584,3 || 58 || 163 || phileas fogg || salua || ses collègues,3,58,163,"En même temps, Phileas Fogg salua ses collègues, qui lui rendirent son salut.",Phileas Fogg,salua,ses collègues,une demi-heure plus tard,1872-10-02-18,à six heures moins vingt,1872-10-02-05-40,precedent_context,reparut,1872-10-02-18,1872-10-02-05-40,temps_different
585,3 || 58 || 163 || qui || rendirent || lui,3,58,163,"En même temps, Phileas Fogg salua ses collègues, qui lui rendirent son salut.",qui,rendirent,lui,une demi-heure plus tard,1872-10-02-18,à six heures moins vingt,1872-10-02-05-40,precedent_context,reparut,1872-10-02-18,1872-10-02-05-40,temps_different
586,3 || 58 || 163 || qui || rendirent || son salut,3,58,163,"En même temps, Phileas Fogg salua ses collègues, qui lui rendirent son salut.",qui,rendirent,son salut,une demi-heure plus tard,1872-10-02-18,à six heures moins vingt,1872-10-02-05-40,precedent_context,reparut,1872-10-02-18,1872-10-02-05-40,temps_different
587,3 || 59 || 164 || les divers journaux du royaume-uni || discutaient || que,3,59,164,"Le fait dont il était question, que les divers journaux du Royaume - Uni discutaient avec ardeur, s' était accompli trois jours auparavant, le 29 septembre.",les divers journaux du Royaume-Uni,discutaient,que,trois jours auparavant,1872-09-29-00,trois jours auparavant,1872-09-29-06-10,ud_scope_anchor,accompli,1872-09-29-00,1872-09-29-06-10,temps_different
588,3 || 59 || 164 || les divers journaux du royaume-uni || discutaient || avec ardeur,3,59,164,"Le fait dont il était question, que les divers journaux du Royaume - Uni discutaient avec ardeur, s' était accompli trois jours auparavant, le 29 septembre.",les divers journaux du Royaume-Uni,discutaient,avec ardeur,trois jours auparavant,1872-09-29-00,trois jours auparavant,1872-09-29-06-10,ud_scope_anchor,accompli,1872-09-29-00,1872-09-29-06-10,temps_different
589,3 || 59 || 164 || le fait dont il était question || accompli || trois jours auparavant,3,59,164,"Le fait dont il était question, que les divers journaux du Royaume - Uni discutaient avec ardeur, s' était accompli trois jours auparavant, le 29 septembre.",Le fait dont il était question,accompli,trois jours auparavant,trois jours auparavant,1872-09-29-00,trois jours auparavant,1872-09-29-06-10,objet,accompli,1872-09-29-00,1872-09-29-06-10,temps_different
616,3 || 61 || 171 || il || trouvait || où,3,61,171,"Un des meilleurs observateurs des usages anglais raconte même ceci: Dans une des salles de la Banque où il se trouvait un jour, il eut la curiosité de voir de plus près un lingot d' or pesant sept à huit livres, qui se trouvait exposé sur la tablette du caissier; il prit ce lingot, l' examina, le passa à son voisin, celui-ci à un autre, si bien que le lingot, de main en main, s' en alla jusqu' au fond d' un corridor obscur, et ne revint qu' une demi-heure après reprendre sa place, sans que le caissier eût seulement levé la tête.",il,trouvait,où,le 29 septembre,1872-09-29-00,un jour,,ud_direct,trouvait,1872-09-29-00,,seulement_ref
617,3 || 61 || 171 || il || trouvait || se,3,61,171,"Un des meilleurs observateurs des usages anglais raconte même ceci: Dans une des salles de la Banque où il se trouvait un jour, il eut la curiosité de voir de plus près un lingot d' or pesant sept à huit livres, qui se trouvait exposé sur la tablette du caissier; il prit ce lingot, l' examina, le passa à son voisin, celui-ci à un autre, si bien que le lingot, de main en main, s' en alla jusqu' au fond d' un corridor obscur, et ne revint qu' une demi-heure après reprendre sa place, sans que le caissier eût seulement levé la tête.",il,trouvait,se,le 29 septembre,1872-09-29-00,un jour,,ud_direct,trouvait,1872-09-29-00,,seulement_ref
618,3 || 61 || 171 || il || trouvait || un jour,3,61,171,"Un des meilleurs observateurs des usages anglais raconte même ceci: Dans une des salles de la Banque où il se trouvait un jour, il eut la curiosité de voir de plus près un lingot d' or pesant sept à huit livres, qui se trouvait exposé sur la tablette du caissier; il prit ce lingot, l' examina, le passa à son voisin, celui-ci à un autre, si bien que le lingot, de main en main, s' en alla jusqu' au fond d' un corridor obscur, et ne revint qu' une demi-heure après reprendre sa place, sans que le caissier eût seulement levé la tête.",il,trouvait,un jour,le 29 septembre,1872-09-29-00,un jour,,objet,trouvait,1872-09-29-00,,seulement_ref
633,3 || 61 || 171 || il || revint || qu'une demi-heure,3,61,171,"Un des meilleurs observateurs des usages anglais raconte même ceci: Dans une des salles de la Banque où il se trouvait un jour, il eut la curiosité de voir de plus près un lingot d' or pesant sept à huit livres, qui se trouvait exposé sur la tablette du caissier; il prit ce lingot, l' examina, le passa à son voisin, celui-ci à un autre, si bien que le lingot, de main en main, s' en alla jusqu' au fond d' un corridor obscur, et ne revint qu' une demi-heure après reprendre sa place, sans que le caissier eût seulement levé la tête.",il,revint,qu'une demi-heure,le 29 septembre,1872-09-29-00,une demi-heure après,1872-09-29-00-30,objet,revint,1872-09-29-00,1872-09-29-00-30,temps_different
634,3 || 61 || 171 || _ || reprendre || sa place,3,61,171,"Un des meilleurs observateurs des usages anglais raconte même ceci: Dans une des salles de la Banque où il se trouvait un jour, il eut la curiosité de voir de plus près un lingot d' or pesant sept à huit livres, qui se trouvait exposé sur la tablette du caissier; il prit ce lingot, l' examina, le passa à son voisin, celui-ci à un autre, si bien que le lingot, de main en main, s' en alla jusqu' au fond d' un corridor obscur, et ne revint qu' une demi-heure après reprendre sa place, sans que le caissier eût seulement levé la tête.",,reprendre,sa place,le 29 septembre,1872-09-29-00,une demi-heure après,1872-09-29-00-30,ud_scope_anchor,revint,1872-09-29-00,1872-09-29-00-30,temps_different
635,3 || 61 || 171 || le caissier || levé || la tête,3,61,171,"Un des meilleurs observateurs des usages anglais raconte même ceci: Dans une des salles de la Banque où il se trouvait un jour, il eut la curiosité de voir de plus près un lingot d' or pesant sept à huit livres, qui se trouvait exposé sur la tablette du caissier; il prit ce lingot, l' examina, le passa à son voisin, celui-ci à un autre, si bien que le lingot, de main en main, s' en alla jusqu' au fond d' un corridor obscur, et ne revint qu' une demi-heure après reprendre sa place, sans que le caissier eût seulement levé la tête.",le caissier,levé,la tête,le 29 septembre,1872-09-29-00,une demi-heure après,1872-09-29-00-30,ud_scope_anchor,revint,1872-09-29-00,1872-09-29-00-30,temps_different
640,3 || 62 || 173 || la magnifique horloge || sonna || à cinq heures,3,62,173,"La liasse de bank - notes ne revint pas, et quand la magnifique horloge, posée au-dessus du« drawing - office», sonna à cinq heures la fermeture des bureaux, la Banque d' Angleterre n' avait plus qu' à passer cinquante - cinq mille livres par le compte de profits et pertes.",la magnifique horloge,sonna,à cinq heures,le 29 septembre,1872-09-29-00,à cinq heures,1872-09-29-05-00,objet,sonna,1872-09-29-00,1872-09-29-05,temps_different
641,3 || 62 || 173 || la magnifique horloge || sonna || la fermeture des bureaux,3,62,173,"La liasse de bank - notes ne revint pas, et quand la magnifique horloge, posée au-dessus du« drawing - office», sonna à cinq heures la fermeture des bureaux, la Banque d' Angleterre n' avait plus qu' à passer cinquante - cinq mille livres par le compte de profits et pertes.",la magnifique horloge,sonna,la fermeture des bureaux,le 29 septembre,1872-09-29-00,à cinq heures,1872-09-29-05-00,ud_direct,sonna,1872-09-29-00,1872-09-29-05,temps_different
722,3 || 75 || 198 || la terre || diminué || _,3,75,198,"La terre a diminué, puisqu' on la parcourt maintenant dix fois plus vite qu' il y a cent ans.",La terre,diminué,,il y a cent ans,1772-00-00-00,pendant cette journée du 29 septembre,1872-09-29-00-00,precedent_context,remarqué,1772-00-00-00,1872-09-29-00,temps_different
723,3 || 75 || 198 || on || parcourt || la,3,75,198,"La terre a diminué, puisqu' on la parcourt maintenant dix fois plus vite qu' il y a cent ans.",on,parcourt,la,il y a cent ans,1772-00-00-00,pendant cette journée du 29 septembre,1872-09-29-00-00,precedent_context,remarqué,1772-00-00-00,1872-09-29-00,temps_different
725,3 || 75 || 198 || _ || a || _,3,75,198,"La terre a diminué, puisqu' on la parcourt maintenant dix fois plus vite qu' il y a cent ans.",,a,,il y a cent ans,1772-00-00-00,pendant cette journée du 29 septembre,1872-09-29-00-00,precedent_context,remarqué,1772-00-00-00,1872-09-29-00,temps_different
726,3 || 75 || 199 || nous || occupons || dont,3,75,199,"Et c' est ce qui, dans le cas dont nous nous occupons, rendra les recherches plus rapides.",nous,occupons,dont,il y a cent ans,1772-00-00-00,pendant cette journée du 29 septembre,1872-09-29-00-00,precedent_context,remarqué,1772-00-00-00,1872-09-29-00,temps_different
727,3 || 75 || 199 || nous || occupons || nous,3,75,199,"Et c' est ce qui, dans le cas dont nous nous occupons, rendra les recherches plus rapides.",nous,occupons,nous,il y a cent ans,1772-00-00-00,pendant cette journée du 29 septembre,1872-09-29-00-00,precedent_context,remarqué,1772-00-00-00,1872-09-29-00,temps_different
728,3 || 75 || 199 || qui || rendra || dans le cas,3,75,199,"Et c' est ce qui, dans le cas dont nous nous occupons, rendra les recherches plus rapides.",qui,rendra,dans le cas,il y a cent ans,1772-00-00-00,pendant cette journée du 29 septembre,1872-09-29-00-00,precedent_context,remarqué,1772-00-00-00,1872-09-29-00,temps_different
729,3 || 75 || 199 || qui || rendra || les recherches plus rapides,3,75,199,"Et c' est ce qui, dans le cas dont nous nous occupons, rendra les recherches plus rapides.",qui,rendra,les recherches plus rapides,il y a cent ans,1772-00-00-00,pendant cette journée du 29 septembre,1872-09-29-00-00,precedent_context,remarqué,1772-00-00-00,1872-09-29-00,temps_different
730,3 || 76 || 200 || _ || rendra || _,3,76,200,- Et rendra plus facile aussi la fuite du voleur!,,rendra,,il y a cent ans,1772-00-00-00,pendant cette journée du 29 septembre,1872-09-29-00-00,precedent_context,remarqué,1772-00-00-00,1872-09-29-00,temps_different
731,3 || 77 || 201 || _ || jouer || _,3,77,201,"- À vous de jouer, monsieur Stuart!» dit Phileas Fogg.",,jouer,,il y a cent ans,1772-00-00-00,pendant cette journée du 29 septembre,1872-09-29-00-00,precedent_context,remarqué,1772-00-00-00,1872-09-29-00,temps_different
732,3 || 77 || 201 || phileas fogg || dit || _,3,77,201,"- À vous de jouer, monsieur Stuart!» dit Phileas Fogg.",Phileas Fogg,dit,,il y a cent ans,1772-00-00-00,pendant cette journée du 29 septembre,1872-09-29-00-00,precedent_context,remarqué,1772-00-00-00,1872-09-29-00,temps_different
733,3 || 78 || 202 || l'incrédule stuart || convaincu || _,3,78,202,"Mais l' incrédule Stuart n' était pas convaincu, et, la partie achevée:",l'incrédule Stuart,convaincu,,il y a cent ans,1772-00-00-00,pendant cette journée du 29 septembre,1872-09-29-00-00,precedent_context,remarqué,1772-00-00-00,1872-09-29-00,temps_different
734,3 || 78 || 202 || _ || achevée || _,3,78,202,"Mais l' incrédule Stuart n' était pas convaincu, et, la partie achevée:",,achevée,,il y a cent ans,1772-00-00-00,pendant cette journée du 29 septembre,1872-09-29-00-00,precedent_context,remarqué,1772-00-00-00,1872-09-29-00,temps_different
735,3 || 79 || 203 || _ || faut || _,3,79,203,"«Il faut avouer, monsieur Ralph, reprit -il, que vous avez trouvé là une manière plaisante de dire que la terre a diminué!",,faut,,il y a cent ans,1772-00-00-00,pendant cette journée du 29 septembre,1872-09-29-00-00,precedent_context,remarqué,1772-00-00-00,1872-09-29-00,temps_different
736,3 || 79 || 203 || _ || avouer || _,3,79,203,"«Il faut avouer, monsieur Ralph, reprit -il, que vous avez trouvé là une manière plaisante de dire que la terre a diminué!",,avouer,,il y a cent ans,1772-00-00-00,pendant cette journée du 29 septembre,1872-09-29-00-00,precedent_context,remarqué,1772-00-00-00,1872-09-29-00,temps_different
737,3 || 79 || 203 || -il || reprit || _,3,79,203,"«Il faut avouer, monsieur Ralph, reprit -il, que vous avez trouvé là une manière plaisante de dire que la terre a diminué!",-il,reprit,,il y a cent ans,1772-00-00-00,pendant cette journée du 29 septembre,1872-09-29-00-00,precedent_context,remarqué,1772-00-00-00,1872-09-29-00,temps_different
738,3 || 79 || 203 || vous || trouvé || une manière plaisante,3,79,203,"«Il faut avouer, monsieur Ralph, reprit -il, que vous avez trouvé là une manière plaisante de dire que la terre a diminué!",vous,trouvé,une manière plaisante,il y a cent ans,1772-00-00-00,pendant cette journée du 29 septembre,1872-09-29-00-00,precedent_context,remarqué,1772-00-00-00,1872-09-29-00,temps_different
739,3 || 79 || 203 || _ || dire || _,3,79,203,"«Il faut avouer, monsieur Ralph, reprit -il, que vous avez trouvé là une manière plaisante de dire que la terre a diminué!",,dire,,il y a cent ans,1772-00-00-00,pendant cette journée du 29 septembre,1872-09-29-00-00,precedent_context,remarqué,1772-00-00-00,1872-09-29-00,temps_different
740,3 || 79 || 203 || la terre || diminué || _,3,79,203,"«Il faut avouer, monsieur Ralph, reprit -il, que vous avez trouvé là une manière plaisante de dire que la terre a diminué!",la terre,diminué,,il y a cent ans,1772-00-00-00,pendant cette journée du 29 septembre,1872-09-29-00-00,precedent_context,remarqué,1772-00-00-00,1872-09-29-00,temps_different
741,3 || 79 || 204 || on || fait || en,3,79,204,Ainsi parce qu' on en fait maintenant le tour en trois mois…,on,fait,en,il y a cent ans,1772-00-00-00,trois mois,,ud_direct,fait,1772-00-00-00,,seulement_ref
742,3 || 79 || 204 || on || fait || le tour,3,79,204,Ainsi parce qu' on en fait maintenant le tour en trois mois…,on,fait,le tour,il y a cent ans,1772-00-00-00,trois mois,,ud_direct,fait,1772-00-00-00,,seulement_ref
743,3 || 79 || 204 || on || fait || en trois mois,3,79,204,Ainsi parce qu' on en fait maintenant le tour en trois mois…,on,fait,en trois mois,il y a cent ans,1772-00-00-00,trois mois,,objet,fait,1772-00-00-00,,seulement_ref
744,3 || 80 || 205 || phileas fogg || dit || en quatre-vingts jours seulement,3,80,205,"- En quatre-vingts jours seulement, dit Phileas Fogg.",Phileas Fogg,dit,En quatre-vingts jours seulement,il y a cent ans,1772-00-00-00,en quatre-vingts jours seulement,1872-12-18-00-00,objet,dit,1772-00-00-00,1872-12-18-00,temps_different
745,3 || 81 || 206 || john sullivan || ajouta || quatre-vingts jours,3,81,206,"- En effet, messieurs, ajouta John Sullivan, quatre-vingts jours, depuis que la section entre Rothal et Allahabad a été ouverte sur le« Great - Indian peninsular railway», et voici le calcul établi par le Morning Chronicle:",John Sullivan,ajouta,quatre-vingts jours,il y a cent ans,1772-00-00-00,pendant cette journée du 29 septembre,1872-09-29-00-00,precedent_context,remarqué,1772-00-00-00,1872-09-29-00,temps_different
746,3 || 81 || 206 || la section entre rothal et allahabad || ouverte || _,3,81,206,"- En effet, messieurs, ajouta John Sullivan, quatre-vingts jours, depuis que la section entre Rothal et Allahabad a été ouverte sur le« Great - Indian peninsular railway», et voici le calcul établi par le Morning Chronicle:",la section entre Rothal et Allahabad,ouverte,,il y a cent ans,1772-00-00-00,pendant cette journée du 29 septembre,1872-09-29-00-00,precedent_context,remarqué,1772-00-00-00,1872-09-29-00,temps_different
747,3 || 81 || 206 || john sullivan || voici || le calcul:,3,81,206,"- En effet, messieurs, ajouta John Sullivan, quatre-vingts jours, depuis que la section entre Rothal et Allahabad a été ouverte sur le« Great - Indian peninsular railway», et voici le calcul établi par le Morning Chronicle:",John Sullivan,voici,le calcul:,il y a cent ans,1772-00-00-00,pendant cette journée du 29 septembre,1872-09-29-00-00,precedent_context,remarqué,1772-00-00-00,1872-09-29-00,temps_different
748,3 || 81 || 206 || _ || établi || par le morning chronicle,3,81,206,"- En effet, messieurs, ajouta John Sullivan, quatre-vingts jours, depuis que la section entre Rothal et Allahabad a été ouverte sur le« Great - Indian peninsular railway», et voici le calcul établi par le Morning Chronicle:",,établi,par le Morning Chronicle,il y a cent ans,1772-00-00-00,pendant cette journée du 29 septembre,1872-09-29-00-00,precedent_context,remarqué,1772-00-00-00,1872-09-29-00,temps_different
749,3 || 91 || 216 || _ || écria || _,3,91,216,"- Oui, quatre-vingts jours! s' écria, Andrew Stuart, qui par inattention, coupa une carte maîtresse, mais non compris le mauvais temps, les vents contraires, les naufrages, les déraillements, etc.",,écria,,il y a cent ans,1772-00-00-00,pendant cette journée du 29 septembre,1872-09-29-00-00,precedent_context,remarqué,1772-00-00-00,1872-09-29-00,temps_different
750,3 || 91 || 216 || qui || coupa || par inattention,3,91,216,"- Oui, quatre-vingts jours! s' écria, Andrew Stuart, qui par inattention, coupa une carte maîtresse, mais non compris le mauvais temps, les vents contraires, les naufrages, les déraillements, etc.",qui,coupa,par inattention,il y a cent ans,1772-00-00-00,pendant cette journée du 29 septembre,1872-09-29-00-00,precedent_context,remarqué,1772-00-00-00,1872-09-29-00,temps_different
751,3 || 91 || 216 || qui || coupa || une carte maîtresse mais non compris le mauvais temps les vents contraires les naufrages les déraillements etc.,3,91,216,"- Oui, quatre-vingts jours! s' écria, Andrew Stuart, qui par inattention, coupa une carte maîtresse, mais non compris le mauvais temps, les vents contraires, les naufrages, les déraillements, etc.",qui,coupa,une carte maîtresse mais non compris le mauvais temps les vents contraires les naufrages les déraillements etc.,il y a cent ans,1772-00-00-00,pendant cette journée du 29 septembre,1872-09-29-00-00,precedent_context,remarqué,1772-00-00-00,1872-09-29-00,temps_different
752,3 || 92 || 217 || _ || compris || _,3,92,217,"- Tout compris, répondit Phileas Fogg en continuant de jouer, car, cette fois, la discussion ne respectait plus le whist.",,compris,,il y a cent ans,1772-00-00-00,pendant cette journée du 29 septembre,1872-09-29-00-00,precedent_context,remarqué,1772-00-00-00,1872-09-29-00,temps_different
753,3 || 92 || 217 || phileas fogg || répondit || _,3,92,217,"- Tout compris, répondit Phileas Fogg en continuant de jouer, car, cette fois, la discussion ne respectait plus le whist.",Phileas Fogg,répondit,,il y a cent ans,1772-00-00-00,pendant cette journée du 29 septembre,1872-09-29-00-00,precedent_context,remarqué,1772-00-00-00,1872-09-29-00,temps_different
754,3 || 92 || 217 || phileas fogg || continuant || _,3,92,217,"- Tout compris, répondit Phileas Fogg en continuant de jouer, car, cette fois, la discussion ne respectait plus le whist.",Phileas Fogg,continuant,,il y a cent ans,1772-00-00-00,pendant cette journée du 29 septembre,1872-09-29-00-00,precedent_context,remarqué,1772-00-00-00,1872-09-29-00,temps_different
755,3 || 92 || 217 || _ || jouer || _,3,92,217,"- Tout compris, répondit Phileas Fogg en continuant de jouer, car, cette fois, la discussion ne respectait plus le whist.",,jouer,,il y a cent ans,1772-00-00-00,pendant cette journée du 29 septembre,1872-09-29-00-00,precedent_context,remarqué,1772-00-00-00,1872-09-29-00,temps_different
756,3 || 92 || 217 || la discussion || respectait || cette fois,3,92,217,"- Tout compris, répondit Phileas Fogg en continuant de jouer, car, cette fois, la discussion ne respectait plus le whist.",la discussion,respectait,cette fois,il y a cent ans,1772-00-00-00,pendant cette journée du 29 septembre,1872-09-29-00-00,precedent_context,remarqué,1772-00-00-00,1872-09-29-00,temps_different
757,3 || 92 || 217 || la discussion || respectait || le whist,3,92,217,"- Tout compris, répondit Phileas Fogg en continuant de jouer, car, cette fois, la discussion ne respectait plus le whist.",la discussion,respectait,le whist,il y a cent ans,1772-00-00-00,pendant cette journée du 29 septembre,1872-09-29-00-00,precedent_context,remarqué,1772-00-00-00,1872-09-29-00,temps_different
758,3 || 93 || 218 || les indous ou les indiens || enlèvent || les rails,3,93,218,"- Même si les Indous ou les Indiens enlèvent les rails! s' écria Andrew Stuart, s' ils arrêtent les trains, pillent les fourgons, scalpent les voyageurs!",les Indous ou les Indiens,enlèvent,les rails,il y a cent ans,1772-00-00-00,pendant cette journée du 29 septembre,1872-09-29-00-00,precedent_context,remarqué,1772-00-00-00,1872-09-29-00,temps_different
759,3 || 93 || 218 || _ || écria || s',3,93,218,"- Même si les Indous ou les Indiens enlèvent les rails! s' écria Andrew Stuart, s' ils arrêtent les trains, pillent les fourgons, scalpent les voyageurs!",,écria,s',il y a cent ans,1772-00-00-00,pendant cette journée du 29 septembre,1872-09-29-00-00,precedent_context,remarqué,1772-00-00-00,1872-09-29-00,temps_different
760,3 || 93 || 218 || _ || écria || andrew stuart,3,93,218,"- Même si les Indous ou les Indiens enlèvent les rails! s' écria Andrew Stuart, s' ils arrêtent les trains, pillent les fourgons, scalpent les voyageurs!",,écria,Andrew Stuart,il y a cent ans,1772-00-00-00,pendant cette journée du 29 septembre,1872-09-29-00-00,precedent_context,remarqué,1772-00-00-00,1872-09-29-00,temps_different
761,3 || 93 || 218 || ils || arrêtent || les trains,3,93,218,"- Même si les Indous ou les Indiens enlèvent les rails! s' écria Andrew Stuart, s' ils arrêtent les trains, pillent les fourgons, scalpent les voyageurs!",ils,arrêtent,les trains,il y a cent ans,1772-00-00-00,pendant cette journée du 29 septembre,1872-09-29-00-00,precedent_context,remarqué,1772-00-00-00,1872-09-29-00,temps_different
762,3 || 93 || 218 || ils || pillent || les fourgons,3,93,218,"- Même si les Indous ou les Indiens enlèvent les rails! s' écria Andrew Stuart, s' ils arrêtent les trains, pillent les fourgons, scalpent les voyageurs!",ils,pillent,les fourgons,il y a cent ans,1772-00-00-00,pendant cette journée du 29 septembre,1872-09-29-00-00,precedent_context,remarqué,1772-00-00-00,1872-09-29-00,temps_different
763,3 || 93 || 218 || ils || scalpent || les voyageurs,3,93,218,"- Même si les Indous ou les Indiens enlèvent les rails! s' écria Andrew Stuart, s' ils arrêtent les trains, pillent les fourgons, scalpent les voyageurs!",ils,scalpent,les voyageurs,il y a cent ans,1772-00-00-00,pendant cette journée du 29 septembre,1872-09-29-00-00,precedent_context,remarqué,1772-00-00-00,1872-09-29-00,temps_different
764,3 || 94 || 219 || _ || compris || _,3,94,219,"- Tout compris», répondit Phileas Fogg, qui, abattant son jeu, ajouta:« Deux atouts maîtres.",,compris,,il y a cent ans,1772-00-00-00,pendant cette journée du 29 septembre,1872-09-29-00-00,precedent_context,remarqué,1772-00-00-00,1872-09-29-00,temps_different
765,3 || 94 || 219 || phileas fogg || répondit || _,3,94,219,"- Tout compris», répondit Phileas Fogg, qui, abattant son jeu, ajouta:« Deux atouts maîtres.",Phileas Fogg,répondit,,il y a cent ans,1772-00-00-00,pendant cette journée du 29 septembre,1872-09-29-00-00,precedent_context,remarqué,1772-00-00-00,1872-09-29-00,temps_different
766,3 || 94 || 219 || qui || abattant || son jeu,3,94,219,"- Tout compris», répondit Phileas Fogg, qui, abattant son jeu, ajouta:« Deux atouts maîtres.",qui,abattant,son jeu,il y a cent ans,1772-00-00-00,pendant cette journée du 29 septembre,1872-09-29-00-00,precedent_context,remarqué,1772-00-00-00,1872-09-29-00,temps_different
767,3 || 94 || 219 || qui || ajouta || _,3,94,219,"- Tout compris», répondit Phileas Fogg, qui, abattant son jeu, ajouta:« Deux atouts maîtres.",qui,ajouta,,il y a cent ans,1772-00-00-00,pendant cette journée du 29 septembre,1872-09-29-00-00,precedent_context,remarqué,1772-00-00-00,1872-09-29-00,temps_different
768,3 || 95 || 221 || _ || faire || _,3,95,221,"Andrew Stuart, à qui c' était le tour de« faire», ramassa les cartes en disant:",,faire,,il y a cent ans,1772-00-00-00,pendant cette journée du 29 septembre,1872-09-29-00-00,precedent_context,remarqué,1772-00-00-00,1872-09-29-00,temps_different
769,3 || 95 || 221 || andrew stuart à qui c'était le tour || ramassa || les cartes,3,95,221,"Andrew Stuart, à qui c' était le tour de« faire», ramassa les cartes en disant:",Andrew Stuart à qui c'était le tour,ramassa,les cartes,il y a cent ans,1772-00-00-00,pendant cette journée du 29 septembre,1872-09-29-00-00,precedent_context,remarqué,1772-00-00-00,1872-09-29-00,temps_different
770,3 || 95 || 221 || andrew stuart à qui c'était le tour || disant || _,3,95,221,"Andrew Stuart, à qui c' était le tour de« faire», ramassa les cartes en disant:",Andrew Stuart à qui c'était le tour,disant,,il y a cent ans,1772-00-00-00,pendant cette journée du 29 septembre,1872-09-29-00-00,precedent_context,remarqué,1772-00-00-00,1872-09-29-00,temps_different
771,3 || 96 || 222 || vous || avez || raison,3,96,222,"«Théoriquement, vous avez raison, monsieur Fogg, mais dans la pratique…",vous,avez,raison,il y a cent ans,1772-00-00-00,pendant cette journée du 29 septembre,1872-09-29-00-00,precedent_context,remarqué,1772-00-00-00,1872-09-29-00,temps_different
772,3 || 98 || 224 || -je || voudrais || _,3,98,224,-Je voudrais bien vous y voir.,-Je,voudrais,,il y a cent ans,1772-00-00-00,pendant cette journée du 29 septembre,1872-09-29-00-00,precedent_context,remarqué,1772-00-00-00,1872-09-29-00,temps_different
773,3 || 98 || 224 || -je || voir || vous,3,98,224,-Je voudrais bien vous y voir.,-Je,voir,vous,il y a cent ans,1772-00-00-00,pendant cette journée du 29 septembre,1872-09-29-00-00,precedent_context,remarqué,1772-00-00-00,1872-09-29-00,temps_different
774,3 || 98 || 224 || -je || voir || y,3,98,224,-Je voudrais bien vous y voir.,-Je,voir,y,il y a cent ans,1772-00-00-00,pendant cette journée du 29 septembre,1872-09-29-00-00,precedent_context,remarqué,1772-00-00-00,1872-09-29-00,temps_different
775,3 || 99 || 225 || _ || tient || qu'à vous,3,99,225,- Il ne tient qu' à vous.,,tient,qu'à vous,il y a cent ans,1772-00-00-00,pendant cette journée du 29 septembre,1872-09-29-00-00,precedent_context,remarqué,1772-00-00-00,1872-09-29-00,temps_different
776,3 || 99 || 226 || _ || partons || _,3,99,226,Partons ensemble.,,Partons,,il y a cent ans,1772-00-00-00,pendant cette journée du 29 septembre,1872-09-29-00-00,precedent_context,remarqué,1772-00-00-00,1872-09-29-00,temps_different
777,3 || 100 || 227 || le ciel || préserve || m',3,100,227,"- Le Ciel m' en préserve! s' écria Stuart, mais je parierais bien quatre mille livres( 100 000 F) qu' un tel voyage, fait dans ces conditions, est impossible.",Le Ciel,préserve,m',il y a cent ans,1772-00-00-00,pendant cette journée du 29 septembre,1872-09-29-00-00,precedent_context,remarqué,1772-00-00-00,1872-09-29-00,temps_different
778,3 || 100 || 227 || le ciel || préserve || en,3,100,227,"- Le Ciel m' en préserve! s' écria Stuart, mais je parierais bien quatre mille livres( 100 000 F) qu' un tel voyage, fait dans ces conditions, est impossible.",Le Ciel,préserve,en,il y a cent ans,1772-00-00-00,pendant cette journée du 29 septembre,1872-09-29-00-00,precedent_context,remarqué,1772-00-00-00,1872-09-29-00,temps_different
779,3 || 100 || 227 || _ || écria || stuart,3,100,227,"- Le Ciel m' en préserve! s' écria Stuart, mais je parierais bien quatre mille livres( 100 000 F) qu' un tel voyage, fait dans ces conditions, est impossible.",,écria,Stuart,il y a cent ans,1772-00-00-00,pendant cette journée du 29 septembre,1872-09-29-00-00,precedent_context,remarqué,1772-00-00-00,1872-09-29-00,temps_different
780,3 || 100 || 227 || je || parierais || quatre mille livres 100 000 f,3,100,227,"- Le Ciel m' en préserve! s' écria Stuart, mais je parierais bien quatre mille livres( 100 000 F) qu' un tel voyage, fait dans ces conditions, est impossible.",je,parierais,quatre mille livres 100 000 F,il y a cent ans,1772-00-00-00,pendant cette journée du 29 septembre,1872-09-29-00-00,precedent_context,remarqué,1772-00-00-00,1872-09-29-00,temps_different
781,3 || 100 || 227 || _ || fait || dans ces conditions,3,100,227,"- Le Ciel m' en préserve! s' écria Stuart, mais je parierais bien quatre mille livres( 100 000 F) qu' un tel voyage, fait dans ces conditions, est impossible.",,fait,dans ces conditions,il y a cent ans,1772-00-00-00,pendant cette journée du 29 septembre,1872-09-29-00-00,precedent_context,remarqué,1772-00-00-00,1872-09-29-00,temps_different
782,3 || 101 || 228 || mr. fogg || répondit || _,3,101,228,"- Très possible, au contraire, répondit Mr. Fogg.",Mr. Fogg,répondit,,il y a cent ans,1772-00-00-00,pendant cette journée du 29 septembre,1872-09-29-00-00,precedent_context,remarqué,1772-00-00-00,1872-09-29-00,temps_different
783,3 || 102 || 229 || _ || faites || _,3,102,229,"- Eh bien, faites - le donc!",,faites,,il y a cent ans,1772-00-00-00,pendant cette journée du 29 septembre,1872-09-29-00-00,precedent_context,remarqué,1772-00-00-00,1872-09-29-00,temps_different
784,3 || 105 || 232 || -je || veux || le,3,105,232,-Je le veux bien.,-Je,veux,le,il y a cent ans,1772-00-00-00,pendant cette journée du 29 septembre,1872-09-29-00-00,precedent_context,remarqué,1772-00-00-00,1872-09-29-00,temps_different
785,3 || 108 || 235 || andrew stuart || écria || s',3,108,235,"- C' est de la folie! s' écria Andrew Stuart, qui commençait à se vexer de l' insistance de son partenaire.",Andrew Stuart,écria,s',tout de suite,1872-10-02-18,pendant cette journée du 29 septembre,1872-09-29-00-00,precedent_context,remarqué,1872-10-02-18,1872-09-29-00,temps_different
786,3 || 108 || 235 || qui || commençait || _,3,108,235,"- C' est de la folie! s' écria Andrew Stuart, qui commençait à se vexer de l' insistance de son partenaire.",qui,commençait,,tout de suite,1872-10-02-18,pendant cette journée du 29 septembre,1872-09-29-00-00,precedent_context,remarqué,1872-10-02-18,1872-09-29-00,temps_different
787,3 || 108 || 235 || qui || vexer || se,3,108,235,"- C' est de la folie! s' écria Andrew Stuart, qui commençait à se vexer de l' insistance de son partenaire.",qui,vexer,se,tout de suite,1872-10-02-18,pendant cette journée du 29 septembre,1872-09-29-00-00,precedent_context,remarqué,1872-10-02-18,1872-09-29-00,temps_different
788,3 || 108 || 235 || qui || vexer || de l'insistance de son partenaire,3,108,235,"- C' est de la folie! s' écria Andrew Stuart, qui commençait à se vexer de l' insistance de son partenaire.",qui,vexer,de l'insistance de son partenaire,tout de suite,1872-10-02-18,pendant cette journée du 29 septembre,1872-09-29-00-00,precedent_context,remarqué,1872-10-02-18,1872-09-29-00,temps_different
789,3 || 108 || 236 || _ || tenez || _,3,108,236,Tenez! jouons plutôt.,,Tenez,,tout de suite,1872-10-02-18,pendant cette journée du 29 septembre,1872-09-29-00-00,precedent_context,remarqué,1872-10-02-18,1872-09-29-00,temps_different
790,3 || 108 || 236 || _ || jouons || _,3,108,236,Tenez! jouons plutôt.,,jouons,,tout de suite,1872-10-02-18,pendant cette journée du 29 septembre,1872-09-29-00-00,precedent_context,remarqué,1872-10-02-18,1872-09-29-00,temps_different
791,3 || 109 || 237 || _ || refaites || _,3,109,237,"- Refaites alors, répondit Phileas Fogg, car il y a maldonne.»",,Refaites,,tout de suite,1872-10-02-18,pendant cette journée du 29 septembre,1872-09-29-00-00,precedent_context,remarqué,1872-10-02-18,1872-09-29-00,temps_different
792,3 || 109 || 237 || phileas fogg || répondit || _,3,109,237,"- Refaites alors, répondit Phileas Fogg, car il y a maldonne.»",Phileas Fogg,répondit,,tout de suite,1872-10-02-18,pendant cette journée du 29 septembre,1872-09-29-00-00,precedent_context,remarqué,1872-10-02-18,1872-09-29-00,temps_different
793,3 || 109 || 237 || phileas fogg || a || y,3,109,237,"- Refaites alors, répondit Phileas Fogg, car il y a maldonne.»",Phileas Fogg,a,y,tout de suite,1872-10-02-18,pendant cette journée du 29 septembre,1872-09-29-00-00,precedent_context,remarqué,1872-10-02-18,1872-09-29-00,temps_different
794,3 || 109 || 237 || phileas fogg || a || maldonne,3,109,237,"- Refaites alors, répondit Phileas Fogg, car il y a maldonne.»",Phileas Fogg,a,maldonne,tout de suite,1872-10-02-18,pendant cette journée du 29 septembre,1872-09-29-00-00,precedent_context,remarqué,1872-10-02-18,1872-09-29-00,temps_different
795,3 || 110 || 238 || andrew stuart || reprit || les cartes,3,110,238,"Andrew Stuart reprit les cartes d' une main fébrile; puis, tout à coup, les posant sur la table:",Andrew Stuart,reprit,les cartes,tout de suite,1872-10-02-18,pendant cette journée du 29 septembre,1872-09-29-00-00,precedent_context,remarqué,1872-10-02-18,1872-09-29-00,temps_different
796,3 || 110 || 238 || andrew stuart || reprit || d'une main fébrile,3,110,238,"Andrew Stuart reprit les cartes d' une main fébrile; puis, tout à coup, les posant sur la table:",Andrew Stuart,reprit,d'une main fébrile,tout de suite,1872-10-02-18,pendant cette journée du 29 septembre,1872-09-29-00-00,precedent_context,remarqué,1872-10-02-18,1872-09-29-00,temps_different
797,3 || 110 || 238 || _ || posant || les,3,110,238,"Andrew Stuart reprit les cartes d' une main fébrile; puis, tout à coup, les posant sur la table:",,posant,les,tout de suite,1872-10-02-18,pendant cette journée du 29 septembre,1872-09-29-00-00,precedent_context,remarqué,1872-10-02-18,1872-09-29-00,temps_different
798,3 || 110 || 238 || _ || posant || sur la table,3,110,238,"Andrew Stuart reprit les cartes d' une main fébrile; puis, tout à coup, les posant sur la table:",,posant,sur la table,tout de suite,1872-10-02-18,pendant cette journée du 29 septembre,1872-09-29-00-00,precedent_context,remarqué,1872-10-02-18,1872-09-29-00,temps_different
799,3 || 111 || 239 || -il || dit || monsieur fogg,3,111,239,"«Eh bien, oui, monsieur Fogg, dit -il, oui, je parie quatre mille livres!",-il,dit,monsieur Fogg,tout de suite,1872-10-02-18,pendant cette journée du 29 septembre,1872-09-29-00-00,precedent_context,remarqué,1872-10-02-18,1872-09-29-00,temps_different
800,3 || 111 || 239 || je || parie || quatre mille livres,3,111,239,"«Eh bien, oui, monsieur Fogg, dit -il, oui, je parie quatre mille livres!",je,parie,quatre mille livres,tout de suite,1872-10-02-18,pendant cette journée du 29 septembre,1872-09-29-00-00,precedent_context,remarqué,1872-10-02-18,1872-09-29-00,temps_different
801,3 || 112 || 241 || _ || dit || -mon cher stuart,3,112,241,"-Mon cher Stuart, dit Fallentin, calmez -vous.",,dit,-Mon cher Stuart,tout de suite,1872-10-02-18,pendant cette journée du 29 septembre,1872-09-29-00-00,precedent_context,remarqué,1872-10-02-18,1872-09-29-00,temps_different
802,3 || 112 || 241 || _ || dit || fallentin,3,112,241,"-Mon cher Stuart, dit Fallentin, calmez -vous.",,dit,Fallentin,tout de suite,1872-10-02-18,pendant cette journée du 29 septembre,1872-09-29-00-00,precedent_context,remarqué,1872-10-02-18,1872-09-29-00,temps_different
803,3 || 112 || 241 || _ || calmez || _,3,112,241,"-Mon cher Stuart, dit Fallentin, calmez -vous.",,calmez,,tout de suite,1872-10-02-18,pendant cette journée du 29 septembre,1872-09-29-00-00,precedent_context,remarqué,1872-10-02-18,1872-09-29-00,temps_different
804,3 || 113 || 243 || je || dis || _,3,113,243,"- Quand je dis: je parie, répondit Andrew Stuart, c' est toujours sérieux.",je,dis,,tout de suite,1872-10-02-18,pendant cette journée du 29 septembre,1872-09-29-00-00,precedent_context,remarqué,1872-10-02-18,1872-09-29-00,temps_different
805,3 || 113 || 243 || je || parie || _,3,113,243,"- Quand je dis: je parie, répondit Andrew Stuart, c' est toujours sérieux.",je,parie,,tout de suite,1872-10-02-18,pendant cette journée du 29 septembre,1872-09-29-00-00,precedent_context,remarqué,1872-10-02-18,1872-09-29-00,temps_different
806,3 || 113 || 243 || andrew stuart || répondit || _,3,113,243,"- Quand je dis: je parie, répondit Andrew Stuart, c' est toujours sérieux.",Andrew Stuart,répondit,,tout de suite,1872-10-02-18,pendant cette journée du 29 septembre,1872-09-29-00-00,precedent_context,remarqué,1872-10-02-18,1872-09-29-00,temps_different
807,3 || 114 || 244 || _ || soit || _,3,114,244,- Soit!» dit Mr. Fogg.,,Soit,,tout de suite,1872-10-02-18,pendant cette journée du 29 septembre,1872-09-29-00-00,precedent_context,remarqué,1872-10-02-18,1872-09-29-00,temps_different
808,3 || 114 || 244 || mr. fogg || dit || _,3,114,244,- Soit!» dit Mr. Fogg.,Mr. Fogg,dit,,tout de suite,1872-10-02-18,pendant cette journée du 29 septembre,1872-09-29-00-00,precedent_context,remarqué,1872-10-02-18,1872-09-29-00,temps_different
809,3 || 114 || 245 || _ || tournant || se,3,114,245,"Puis, se tournant vers ses collègues:",,tournant,se,tout de suite,1872-10-02-18,pendant cette journée du 29 septembre,1872-09-29-00-00,precedent_context,remarqué,1872-10-02-18,1872-09-29-00,temps_different
810,3 || 114 || 245 || _ || tournant || vers ses collègues,3,114,245,"Puis, se tournant vers ses collègues:",,tournant,vers ses collègues,tout de suite,1872-10-02-18,pendant cette journée du 29 septembre,1872-09-29-00-00,precedent_context,remarqué,1872-10-02-18,1872-09-29-00,temps_different
811,3 || 115 || 246 || j' || ai || vingt mille livres 500 000 f,3,115,246,«J' ai vingt mille livres( 500 000 F) déposées chez Baring frères.,J',ai,vingt mille livres 500 000 F,tout de suite,1872-10-02-18,pendant cette journée du 29 septembre,1872-09-29-00-00,precedent_context,remarqué,1872-10-02-18,1872-09-29-00,temps_different
812,3 || 115 || 246 || _ || déposées || chez baring frères,3,115,246,«J' ai vingt mille livres( 500 000 F) déposées chez Baring frères.,,déposées,chez Baring frères,tout de suite,1872-10-02-18,pendant cette journée du 29 septembre,1872-09-29-00-00,precedent_context,remarqué,1872-10-02-18,1872-09-29-00,temps_different
813,3 || 115 || 247 || je || risquerai || les,3,115,247,Je les risquerai volontiers…,Je,risquerai,les,tout de suite,1872-10-02-18,pendant cette journée du 29 septembre,1872-09-29-00-00,precedent_context,remarqué,1872-10-02-18,1872-09-29-00,temps_different
814,3 || 116 || 248 || john sullivan || écria || _,3,116,248,- Vingt mille livres! s' écria John Sullivan.,John Sullivan,écria,,tout de suite,1872-10-02-18,pendant cette journée du 29 septembre,1872-09-29-00-00,precedent_context,remarqué,1872-10-02-18,1872-09-29-00,temps_different
815,3 || 116 || 249 || un retard imprévu || peut || _,3,116,249,Vingt mille livres qu' un retard imprévu peut vous faire perdre!,un retard imprévu,peut,,tout de suite,1872-10-02-18,pendant cette journée du 29 septembre,1872-09-29-00-00,precedent_context,remarqué,1872-10-02-18,1872-09-29-00,temps_different
816,3 || 116 || 249 || un retard imprévu || perdre || vous,3,116,249,Vingt mille livres qu' un retard imprévu peut vous faire perdre!,un retard imprévu,perdre,vous,tout de suite,1872-10-02-18,pendant cette journée du 29 septembre,1872-09-29-00-00,precedent_context,remarqué,1872-10-02-18,1872-09-29-00,temps_different
817,3 || 117 || 250 || l'imprévu || existe || _,3,117,250,"- L' imprévu n' existe pas, répondit simplement Phileas Fogg.",L'imprévu,existe,,tout de suite,1872-10-02-18,pendant cette journée du 29 septembre,1872-09-29-00-00,precedent_context,remarqué,1872-10-02-18,1872-09-29-00,temps_different
818,3 || 117 || 250 || phileas fogg || répondit || _,3,117,250,"- L' imprévu n' existe pas, répondit simplement Phileas Fogg.",Phileas Fogg,répondit,,tout de suite,1872-10-02-18,pendant cette journée du 29 septembre,1872-09-29-00-00,precedent_context,remarqué,1872-10-02-18,1872-09-29-00,temps_different
819,3 || 118 || 251 || ce laps de quatre-vingts jours || calculé || monsieur fogg,3,118,251,"- Mais, monsieur Fogg, ce laps de quatre-vingts jours n' est calculé que comme un minimum de temps!",ce laps de quatre-vingts jours,calculé,monsieur Fogg,tout de suite,1872-10-02-18,pendant cette journée du 29 septembre,1872-09-29-00-00,precedent_context,remarqué,1872-10-02-18,1872-09-29-00,temps_different
820,3 || 118 || 251 || ce laps de quatre-vingts jours || calculé || que comme un minimum de temps,3,118,251,"- Mais, monsieur Fogg, ce laps de quatre-vingts jours n' est calculé que comme un minimum de temps!",ce laps de quatre-vingts jours,calculé,que comme un minimum de temps,tout de suite,1872-10-02-18,pendant cette journée du 29 septembre,1872-09-29-00-00,precedent_context,remarqué,1872-10-02-18,1872-09-29-00,temps_different
821,3 || 119 || 252 || _ || employé || _,3,119,252,- Un minimum bien employé suffit à tout.,,employé,,tout de suite,1872-10-02-18,pendant cette journée du 29 septembre,1872-09-29-00-00,precedent_context,remarqué,1872-10-02-18,1872-09-29-00,temps_different
822,3 || 119 || 252 || un minimum || suffit || à tout,3,119,252,- Un minimum bien employé suffit à tout.,Un minimum,suffit,à tout,tout de suite,1872-10-02-18,pendant cette journée du 29 septembre,1872-09-29-00-00,precedent_context,remarqué,1872-10-02-18,1872-09-29-00,temps_different
823,3 || 120 || 253 || _ || dépasser || le,3,120,253,"- Mais pour ne pas le dépasser, il faut sauter mathématiquement des railways dans les paquebots, et des paquebots dans les chemins de fer!",,dépasser,le,tout de suite,1872-10-02-18,pendant cette journée du 29 septembre,1872-09-29-00-00,precedent_context,remarqué,1872-10-02-18,1872-09-29-00,temps_different
824,3 || 120 || 253 || _ || faut || _,3,120,253,"- Mais pour ne pas le dépasser, il faut sauter mathématiquement des railways dans les paquebots, et des paquebots dans les chemins de fer!",,faut,,tout de suite,1872-10-02-18,pendant cette journée du 29 septembre,1872-09-29-00-00,precedent_context,remarqué,1872-10-02-18,1872-09-29-00,temps_different
825,3 || 120 || 253 || _ || sauter || des railways,3,120,253,"- Mais pour ne pas le dépasser, il faut sauter mathématiquement des railways dans les paquebots, et des paquebots dans les chemins de fer!",,sauter,des railways,tout de suite,1872-10-02-18,pendant cette journée du 29 septembre,1872-09-29-00-00,precedent_context,remarqué,1872-10-02-18,1872-09-29-00,temps_different
826,3 || 120 || 253 || _ || sauter || dans les paquebots,3,120,253,"- Mais pour ne pas le dépasser, il faut sauter mathématiquement des railways dans les paquebots, et des paquebots dans les chemins de fer!",,sauter,dans les paquebots,tout de suite,1872-10-02-18,pendant cette journée du 29 septembre,1872-09-29-00-00,precedent_context,remarqué,1872-10-02-18,1872-09-29-00,temps_different
827,3 || 121 || 254 || -je || sauterai || _,3,121,254,-Je sauterai mathématiquement.,-Je,sauterai,,tout de suite,1872-10-02-18,pendant cette journée du 29 septembre,1872-09-29-00-00,precedent_context,remarqué,1872-10-02-18,1872-09-29-00,temps_different
828,3 || 123 || 256 || un bon anglais || plaisante || _,3,123,256,"- Un bon Anglais ne plaisante jamais, quand il s' agit d' une chose aussi sérieuse qu' un pari, répondit Phileas Fogg.",Un bon Anglais,plaisante,,tout de suite,1872-10-02-18,pendant cette journée du 29 septembre,1872-09-29-00-00,precedent_context,remarqué,1872-10-02-18,1872-09-29-00,temps_different
829,3 || 123 || 256 || un bon anglais || agit || s',3,123,256,"- Un bon Anglais ne plaisante jamais, quand il s' agit d' une chose aussi sérieuse qu' un pari, répondit Phileas Fogg.",Un bon Anglais,agit,s',tout de suite,1872-10-02-18,pendant cette journée du 29 septembre,1872-09-29-00-00,precedent_context,remarqué,1872-10-02-18,1872-09-29-00,temps_different
830,3 || 123 || 256 || un bon anglais || agit || d'une chose aussi sérieuse qu'un pari,3,123,256,"- Un bon Anglais ne plaisante jamais, quand il s' agit d' une chose aussi sérieuse qu' un pari, répondit Phileas Fogg.",Un bon Anglais,agit,d'une chose aussi sérieuse qu'un pari,tout de suite,1872-10-02-18,pendant cette journée du 29 septembre,1872-09-29-00-00,precedent_context,remarqué,1872-10-02-18,1872-09-29-00,temps_different
831,3 || 123 || 256 || phileas fogg || répondit || _,3,123,256,"- Un bon Anglais ne plaisante jamais, quand il s' agit d' une chose aussi sérieuse qu' un pari, répondit Phileas Fogg.",Phileas Fogg,répondit,,tout de suite,1872-10-02-18,pendant cette journée du 29 septembre,1872-09-29-00-00,precedent_context,remarqué,1872-10-02-18,1872-09-29-00,temps_different
832,3 || 123 || 257 || je || parie || vingt mille livres,3,123,257,"Je parie vingt mille livres contre qui voudra que je ferai le tour de la terre en quatre-vingts jours ou moins, soit dix-neuf cent vingt heures ou cent quinze mille deux cents minutes.",Je,parie,vingt mille livres,tout de suite,1872-10-02-18,pendant cette journée du 29 septembre,1872-09-29-00-00,precedent_context,remarqué,1872-10-02-18,1872-09-29-00,temps_different
833,3 || 123 || 257 || je || voudra || _,3,123,257,"Je parie vingt mille livres contre qui voudra que je ferai le tour de la terre en quatre-vingts jours ou moins, soit dix-neuf cent vingt heures ou cent quinze mille deux cents minutes.",Je,voudra,,tout de suite,1872-10-02-18,pendant cette journée du 29 septembre,1872-09-29-00-00,precedent_context,remarqué,1872-10-02-18,1872-09-29-00,temps_different
834,3 || 123 || 257 || je || ferai || le tour de la terre,3,123,257,"Je parie vingt mille livres contre qui voudra que je ferai le tour de la terre en quatre-vingts jours ou moins, soit dix-neuf cent vingt heures ou cent quinze mille deux cents minutes.",je,ferai,le tour de la terre,tout de suite,1872-10-02-18,quatre-vingts jours ou moins,,ud_direct,ferai,1872-10-02-18,,seulement_ref
835,3 || 123 || 257 || je || ferai || en quatre-vingts jours ou moins soit dix-neuf cent vingt heures ou cent quinze mille deux cents minutes,3,123,257,"Je parie vingt mille livres contre qui voudra que je ferai le tour de la terre en quatre-vingts jours ou moins, soit dix-neuf cent vingt heures ou cent quinze mille deux cents minutes.",je,ferai,en quatre-vingts jours ou moins soit dix-neuf cent vingt heures ou cent quinze mille deux cents minutes,tout de suite,1872-10-02-18,quatre-vingts jours ou moins,,objet,ferai,1872-10-02-18,,seulement_ref
836,3 || 123 || 258 || _ || acceptez || _,3,123,258,Acceptez -vous?,,Acceptez,,tout de suite,1872-10-02-18,pendant cette journée du 29 septembre,1872-09-29-00-00,precedent_context,remarqué,1872-10-02-18,1872-09-29-00,temps_different
837,3 || 124 || 259 || -nous || acceptons || _,3,124,259,"-Nous acceptons, répondirent MM. Stuart, Fallentin, Sullivan, Flanagan et Ralph, après s' être entendus.",-Nous,acceptons,,tout de suite,1872-10-02-18,pendant cette journée du 29 septembre,1872-09-29-00-00,precedent_context,remarqué,1872-10-02-18,1872-09-29-00,temps_different
838,3 || 124 || 259 || _ || répondirent || mm. stuart fallentin sullivan flanagan et ralph,3,124,259,"-Nous acceptons, répondirent MM. Stuart, Fallentin, Sullivan, Flanagan et Ralph, après s' être entendus.",,répondirent,MM. Stuart Fallentin Sullivan Flanagan et Ralph,tout de suite,1872-10-02-18,pendant cette journée du 29 septembre,1872-09-29-00-00,precedent_context,remarqué,1872-10-02-18,1872-09-29-00,temps_different
839,3 || 124 || 259 || _ || entendus || s',3,124,259,"-Nous acceptons, répondirent MM. Stuart, Fallentin, Sullivan, Flanagan et Ralph, après s' être entendus.",,entendus,s',tout de suite,1872-10-02-18,pendant cette journée du 29 septembre,1872-09-29-00-00,precedent_context,remarqué,1872-10-02-18,1872-09-29-00,temps_different
840,3 || 125 || 260 || mr. fogg || dit || _,3,125,260,"- Bien, dit Mr. Fogg.",Mr. Fogg,dit,,tout de suite,1872-10-02-18,pendant cette journée du 29 septembre,1872-09-29-00-00,precedent_context,remarqué,1872-10-02-18,1872-09-29-00,temps_different
841,3 || 125 || 261 || le train de douvres || part || à huit heures quarante-cinq,3,125,261,Le train de Douvres part à huit heures quarante - cinq.,Le train de Douvres,part,à huit heures quarante-cinq,à huit heures quarante - cinq,1872-10-02-20,à huit heures quarante - cinq,1872-09-29-08-45,objet,part,1872-10-02-20,1872-09-29-08-45,temps_different
842,3 || 125 || 262 || je || prendrai || le,3,125,262,Je le prendrai.,Je,prendrai,le,à huit heures quarante - cinq,1872-10-02-20,à huit heures quarante - cinq,1872-09-29-08-45,precedent_context,part,1872-10-02-20,1872-09-29-08-45,temps_different
843,3 || 126 || 263 || stuart || demanda || _,3,126,263,-Ce soir même? demanda Stuart.,Stuart,demanda,,-ce soir même,1872-10-02-20,-ce soir même,1872-09-29-20-00,precedent_context,parié,1872-10-02-20,1872-09-29-20,temps_different
844,3 || 127 || 264 || phileas fogg || répondit || -ce soir même,3,127,264,"-Ce soir même, répondit Phileas Fogg.",Phileas Fogg,répondit,-Ce soir même,-ce soir même,1872-10-02-20,-ce soir même,1872-09-29-20-00,objet,répondit,1872-10-02-20,1872-09-29-20,temps_different
846,3 || 127 || 265 || -t || consultant || un calendrier de poche,3,127,265,"Donc, ajouta -t -il en consultant un calendrier de poche, puisque c' est aujourd'hui mercredi 2 octobre, je devrai être de retour à Londres, dans ce salon même du Reform - Club, le samedi 21 décembre, à huit heures quarante - cinq du soir, faute de quoi les vingt mille livres déposées actuellement à mon crédit chez Baring frères vous appartiendront de fait et de droit, messieurs.",-t,consultant,un calendrier de poche,aujourd'hui,1872-10-02-00,-ce soir même,1872-09-29-20-00,precedent_context,répondit,1872-10-02-00,1872-09-29-20,temps_different
847,3 || 127 || 265 || je || devrai || à londres,3,127,265,"Donc, ajouta -t -il en consultant un calendrier de poche, puisque c' est aujourd'hui mercredi 2 octobre, je devrai être de retour à Londres, dans ce salon même du Reform - Club, le samedi 21 décembre, à huit heures quarante - cinq du soir, faute de quoi les vingt mille livres déposées actuellement à mon crédit chez Baring frères vous appartiendront de fait et de droit, messieurs.",je,devrai,à Londres,mercredi 2 octobre,1872-10-02-00,-ce soir même,1872-09-29-20-00,precedent_context,répondit,1872-10-02-00,1872-09-29-20,temps_different
848,3 || 127 || 265 || je || devrai || dans ce salon même du reform-club,3,127,265,"Donc, ajouta -t -il en consultant un calendrier de poche, puisque c' est aujourd'hui mercredi 2 octobre, je devrai être de retour à Londres, dans ce salon même du Reform - Club, le samedi 21 décembre, à huit heures quarante - cinq du soir, faute de quoi les vingt mille livres déposées actuellement à mon crédit chez Baring frères vous appartiendront de fait et de droit, messieurs.",je,devrai,dans ce salon même du Reform-Club,mercredi 2 octobre,1872-10-02-00,-ce soir même,1872-09-29-20-00,precedent_context,répondit,1872-10-02-00,1872-09-29-20,temps_different
849,3 || 127 || 265 || je || devrai || le samedi 21 décembre,3,127,265,"Donc, ajouta -t -il en consultant un calendrier de poche, puisque c' est aujourd'hui mercredi 2 octobre, je devrai être de retour à Londres, dans ce salon même du Reform - Club, le samedi 21 décembre, à huit heures quarante - cinq du soir, faute de quoi les vingt mille livres déposées actuellement à mon crédit chez Baring frères vous appartiendront de fait et de droit, messieurs.",je,devrai,le samedi 21 décembre,le samedi 21 décembre,1872-12-21-20,le samedi 21 décembre,1872-12-21-00-00,objet,retour,1872-12-21-20,1872-12-21-00,temps_different
850,3 || 127 || 265 || je || devrai || à huit heures quarante-cinq du soir,3,127,265,"Donc, ajouta -t -il en consultant un calendrier de poche, puisque c' est aujourd'hui mercredi 2 octobre, je devrai être de retour à Londres, dans ce salon même du Reform - Club, le samedi 21 décembre, à huit heures quarante - cinq du soir, faute de quoi les vingt mille livres déposées actuellement à mon crédit chez Baring frères vous appartiendront de fait et de droit, messieurs.",je,devrai,à huit heures quarante-cinq du soir,à huit heures quarante - cinq du soir,1872-12-21-20,à huit heures quarante - cinq du soir,1872-12-21-20-45,objet,retour,1872-12-21-20,1872-12-21-20-45,temps_different
851,3 || 127 || 265 || _ || déposées || à mon crédit,3,127,265,"Donc, ajouta -t -il en consultant un calendrier de poche, puisque c' est aujourd'hui mercredi 2 octobre, je devrai être de retour à Londres, dans ce salon même du Reform - Club, le samedi 21 décembre, à huit heures quarante - cinq du soir, faute de quoi les vingt mille livres déposées actuellement à mon crédit chez Baring frères vous appartiendront de fait et de droit, messieurs.",,déposées,à mon crédit,à huit heures quarante - cinq du soir,1872-12-21-20,-ce soir même,1872-09-29-20-00,precedent_context,répondit,1872-12-21-20,1872-09-29-20,temps_different
852,3 || 127 || 265 || _ || déposées || chez baring frères,3,127,265,"Donc, ajouta -t -il en consultant un calendrier de poche, puisque c' est aujourd'hui mercredi 2 octobre, je devrai être de retour à Londres, dans ce salon même du Reform - Club, le samedi 21 décembre, à huit heures quarante - cinq du soir, faute de quoi les vingt mille livres déposées actuellement à mon crédit chez Baring frères vous appartiendront de fait et de droit, messieurs.",,déposées,chez Baring frères,à huit heures quarante - cinq du soir,1872-12-21-20,-ce soir même,1872-09-29-20-00,precedent_context,répondit,1872-12-21-20,1872-09-29-20,temps_different
853,3 || 127 || 265 || les vingt mille livres || appartiendront || vous,3,127,265,"Donc, ajouta -t -il en consultant un calendrier de poche, puisque c' est aujourd'hui mercredi 2 octobre, je devrai être de retour à Londres, dans ce salon même du Reform - Club, le samedi 21 décembre, à huit heures quarante - cinq du soir, faute de quoi les vingt mille livres déposées actuellement à mon crédit chez Baring frères vous appartiendront de fait et de droit, messieurs.",les vingt mille livres,appartiendront,vous,à huit heures quarante - cinq du soir,1872-12-21-20,-ce soir même,1872-09-29-20-00,precedent_context,répondit,1872-12-21-20,1872-09-29-20,temps_different
854,3 || 127 || 265 || les vingt mille livres || appartiendront || de fait et de droit,3,127,265,"Donc, ajouta -t -il en consultant un calendrier de poche, puisque c' est aujourd'hui mercredi 2 octobre, je devrai être de retour à Londres, dans ce salon même du Reform - Club, le samedi 21 décembre, à huit heures quarante - cinq du soir, faute de quoi les vingt mille livres déposées actuellement à mon crédit chez Baring frères vous appartiendront de fait et de droit, messieurs.",les vingt mille livres,appartiendront,de fait et de droit,à huit heures quarante - cinq du soir,1872-12-21-20,-ce soir même,1872-09-29-20-00,precedent_context,répondit,1872-12-21-20,1872-09-29-20,temps_different
855,3 || 127 || 266 || _ || voici || un chèque de pareille somme,3,127,266,- Voici un chèque de pareille somme.,,Voici,un chèque de pareille somme,à huit heures quarante - cinq du soir,1872-12-21-20,-ce soir même,1872-09-29-20-00,precedent_context,répondit,1872-12-21-20,1872-09-29-20,temps_different
856,3 || 128 || 268 || un procès-verbal du pari || fait || sur-le-champ,3,128,268,Un procès-verbal du pari fut fait et signé sur-le-champ par les six co-intéressés.,Un procès-verbal du pari,fait,sur-le-champ,à huit heures quarante - cinq du soir,1872-12-21-20,-ce soir même,1872-09-29-20-00,precedent_context,répondit,1872-12-21-20,1872-09-29-20,temps_different
857,3 || 128 || 268 || un procès-verbal du pari || fait || par les six co-intéressés,3,128,268,Un procès-verbal du pari fut fait et signé sur-le-champ par les six co-intéressés.,Un procès-verbal du pari,fait,par les six co-intéressés,à huit heures quarante - cinq du soir,1872-12-21-20,-ce soir même,1872-09-29-20-00,precedent_context,répondit,1872-12-21-20,1872-09-29-20,temps_different
858,3 || 128 || 268 || un procès-verbal du pari || signé || _,3,128,268,Un procès-verbal du pari fut fait et signé sur-le-champ par les six co-intéressés.,Un procès-verbal du pari,signé,,à huit heures quarante - cinq du soir,1872-12-21-20,-ce soir même,1872-09-29-20-00,precedent_context,répondit,1872-12-21-20,1872-09-29-20,temps_different
859,3 || 128 || 269 || phileas fogg || demeuré || _,3,128,269,Phileas Fogg était demeuré froid.,Phileas Fogg,demeuré,,à huit heures quarante - cinq du soir,1872-12-21-20,-ce soir même,1872-09-29-20-00,precedent_context,répondit,1872-12-21-20,1872-09-29-20,temps_different
860,3 || 128 || 270 || il || parié || _,3,128,270,"Il n' avait certainement pas parié pour gagner, et n' avait engagé ces vingt mille livres- la moitié de sa fortune- que parce qu' il prévoyait qu' il pourrait avoir à dépenser l' autre pour mener à bien ce difficile, pour ne pas dire inexécutable projet.",Il,parié,,à huit heures quarante - cinq du soir,1872-12-21-20,-ce soir même,1872-09-29-20-00,precedent_context,répondit,1872-12-21-20,1872-09-29-20,temps_different
861,3 || 128 || 270 || il || gagner || _,3,128,270,"Il n' avait certainement pas parié pour gagner, et n' avait engagé ces vingt mille livres- la moitié de sa fortune- que parce qu' il prévoyait qu' il pourrait avoir à dépenser l' autre pour mener à bien ce difficile, pour ne pas dire inexécutable projet.",Il,gagner,,à huit heures quarante - cinq du soir,1872-12-21-20,-ce soir même,1872-09-29-20-00,precedent_context,répondit,1872-12-21-20,1872-09-29-20,temps_different
862,3 || 128 || 270 || il || engagé || ces vingt mille livres-la moitié de sa fortune,3,128,270,"Il n' avait certainement pas parié pour gagner, et n' avait engagé ces vingt mille livres- la moitié de sa fortune- que parce qu' il prévoyait qu' il pourrait avoir à dépenser l' autre pour mener à bien ce difficile, pour ne pas dire inexécutable projet.",Il,engagé,ces vingt mille livres-la moitié de sa fortune,à huit heures quarante - cinq du soir,1872-12-21-20,-ce soir même,1872-09-29-20-00,precedent_context,répondit,1872-12-21-20,1872-09-29-20,temps_different
863,3 || 128 || 270 || il || prévoyait || _,3,128,270,"Il n' avait certainement pas parié pour gagner, et n' avait engagé ces vingt mille livres- la moitié de sa fortune- que parce qu' il prévoyait qu' il pourrait avoir à dépenser l' autre pour mener à bien ce difficile, pour ne pas dire inexécutable projet.",il,prévoyait,,à huit heures quarante - cinq du soir,1872-12-21-20,-ce soir même,1872-09-29-20-00,precedent_context,répondit,1872-12-21-20,1872-09-29-20,temps_different
864,3 || 128 || 270 || il || pourrait || pour inexécutable projet,3,128,270,"Il n' avait certainement pas parié pour gagner, et n' avait engagé ces vingt mille livres- la moitié de sa fortune- que parce qu' il prévoyait qu' il pourrait avoir à dépenser l' autre pour mener à bien ce difficile, pour ne pas dire inexécutable projet.",il,pourrait,pour inexécutable projet,à huit heures quarante - cinq du soir,1872-12-21-20,-ce soir même,1872-09-29-20-00,precedent_context,répondit,1872-12-21-20,1872-09-29-20,temps_different
865,3 || 128 || 270 || il || avoir || _,3,128,270,"Il n' avait certainement pas parié pour gagner, et n' avait engagé ces vingt mille livres- la moitié de sa fortune- que parce qu' il prévoyait qu' il pourrait avoir à dépenser l' autre pour mener à bien ce difficile, pour ne pas dire inexécutable projet.",il,avoir,,à huit heures quarante - cinq du soir,1872-12-21-20,-ce soir même,1872-09-29-20-00,precedent_context,répondit,1872-12-21-20,1872-09-29-20,temps_different
866,3 || 128 || 270 || _ || dépenser || l'autre,3,128,270,"Il n' avait certainement pas parié pour gagner, et n' avait engagé ces vingt mille livres- la moitié de sa fortune- que parce qu' il prévoyait qu' il pourrait avoir à dépenser l' autre pour mener à bien ce difficile, pour ne pas dire inexécutable projet.",,dépenser,l'autre,à huit heures quarante - cinq du soir,1872-12-21-20,-ce soir même,1872-09-29-20-00,precedent_context,répondit,1872-12-21-20,1872-09-29-20,temps_different
867,3 || 128 || 270 || _ || mener || à bien,3,128,270,"Il n' avait certainement pas parié pour gagner, et n' avait engagé ces vingt mille livres- la moitié de sa fortune- que parce qu' il prévoyait qu' il pourrait avoir à dépenser l' autre pour mener à bien ce difficile, pour ne pas dire inexécutable projet.",,mener,à bien,à huit heures quarante - cinq du soir,1872-12-21-20,-ce soir même,1872-09-29-20-00,precedent_context,répondit,1872-12-21-20,1872-09-29-20,temps_different
868,"3 || 128 || 270 || _ || mener || ce difficile,",3,128,270,"Il n' avait certainement pas parié pour gagner, et n' avait engagé ces vingt mille livres- la moitié de sa fortune- que parce qu' il prévoyait qu' il pourrait avoir à dépenser l' autre pour mener à bien ce difficile, pour ne pas dire inexécutable projet.",,mener,"ce difficile,",à huit heures quarante - cinq du soir,1872-12-21-20,-ce soir même,1872-09-29-20-00,precedent_context,répondit,1872-12-21-20,1872-09-29-20,temps_different
869,3 || 128 || 270 || _ || dire || _,3,128,270,"Il n' avait certainement pas parié pour gagner, et n' avait engagé ces vingt mille livres- la moitié de sa fortune- que parce qu' il prévoyait qu' il pourrait avoir à dépenser l' autre pour mener à bien ce difficile, pour ne pas dire inexécutable projet.",,dire,,à huit heures quarante - cinq du soir,1872-12-21-20,-ce soir même,1872-09-29-20-00,precedent_context,répondit,1872-12-21-20,1872-09-29-20,temps_different
870,3 || 128 || 271 || ils || paraissaient || quant à ses adversaires,3,128,271,"Quant à ses adversaires, eux, ils paraissaient émus, non pas à cause de la valeur de l' enjeu, mais parce qu' ils se faisaient une sorte de scrupule de lutter dans ces conditions.",ils,paraissaient,Quant à ses adversaires,à huit heures quarante - cinq du soir,1872-12-21-20,-ce soir même,1872-09-29-20-00,precedent_context,répondit,1872-12-21-20,1872-09-29-20,temps_different
871,3 || 128 || 271 || ils || paraissaient || eux,3,128,271,"Quant à ses adversaires, eux, ils paraissaient émus, non pas à cause de la valeur de l' enjeu, mais parce qu' ils se faisaient une sorte de scrupule de lutter dans ces conditions.",ils,paraissaient,eux,à huit heures quarante - cinq du soir,1872-12-21-20,-ce soir même,1872-09-29-20-00,precedent_context,répondit,1872-12-21-20,1872-09-29-20,temps_different
872,3 || 128 || 271 || ils || paraissaient || non pas à cause de la valeur de l'enjeu,3,128,271,"Quant à ses adversaires, eux, ils paraissaient émus, non pas à cause de la valeur de l' enjeu, mais parce qu' ils se faisaient une sorte de scrupule de lutter dans ces conditions.",ils,paraissaient,non pas à cause de la valeur de l'enjeu,à huit heures quarante - cinq du soir,1872-12-21-20,-ce soir même,1872-09-29-20-00,precedent_context,répondit,1872-12-21-20,1872-09-29-20,temps_different
873,3 || 128 || 271 || ils || émus || _,3,128,271,"Quant à ses adversaires, eux, ils paraissaient émus, non pas à cause de la valeur de l' enjeu, mais parce qu' ils se faisaient une sorte de scrupule de lutter dans ces conditions.",ils,émus,,à huit heures quarante - cinq du soir,1872-12-21-20,-ce soir même,1872-09-29-20-00,precedent_context,répondit,1872-12-21-20,1872-09-29-20,temps_different
874,3 || 128 || 271 || ils || faisaient || se,3,128,271,"Quant à ses adversaires, eux, ils paraissaient émus, non pas à cause de la valeur de l' enjeu, mais parce qu' ils se faisaient une sorte de scrupule de lutter dans ces conditions.",ils,faisaient,se,à huit heures quarante - cinq du soir,1872-12-21-20,-ce soir même,1872-09-29-20-00,precedent_context,répondit,1872-12-21-20,1872-09-29-20,temps_different
875,3 || 128 || 271 || ils || faisaient || une sorte de scrupule,3,128,271,"Quant à ses adversaires, eux, ils paraissaient émus, non pas à cause de la valeur de l' enjeu, mais parce qu' ils se faisaient une sorte de scrupule de lutter dans ces conditions.",ils,faisaient,une sorte de scrupule,à huit heures quarante - cinq du soir,1872-12-21-20,-ce soir même,1872-09-29-20-00,precedent_context,répondit,1872-12-21-20,1872-09-29-20,temps_different
876,3 || 128 || 271 || _ || lutter || dans ces conditions,3,128,271,"Quant à ses adversaires, eux, ils paraissaient émus, non pas à cause de la valeur de l' enjeu, mais parce qu' ils se faisaient une sorte de scrupule de lutter dans ces conditions.",,lutter,dans ces conditions,à huit heures quarante - cinq du soir,1872-12-21-20,-ce soir même,1872-09-29-20-00,precedent_context,répondit,1872-12-21-20,1872-09-29-20,temps_different
877,3 || 129 || 272 || sept heures || sonnaient || _,3,129,272,Sept heures sonnaient alors.,Sept heures,sonnaient,,sept heures,1872-10-02-19,sept heures sonnaient,1872-12-21-07-00,sujet,sonnaient,1872-10-02-19,1872-12-21-07,temps_different
878,3 || 129 || 273 || on || offrit || à mr. fogg,3,129,273,On offrit à Mr. Fogg de suspendre le whist afin qu' il pût faire ses préparatifs de départ.,On,offrit,à Mr. Fogg,sept heures,1872-10-02-19,sept heures sonnaient,1872-12-21-07-00,precedent_context,sonnaient,1872-10-02-19,1872-12-21-07,temps_different
879,3 || 129 || 273 || on || suspendre || le whist,3,129,273,On offrit à Mr. Fogg de suspendre le whist afin qu' il pût faire ses préparatifs de départ.,On,suspendre,le whist,sept heures,1872-10-02-19,sept heures sonnaient,1872-12-21-07-00,precedent_context,sonnaient,1872-10-02-19,1872-12-21-07,temps_different
880,3 || 129 || 273 || il || pût || _,3,129,273,On offrit à Mr. Fogg de suspendre le whist afin qu' il pût faire ses préparatifs de départ.,il,pût,,sept heures,1872-10-02-19,sept heures sonnaient,1872-12-21-07-00,precedent_context,sonnaient,1872-10-02-19,1872-12-21-07,temps_different
881,3 || 129 || 273 || il || faire || ses préparatifs de départ,3,129,273,On offrit à Mr. Fogg de suspendre le whist afin qu' il pût faire ses préparatifs de départ.,il,faire,ses préparatifs de départ,sept heures,1872-10-02-19,sept heures sonnaient,1872-12-21-07-00,precedent_context,sonnaient,1872-10-02-19,1872-12-21-07,temps_different
882,3 || 130 || 274 || _ || répondit || cet impassible gentleman,3,130,274,"«Je suis toujours prêt!» répondit cet impassible gentleman, et donnant les cartes:",,répondit,cet impassible gentleman,sept heures,1872-10-02-19,sept heures sonnaient,1872-12-21-07-00,precedent_context,sonnaient,1872-10-02-19,1872-12-21-07,temps_different
883,3 || 130 || 274 || _ || donnant || les cartes,3,130,274,"«Je suis toujours prêt!» répondit cet impassible gentleman, et donnant les cartes:",,donnant,les cartes,sept heures,1872-10-02-19,sept heures sonnaient,1872-12-21-07-00,precedent_context,sonnaient,1872-10-02-19,1872-12-21-07,temps_different
884,3 || 131 || 275 || je || retourne || carreau,3,131,275,"«Je retourne carreau, dit -il.",Je,retourne,carreau,sept heures,1872-10-02-19,sept heures sonnaient,1872-12-21-07-00,precedent_context,sonnaient,1872-10-02-19,1872-12-21-07,temps_different
885,3 || 131 || 275 || -il || dit || _,3,131,275,"«Je retourne carreau, dit -il.",-il,dit,,sept heures,1872-10-02-19,sept heures sonnaient,1872-12-21-07-00,precedent_context,sonnaient,1872-10-02-19,1872-12-21-07,temps_different
886,3 || 131 || 276 || _ || jouer || _,3,131,276,"À vous de jouer, monsieur Stuart.",,jouer,,sept heures,1872-10-02-19,sept heures sonnaient,1872-12-21-07-00,precedent_context,sonnaient,1872-10-02-19,1872-12-21-07,temps_different
887,4 || 132 || 278 || phileas fogg || gagné || une vingtaine de guinées,4,132,278,"À sept heures vingt-cinq, Phileas Fogg, après avoir gagné une vingtaine de guinées au whist, prit congé de ses honorables collègues, et quitta le Reform - Club.",Phileas Fogg,gagné,une vingtaine de guinées,à sept heures vingt-cinq,1872-10-02-19,à sept heures vingt-cinq,1872-12-21-07-25,ud_scope_anchor,prit,1872-10-02-19,1872-12-21-07-25,temps_different
888,4 || 132 || 278 || phileas fogg || gagné || au whist,4,132,278,"À sept heures vingt-cinq, Phileas Fogg, après avoir gagné une vingtaine de guinées au whist, prit congé de ses honorables collègues, et quitta le Reform - Club.",Phileas Fogg,gagné,au whist,à sept heures vingt-cinq,1872-10-02-19,à sept heures vingt-cinq,1872-12-21-07-25,ud_scope_anchor,prit,1872-10-02-19,1872-12-21-07-25,temps_different
889,4 || 132 || 278 || phileas fogg || prit || à sept heures vingt-cinq,4,132,278,"À sept heures vingt-cinq, Phileas Fogg, après avoir gagné une vingtaine de guinées au whist, prit congé de ses honorables collègues, et quitta le Reform - Club.",Phileas Fogg,prit,À sept heures vingt-cinq,à sept heures vingt-cinq,1872-10-02-19,à sept heures vingt-cinq,1872-12-21-07-25,objet,prit,1872-10-02-19,1872-12-21-07-25,temps_different
890,4 || 132 || 278 || phileas fogg || prit || congé,4,132,278,"À sept heures vingt-cinq, Phileas Fogg, après avoir gagné une vingtaine de guinées au whist, prit congé de ses honorables collègues, et quitta le Reform - Club.",Phileas Fogg,prit,congé,à sept heures vingt-cinq,1872-10-02-19,à sept heures vingt-cinq,1872-12-21-07-25,ud_direct,prit,1872-10-02-19,1872-12-21-07-25,temps_different
891,4 || 132 || 278 || phileas fogg || prit || de ses honorables collègues,4,132,278,"À sept heures vingt-cinq, Phileas Fogg, après avoir gagné une vingtaine de guinées au whist, prit congé de ses honorables collègues, et quitta le Reform - Club.",Phileas Fogg,prit,de ses honorables collègues,à sept heures vingt-cinq,1872-10-02-19,à sept heures vingt-cinq,1872-12-21-07-25,ud_direct,prit,1872-10-02-19,1872-12-21-07-25,temps_different
892,4 || 132 || 278 || phileas fogg || quitta || le reform-club,4,132,278,"À sept heures vingt-cinq, Phileas Fogg, après avoir gagné une vingtaine de guinées au whist, prit congé de ses honorables collègues, et quitta le Reform - Club.",Phileas Fogg,quitta,le Reform-Club,à sept heures vingt-cinq,1872-10-02-19,à sept heures vingt-cinq,1872-12-21-07-25,ud_scope_anchor,prit,1872-10-02-19,1872-12-21-07-25,temps_different
893,4 || 132 || 278 || phileas fogg || quitta || reform-club,4,132,278,"À sept heures vingt-cinq, Phileas Fogg, après avoir gagné une vingtaine de guinées au whist, prit congé de ses honorables collègues, et quitta le Reform - Club.",Phileas Fogg,quitta,Reform-Club,à sept heures vingt-cinq,1872-10-02-19,à sept heures vingt-cinq,1872-12-21-07-25,ud_scope_anchor,prit,1872-10-02-19,1872-12-21-07-25,temps_different
894,4 || 132 || 278 || phileas fogg || quitta || reform-club,4,132,278,"À sept heures vingt-cinq, Phileas Fogg, après avoir gagné une vingtaine de guinées au whist, prit congé de ses honorables collègues, et quitta le Reform - Club.",Phileas Fogg,quitta,Reform-Club,à sept heures vingt-cinq,1872-10-02-19,à sept heures vingt-cinq,1872-12-21-07-25,ud_scope_anchor,prit,1872-10-02-19,1872-12-21-07-25,temps_different
895,4 || 132 || 278 || phileas fogg || quitta || reform-club,4,132,278,"À sept heures vingt-cinq, Phileas Fogg, après avoir gagné une vingtaine de guinées au whist, prit congé de ses honorables collègues, et quitta le Reform - Club.",Phileas Fogg,quitta,Reform-Club,à sept heures vingt-cinq,1872-10-02-19,à sept heures vingt-cinq,1872-12-21-07-25,ud_scope_anchor,prit,1872-10-02-19,1872-12-21-07-25,temps_different
896,4 || 132 || 278 || phileas fogg || quitta || reform-club,4,132,278,"À sept heures vingt-cinq, Phileas Fogg, après avoir gagné une vingtaine de guinées au whist, prit congé de ses honorables collègues, et quitta le Reform - Club.",Phileas Fogg,quitta,Reform-Club,à sept heures vingt-cinq,1872-10-02-19,à sept heures vingt-cinq,1872-12-21-07-25,ud_scope_anchor,prit,1872-10-02-19,1872-12-21-07-25,temps_different
897,4 || 132 || 279 || il || ouvrait || à sept heures cinquante,4,132,279,"À sept heures cinquante, il ouvrait la porte de sa maison et rentrait chez lui.",il,ouvrait,À sept heures cinquante,à sept heures cinquante,1872-10-02-19,à sept heures cinquante,1872-12-21-07-50,objet,ouvrait,1872-10-02-19,1872-12-21-07-50,temps_different
898,4 || 132 || 279 || il || ouvrait || la porte de sa maison,4,132,279,"À sept heures cinquante, il ouvrait la porte de sa maison et rentrait chez lui.",il,ouvrait,la porte de sa maison,à sept heures cinquante,1872-10-02-19,à sept heures cinquante,1872-12-21-07-50,ud_direct,ouvrait,1872-10-02-19,1872-12-21-07-50,temps_different
899,4 || 132 || 279 || il || rentrait || chez lui,4,132,279,"À sept heures cinquante, il ouvrait la porte de sa maison et rentrait chez lui.",il,rentrait,chez lui,à sept heures cinquante,1872-10-02-19,à sept heures cinquante,1872-12-21-07-50,ud_scope_anchor,ouvrait,1872-10-02-19,1872-12-21-07-50,temps_different
900,4 || 133 || 280 || qui || étudié || son programme,4,133,280,"Passepartout, qui avait consciencieusement étudié son programme, fut assez surpris en voyant Mr. Fogg, coupable d' inexactitude, apparaître à cette heure insolite.",qui,étudié,son programme,cette heure insolite,1872-10-02-19,à sept heures cinquante,1872-12-21-07-50,precedent_context,ouvrait,1872-10-02-19,1872-12-21-07-50,temps_different
901,4 || 133 || 280 || passepartout || surpris || _,4,133,280,"Passepartout, qui avait consciencieusement étudié son programme, fut assez surpris en voyant Mr. Fogg, coupable d' inexactitude, apparaître à cette heure insolite.",Passepartout,surpris,,cette heure insolite,1872-10-02-19,à sept heures cinquante,1872-12-21-07-50,precedent_context,ouvrait,1872-10-02-19,1872-12-21-07-50,temps_different
902,4 || 133 || 280 || passepartout || voyant || mr. fogg coupable d'inexactitude,4,133,280,"Passepartout, qui avait consciencieusement étudié son programme, fut assez surpris en voyant Mr. Fogg, coupable d' inexactitude, apparaître à cette heure insolite.",Passepartout,voyant,Mr. Fogg coupable d'inexactitude,cette heure insolite,1872-10-02-19,à sept heures cinquante,1872-12-21-07-50,precedent_context,ouvrait,1872-10-02-19,1872-12-21-07-50,temps_different
903,4 || 133 || 280 || passepartout || apparaître || à cette heure insolite,4,133,280,"Passepartout, qui avait consciencieusement étudié son programme, fut assez surpris en voyant Mr. Fogg, coupable d' inexactitude, apparaître à cette heure insolite.",Passepartout,apparaître,à cette heure insolite,cette heure insolite,1872-10-02-19,cette heure insolite,1872-12-21-07-50,objet,apparaître,1872-10-02-19,1872-12-21-07-50,temps_different
904,4 || 133 || 281 || le locataire de saville-row || devait || suivant la notice,4,133,281,"Suivant la notice, le locataire de Saville - row ne devait rentrer qu' à minuit précis.",le locataire de Saville-row,devait,Suivant la notice,minuit précis,1872-10-03-00,à sept heures cinquante,1872-12-21-07-50,precedent_context,ouvrait,1872-10-03-00,1872-12-21-07-50,temps_different
905,4 || 133 || 281 || le locataire de saville-row || rentrer || qu'à minuit précis,4,133,281,"Suivant la notice, le locataire de Saville - row ne devait rentrer qu' à minuit précis.",le locataire de Saville-row,rentrer,qu'à minuit précis,minuit précis,1872-10-03-00,minuit précis,1872-12-21-00-00,objet,rentrer,1872-10-03-00,1872-12-21-00,temps_different
906,4 || 134 || 282 || phileas fogg || monté || à sa chambre,4,134,282,"Phileas Fogg était tout d' abord monté à sa chambre, puis il appela:",Phileas Fogg,monté,à sa chambre,minuit précis,1872-10-03-00,à sept heures cinquante,1872-12-21-07-50,precedent_context,ouvrait,1872-10-03-00,1872-12-21-07-50,temps_different
907,4 || 134 || 282 || il || appela || _,4,134,282,"Phileas Fogg était tout d' abord monté à sa chambre, puis il appela:",il,appela,,minuit précis,1872-10-03-00,à sept heures cinquante,1872-12-21-07-50,precedent_context,ouvrait,1872-10-03-00,1872-12-21-07-50,temps_different
908,4 || 136 || 284 || passepartout || répondit || _,4,136,284,Passepartout ne répondit pas.,Passepartout,répondit,,minuit précis,1872-10-03-00,à sept heures cinquante,1872-12-21-07-50,precedent_context,ouvrait,1872-10-03-00,1872-12-21-07-50,temps_different
909,4 || 136 || 285 || cet appel || pouvait || _,4,136,285,Cet appel ne pouvait s' adresser à lui.,Cet appel,pouvait,,minuit précis,1872-10-03-00,à sept heures cinquante,1872-12-21-07-50,precedent_context,ouvrait,1872-10-03-00,1872-12-21-07-50,temps_different
910,4 || 136 || 285 || cet appel || adresser || s',4,136,285,Cet appel ne pouvait s' adresser à lui.,Cet appel,adresser,s',minuit précis,1872-10-03-00,à sept heures cinquante,1872-12-21-07-50,precedent_context,ouvrait,1872-10-03-00,1872-12-21-07-50,temps_different
911,4 || 136 || 285 || cet appel || adresser || à lui,4,136,285,Cet appel ne pouvait s' adresser à lui.,Cet appel,adresser,à lui,minuit précis,1872-10-03-00,à sept heures cinquante,1872-12-21-07-50,precedent_context,ouvrait,1872-10-03-00,1872-12-21-07-50,temps_different
912,4 || 137 || 287 || mr. fogg || reprit || _,4,137,287,"«Passepartout», reprit Mr. Fogg sans élever la voix davantage.",Mr. Fogg,reprit,,minuit précis,1872-10-03-00,à sept heures cinquante,1872-12-21-07-50,precedent_context,ouvrait,1872-10-03-00,1872-12-21-07-50,temps_different
913,4 || 137 || 287 || mr. fogg || élever || la voix,4,137,287,"«Passepartout», reprit Mr. Fogg sans élever la voix davantage.",Mr. Fogg,élever,la voix,minuit précis,1872-10-03-00,à sept heures cinquante,1872-12-21-07-50,precedent_context,ouvrait,1872-10-03-00,1872-12-21-07-50,temps_different
914,4 || 138 || 288 || passepartout || montra || se,4,138,288,Passepartout se montra.,Passepartout,montra,se,minuit précis,1872-10-03-00,à sept heures cinquante,1872-12-21-07-50,precedent_context,ouvrait,1872-10-03-00,1872-12-21-07-50,temps_different
915,4 || 139 || 289 || je || appelle || vous,4,139,289,"«C' est la deuxième fois que je vous appelle, dit Mr. Fogg.",je,appelle,vous,minuit précis,1872-10-03-00,à sept heures cinquante,1872-12-21-07-50,precedent_context,ouvrait,1872-10-03-00,1872-12-21-07-50,temps_different
916,4 || 139 || 289 || mr. fogg || dit || _,4,139,289,"«C' est la deuxième fois que je vous appelle, dit Mr. Fogg.",Mr. Fogg,dit,,minuit précis,1872-10-03-00,à sept heures cinquante,1872-12-21-07-50,precedent_context,ouvrait,1872-10-03-00,1872-12-21-07-50,temps_different
917,4 || 140 || 290 || _ || est || _,4,140,290,"- Mais il n' est pas minuit, répondit Passepartout, sa montre à la main.",,est,,minuit précis,1872-10-03-00,minuit,1872-12-21-00-00,ud_scope_anchor,minuit,1872-10-03-00,1872-12-21-00,temps_different
918,4 || 140 || 290 || passepartout || répondit || sa montre à la main,4,140,290,"- Mais il n' est pas minuit, répondit Passepartout, sa montre à la main.",Passepartout,répondit,sa montre à la main,minuit précis,1872-10-03-00,minuit,1872-12-21-00-00,precedent_context,minuit,1872-10-03-00,1872-12-21-00,temps_different
919,4 || 141 || 291 || -je || sais || le,4,141,291,"-Je le sais, reprit Phileas Fogg, et je ne vous fais pas de reproche.",-Je,sais,le,minuit précis,1872-10-03-00,minuit,1872-12-21-00-00,precedent_context,minuit,1872-10-03-00,1872-12-21-00,temps_different
920,4 || 141 || 291 || phileas fogg || reprit || _,4,141,291,"-Je le sais, reprit Phileas Fogg, et je ne vous fais pas de reproche.",Phileas Fogg,reprit,,minuit précis,1872-10-03-00,minuit,1872-12-21-00-00,precedent_context,minuit,1872-10-03-00,1872-12-21-00,temps_different
921,4 || 141 || 291 || je || fais || vous,4,141,291,"-Je le sais, reprit Phileas Fogg, et je ne vous fais pas de reproche.",je,fais,vous,minuit précis,1872-10-03-00,minuit,1872-12-21-00-00,precedent_context,minuit,1872-10-03-00,1872-12-21-00,temps_different
922,4 || 141 || 291 || je || fais || de reproche,4,141,291,"-Je le sais, reprit Phileas Fogg, et je ne vous fais pas de reproche.",je,fais,de reproche,minuit précis,1872-10-03-00,minuit,1872-12-21-00-00,precedent_context,minuit,1872-10-03-00,1872-12-21-00,temps_different
923,4 || 141 || 292 || nous || partons || dans dix minutes,4,141,292,Nous partons dans dix minutes pour Douvres et Calais.»,Nous,partons,dans dix minutes,dans dix minutes,1872-10-02-20,dans dix minutes,1872-12-21-00-10,objet,partons,1872-10-02-20,1872-12-21-00-10,temps_different
924,4 || 141 || 292 || nous || partons || pour douvres et calais,4,141,292,Nous partons dans dix minutes pour Douvres et Calais.»,Nous,partons,pour Douvres et Calais,dans dix minutes,1872-10-02-20,dans dix minutes,1872-12-21-00-10,ud_direct,partons,1872-10-02-20,1872-12-21-00-10,temps_different
925,4 || 142 || 293 || une sorte de grimace || ébaucha || sur la ronde face du français,4,142,293,Une sorte de grimace s' ébaucha sur la ronde face du Français.,Une sorte de grimace,ébaucha,sur la ronde face du Français,dans dix minutes,1872-10-02-20,dans dix minutes,1872-12-21-00-10,precedent_context,partons,1872-10-02-20,1872-12-21-00-10,temps_different
926,4 || 142 || 294 || il || entendu || _,4,142,294,Il était évident qu' il avait mal entendu.,il,entendu,,dans dix minutes,1872-10-02-20,dans dix minutes,1872-12-21-00-10,precedent_context,partons,1872-10-02-20,1872-12-21-00-10,temps_different
927,4 || 143 || 295 || monsieur || déplace || se,4,143,295,«Monsieur se déplace? demanda -t -il.,Monsieur,déplace,se,dans dix minutes,1872-10-02-20,dans dix minutes,1872-12-21-00-10,precedent_context,partons,1872-10-02-20,1872-12-21-00-10,temps_different
928,4 || 143 || 295 || -t || demanda || _,4,143,295,«Monsieur se déplace? demanda -t -il.,-t,demanda,,dans dix minutes,1872-10-02-20,dans dix minutes,1872-12-21-00-10,precedent_context,partons,1872-10-02-20,1872-12-21-00-10,temps_different
929,4 || 144 || 296 || phileas fogg || répondit || _,4,144,296,"- Oui, répondit Phileas Fogg.",Phileas Fogg,répondit,,dans dix minutes,1872-10-02-20,dans dix minutes,1872-12-21-00-10,precedent_context,partons,1872-10-02-20,1872-12-21-00-10,temps_different
930,4 || 144 || 297 || nous || allons || _,4,144,297,Nous allons faire le tour du monde.»,Nous,allons,,dans dix minutes,1872-10-02-20,dans dix minutes,1872-12-21-00-10,precedent_context,partons,1872-10-02-20,1872-12-21-00-10,temps_different
931,4 || 144 || 297 || nous || faire || le tour du monde,4,144,297,Nous allons faire le tour du monde.»,Nous,faire,le tour du monde,dans dix minutes,1872-10-02-20,dans dix minutes,1872-12-21-00-10,precedent_context,partons,1872-10-02-20,1872-12-21-00-10,temps_different
932,4 || 145 || 298 || _ || surélevés || _,4,145,298,"Passepartout, l' œil démesurément ouvert, la paupière et le sourcil surélevés, les bras détendus, le corps affaissé, présentait alors tous les symptômes de l' étonnement poussé jusqu' à la stupeur.",,surélevés,,dans dix minutes,1872-10-02-20,dans dix minutes,1872-12-21-00-10,precedent_context,partons,1872-10-02-20,1872-12-21-00-10,temps_different
933,4 || 145 || 298 || _ || détendus || _,4,145,298,"Passepartout, l' œil démesurément ouvert, la paupière et le sourcil surélevés, les bras détendus, le corps affaissé, présentait alors tous les symptômes de l' étonnement poussé jusqu' à la stupeur.",,détendus,,dans dix minutes,1872-10-02-20,dans dix minutes,1872-12-21-00-10,precedent_context,partons,1872-10-02-20,1872-12-21-00-10,temps_different
934,4 || 145 || 298 || _ || affaissé || _,4,145,298,"Passepartout, l' œil démesurément ouvert, la paupière et le sourcil surélevés, les bras détendus, le corps affaissé, présentait alors tous les symptômes de l' étonnement poussé jusqu' à la stupeur.",,affaissé,,dans dix minutes,1872-10-02-20,dans dix minutes,1872-12-21-00-10,precedent_context,partons,1872-10-02-20,1872-12-21-00-10,temps_different
935,4 || 145 || 298 || passepartout l'œil démesurément ouvert la paupière et le sourcil les bras le corps || présentait || tous les symptômes de l'étonnement,4,145,298,"Passepartout, l' œil démesurément ouvert, la paupière et le sourcil surélevés, les bras détendus, le corps affaissé, présentait alors tous les symptômes de l' étonnement poussé jusqu' à la stupeur.",Passepartout l'œil démesurément ouvert la paupière et le sourcil les bras le corps,présentait,tous les symptômes de l'étonnement,dans dix minutes,1872-10-02-20,dans dix minutes,1872-12-21-00-10,precedent_context,partons,1872-10-02-20,1872-12-21-00-10,temps_different
936,4 || 145 || 298 || _ || poussé || jusqu'à la stupeur,4,145,298,"Passepartout, l' œil démesurément ouvert, la paupière et le sourcil surélevés, les bras détendus, le corps affaissé, présentait alors tous les symptômes de l' étonnement poussé jusqu' à la stupeur.",,poussé,jusqu'à la stupeur,dans dix minutes,1872-10-02-20,dans dix minutes,1872-12-21-00-10,precedent_context,partons,1872-10-02-20,1872-12-21-00-10,temps_different
937,4 || 146 || 299 || -t || murmura || _,4,146,299,«Le tour du monde! murmura -t -il.,-t,murmura,,dans dix minutes,1872-10-02-20,dans dix minutes,1872-12-21-00-10,precedent_context,partons,1872-10-02-20,1872-12-21-00-10,temps_different
938,4 || 147 || 300 || mr. fogg || répondit || en quatre-vingts jours,4,147,300,"- En quatre-vingts jours, répondit Mr. Fogg.",Mr. Fogg,répondit,En quatre-vingts jours,dans dix minutes,1872-10-02-20,en quatre-vingts jours,1873-03-11-00-10,objet,répondit,1872-10-02-20,1873-03-11-00-10,temps_different
939,4 || 147 || 301 || nous || avons || un instant,4,147,301,"Ainsi, nous n' avons pas un instant à perdre.",nous,avons,un instant,dans dix minutes,1872-10-02-20,dans dix minutes,1872-12-21-00-10,precedent_context,partons,1872-10-02-20,1872-12-21-00-10,temps_different
940,4 || 147 || 301 || nous || perdre || _,4,147,301,"Ainsi, nous n' avons pas un instant à perdre.",nous,perdre,,dans dix minutes,1872-10-02-20,dans dix minutes,1872-12-21-00-10,precedent_context,partons,1872-10-02-20,1872-12-21-00-10,temps_different
941,4 || 148 || 303 || passepartout || dit || _,4,148,303,"… dit Passepartout, qui balançait inconsciemment sa tête de droite et de gauche.",Passepartout,dit,,dans dix minutes,1872-10-02-20,dans dix minutes,1872-12-21-00-10,precedent_context,partons,1872-10-02-20,1872-12-21-00-10,temps_different
942,4 || 148 || 303 || qui || balançait || sa tête de droite et de gauche,4,148,303,"… dit Passepartout, qui balançait inconsciemment sa tête de droite et de gauche.",qui,balançait,sa tête de droite et de gauche,dans dix minutes,1872-10-02-20,dans dix minutes,1872-12-21-00-10,precedent_context,partons,1872-10-02-20,1872-12-21-00-10,temps_different
943,4 || 149 || 308 || nous || achèterons || en route,4,149,308,Nous achèterons en route.,Nous,achèterons,en route,dans dix minutes,1872-10-02-20,dans dix minutes,1872-12-21-00-10,precedent_context,partons,1872-10-02-20,1872-12-21-00-10,temps_different
944,4 || 149 || 309 || vous || descendrez || mon mackintosh et ma couverture de voyage,4,149,309,Vous descendrez mon mackintosh et ma couverture de voyage.,Vous,descendrez,mon mackintosh et ma couverture de voyage,dans dix minutes,1872-10-02-20,dans dix minutes,1872-12-21-00-10,precedent_context,partons,1872-10-02-20,1872-12-21-00-10,temps_different
945,4 || 149 || 310 || _ || ayez || de bonnes chaussures,4,149,310,Ayez de bonnes chaussures.,,Ayez,de bonnes chaussures,dans dix minutes,1872-10-02-20,dans dix minutes,1872-12-21-00-10,precedent_context,partons,1872-10-02-20,1872-12-21-00-10,temps_different
946,4 || 149 || 311 || nous || marcherons || d'ailleurs,4,149,311,"D' ailleurs, nous marcherons peu ou pas.",nous,marcherons,D'ailleurs,dans dix minutes,1872-10-02-20,dans dix minutes,1872-12-21-00-10,precedent_context,partons,1872-10-02-20,1872-12-21-00-10,temps_different
947,4 || 149 || 312 || _ || allez || _,4,149,312,Allez.»,,Allez,,dans dix minutes,1872-10-02-20,dans dix minutes,1872-12-21-00-10,precedent_context,partons,1872-10-02-20,1872-12-21-00-10,temps_different
948,4 || 150 || 313 || passepartout || voulu || _,4,150,313,Passepartout aurait voulu répondre.,Passepartout,voulu,,dans dix minutes,1872-10-02-20,dans dix minutes,1872-12-21-00-10,precedent_context,partons,1872-10-02-20,1872-12-21-00-10,temps_different
949,4 || 150 || 313 || passepartout || répondre || _,4,150,313,Passepartout aurait voulu répondre.,Passepartout,répondre,,dans dix minutes,1872-10-02-20,dans dix minutes,1872-12-21-00-10,precedent_context,partons,1872-10-02-20,1872-12-21-00-10,temps_different
950,4 || 150 || 314 || il || put || _,4,150,314,Il ne put.,Il,put,,dans dix minutes,1872-10-02-20,dans dix minutes,1872-12-21-00-10,precedent_context,partons,1872-10-02-20,1872-12-21-00-10,temps_different
951,4 || 150 || 315 || il || quitta || la chambre de mr. fogg,4,150,315,"Il quitta la chambre de Mr. Fogg, monta dans la sienne, tomba sur une chaise, et employant une phrase assez vulgaire de son pays:",Il,quitta,la chambre de Mr. Fogg,dans dix minutes,1872-10-02-20,dans dix minutes,1872-12-21-00-10,precedent_context,partons,1872-10-02-20,1872-12-21-00-10,temps_different
952,4 || 150 || 315 || il || monta || dans la sienne,4,150,315,"Il quitta la chambre de Mr. Fogg, monta dans la sienne, tomba sur une chaise, et employant une phrase assez vulgaire de son pays:",Il,monta,dans la sienne,dans dix minutes,1872-10-02-20,dans dix minutes,1872-12-21-00-10,precedent_context,partons,1872-10-02-20,1872-12-21-00-10,temps_different
953,4 || 150 || 315 || il || tomba || sur une chaise,4,150,315,"Il quitta la chambre de Mr. Fogg, monta dans la sienne, tomba sur une chaise, et employant une phrase assez vulgaire de son pays:",Il,tomba,sur une chaise,dans dix minutes,1872-10-02-20,dans dix minutes,1872-12-21-00-10,precedent_context,partons,1872-10-02-20,1872-12-21-00-10,temps_different
954,4 || 150 || 315 || il || employant || une phrase assez vulgaire de son pays,4,150,315,"Il quitta la chambre de Mr. Fogg, monta dans la sienne, tomba sur une chaise, et employant une phrase assez vulgaire de son pays:",Il,employant,une phrase assez vulgaire de son pays,dans dix minutes,1872-10-02-20,dans dix minutes,1872-12-21-00-10,precedent_context,partons,1872-10-02-20,1872-12-21-00-10,temps_different
955,4 || 151 || 316 || -il || dit || se,4,151,316,"«Ah! bien se dit -il, elle est forte, celle -là!",-il,dit,se,dans dix minutes,1872-10-02-20,dans dix minutes,1872-12-21-00-10,precedent_context,partons,1872-10-02-20,1872-12-21-00-10,temps_different
956,4 || 151 || 317 || qui || voulais || _,4,151,317,Moi qui voulais rester tranquille!,qui,voulais,,dans dix minutes,1872-10-02-20,dans dix minutes,1872-12-21-00-10,precedent_context,partons,1872-10-02-20,1872-12-21-00-10,temps_different
957,4 || 151 || 317 || qui || rester || _,4,151,317,Moi qui voulais rester tranquille!,qui,rester,,dans dix minutes,1872-10-02-20,dans dix minutes,1872-12-21-00-10,precedent_context,partons,1872-10-02-20,1872-12-21-00-10,temps_different
958,4 || 152 || 319 || il || fit || ses préparatifs de départ,4,152,319,"Et, machinalement, il fit ses préparatifs de départ.",il,fit,ses préparatifs de départ,dans dix minutes,1872-10-02-20,dans dix minutes,1872-12-21-00-10,precedent_context,partons,1872-10-02-20,1872-12-21-00-10,temps_different
959,4 || 152 || 321 || _ || avait || -il affaire,4,152,321,Avait -il affaire à un fou?,,Avait,-il affaire,dans dix minutes,1872-10-02-20,dans dix minutes,1872-12-21-00-10,precedent_context,partons,1872-10-02-20,1872-12-21-00-10,temps_different
960,4 || 152 || 321 || _ || avait || à un fou,4,152,321,Avait -il affaire à un fou?,,Avait,à un fou,dans dix minutes,1872-10-02-20,dans dix minutes,1872-12-21-00-10,precedent_context,partons,1872-10-02-20,1872-12-21-00-10,temps_different
961,4 || 152 || 323 || on || allait || à douvres,4,152,323,"On allait à Douvres, bien.",On,allait,à Douvres,dans dix minutes,1872-10-02-20,dans dix minutes,1872-12-21-00-10,precedent_context,partons,1872-10-02-20,1872-12-21-00-10,temps_different
962,4 || 152 || 324 || _ || soit || à calais,4,152,324,"À Calais, soit.",,soit,À Calais,dans dix minutes,1872-10-02-20,dans dix minutes,1872-12-21-00-10,precedent_context,partons,1872-10-02-20,1872-12-21-00-10,temps_different
963,4 || 152 || 325 || cela || pouvait || après tout,4,152,325,"Après tout, cela ne pouvait notablement contrarier le brave garçon, qui, depuis cinq ans, n' avait pas foulé le sol de la patrie.",cela,pouvait,Après tout,depuis cinq ans,1867-00-00-00,dans dix minutes,1872-12-21-00-10,precedent_context,partons,1867-00-00-00,1872-12-21-00-10,temps_different
964,4 || 152 || 325 || cela || contrarier || le brave garçon,4,152,325,"Après tout, cela ne pouvait notablement contrarier le brave garçon, qui, depuis cinq ans, n' avait pas foulé le sol de la patrie.",cela,contrarier,le brave garçon,depuis cinq ans,1867-00-00-00,dans dix minutes,1872-12-21-00-10,precedent_context,partons,1867-00-00-00,1872-12-21-00-10,temps_different
965,4 || 152 || 325 || qui || foulé || depuis cinq ans,4,152,325,"Après tout, cela ne pouvait notablement contrarier le brave garçon, qui, depuis cinq ans, n' avait pas foulé le sol de la patrie.",qui,foulé,depuis cinq ans,depuis cinq ans,1867-00-00-00,depuis cinq ans,1872-12-21-00-10,objet,foulé,1867-00-00-00,1872-12-21-00-10,temps_different
966,4 || 152 || 325 || qui || foulé || le sol de la patrie,4,152,325,"Après tout, cela ne pouvait notablement contrarier le brave garçon, qui, depuis cinq ans, n' avait pas foulé le sol de la patrie.",qui,foulé,le sol de la patrie,depuis cinq ans,1867-00-00-00,depuis cinq ans,1872-12-21-00-10,ud_direct,foulé,1867-00-00-00,1872-12-21-00-10,temps_different
967,4 || 152 || 326 || _ || irait || jusqu'à paris,4,152,326,"Peut - être même irait -on jusqu' à Paris, et, ma foi, il reverrait avec plaisir la grande capitale.",,irait,jusqu'à Paris,depuis cinq ans,1867-00-00-00,dans dix minutes,1872-12-21-00-10,precedent_context,partons,1867-00-00-00,1872-12-21-00-10,temps_different
968,4 || 152 || 326 || il || reverrait || ma foi,4,152,326,"Peut - être même irait -on jusqu' à Paris, et, ma foi, il reverrait avec plaisir la grande capitale.",il,reverrait,ma foi,depuis cinq ans,1867-00-00-00,dans dix minutes,1872-12-21-00-10,precedent_context,partons,1867-00-00-00,1872-12-21-00-10,temps_different
969,4 || 152 || 326 || il || reverrait || avec plaisir,4,152,326,"Peut - être même irait -on jusqu' à Paris, et, ma foi, il reverrait avec plaisir la grande capitale.",il,reverrait,avec plaisir,depuis cinq ans,1867-00-00-00,dans dix minutes,1872-12-21-00-10,precedent_context,partons,1867-00-00-00,1872-12-21-00-10,temps_different
970,4 || 152 || 326 || il || reverrait || la grande capitale,4,152,326,"Peut - être même irait -on jusqu' à Paris, et, ma foi, il reverrait avec plaisir la grande capitale.",il,reverrait,la grande capitale,depuis cinq ans,1867-00-00-00,dans dix minutes,1872-12-21-00-10,precedent_context,partons,1867-00-00-00,1872-12-21-00-10,temps_different
971,4 || 152 || 327 || _ || ménager || de ses pas,4,152,327,"Mais, certainement, un gentleman aussi ménager de ses pas s' arrêterait là… Oui, sans doute, mais il n' en était pas moins vrai qu' il partait, qu' il se déplaçait, ce gentleman, si casanier jusqu' alors!",,ménager,de ses pas,depuis cinq ans,1867-00-00-00,dans dix minutes,1872-12-21-00-10,precedent_context,partons,1867-00-00-00,1872-12-21-00-10,temps_different
972,4 || 152 || 327 || un gentleman aussi || arrêterait || s',4,152,327,"Mais, certainement, un gentleman aussi ménager de ses pas s' arrêterait là… Oui, sans doute, mais il n' en était pas moins vrai qu' il partait, qu' il se déplaçait, ce gentleman, si casanier jusqu' alors!",un gentleman aussi,arrêterait,s',depuis cinq ans,1867-00-00-00,dans dix minutes,1872-12-21-00-10,precedent_context,partons,1867-00-00-00,1872-12-21-00-10,temps_different
973,4 || 152 || 327 || un gentleman aussi || arrêterait || là,4,152,327,"Mais, certainement, un gentleman aussi ménager de ses pas s' arrêterait là… Oui, sans doute, mais il n' en était pas moins vrai qu' il partait, qu' il se déplaçait, ce gentleman, si casanier jusqu' alors!",un gentleman aussi,arrêterait,là,depuis cinq ans,1867-00-00-00,dans dix minutes,1872-12-21-00-10,precedent_context,partons,1867-00-00-00,1872-12-21-00-10,temps_different
974,4 || 152 || 327 || il || partait || ce gentleman si casanier jusqu'alors,4,152,327,"Mais, certainement, un gentleman aussi ménager de ses pas s' arrêterait là… Oui, sans doute, mais il n' en était pas moins vrai qu' il partait, qu' il se déplaçait, ce gentleman, si casanier jusqu' alors!",il,partait,ce gentleman si casanier jusqu'alors,depuis cinq ans,1867-00-00-00,dans dix minutes,1872-12-21-00-10,precedent_context,partons,1867-00-00-00,1872-12-21-00-10,temps_different
975,4 || 152 || 327 || il || déplaçait || se,4,152,327,"Mais, certainement, un gentleman aussi ménager de ses pas s' arrêterait là… Oui, sans doute, mais il n' en était pas moins vrai qu' il partait, qu' il se déplaçait, ce gentleman, si casanier jusqu' alors!",il,déplaçait,se,depuis cinq ans,1867-00-00-00,dans dix minutes,1872-12-21-00-10,precedent_context,partons,1867-00-00-00,1872-12-21-00-10,temps_different
976,4 || 153 || 328 || passepartout || préparé || à huit heures,4,153,328,"À huit heures, Passepartout avait préparé le modeste sac qui contenait sa garde-robe et celle de son maître; puis, l' esprit encore troublé, il quitta sa chambre, dont il ferma soigneusement la porte, et il rejoignit Mr. Fogg.",Passepartout,préparé,À huit heures,à huit heures,1872-10-02-20,à huit heures,1872-12-21-08-00,objet,préparé,1872-10-02-20,1872-12-21-08,temps_different
977,4 || 153 || 328 || passepartout || préparé || le modeste sac,4,153,328,"À huit heures, Passepartout avait préparé le modeste sac qui contenait sa garde-robe et celle de son maître; puis, l' esprit encore troublé, il quitta sa chambre, dont il ferma soigneusement la porte, et il rejoignit Mr. Fogg.",Passepartout,préparé,le modeste sac,à huit heures,1872-10-02-20,à huit heures,1872-12-21-08-00,ud_direct,préparé,1872-10-02-20,1872-12-21-08,temps_different
978,4 || 153 || 328 || qui || contenait || sa garde-robe et celle de son maître,4,153,328,"À huit heures, Passepartout avait préparé le modeste sac qui contenait sa garde-robe et celle de son maître; puis, l' esprit encore troublé, il quitta sa chambre, dont il ferma soigneusement la porte, et il rejoignit Mr. Fogg.",qui,contenait,sa garde-robe et celle de son maître,à huit heures,1872-10-02-20,à huit heures,1872-12-21-08-00,ud_scope_anchor,préparé,1872-10-02-20,1872-12-21-08,temps_different
979,4 || 153 || 328 || _ || troublé || _,4,153,328,"À huit heures, Passepartout avait préparé le modeste sac qui contenait sa garde-robe et celle de son maître; puis, l' esprit encore troublé, il quitta sa chambre, dont il ferma soigneusement la porte, et il rejoignit Mr. Fogg.",,troublé,,à huit heures,1872-10-02-20,à huit heures,1872-12-21-08-00,precedent_context,préparé,1872-10-02-20,1872-12-21-08,temps_different
980,4 || 153 || 328 || il || quitta || l'esprit,4,153,328,"À huit heures, Passepartout avait préparé le modeste sac qui contenait sa garde-robe et celle de son maître; puis, l' esprit encore troublé, il quitta sa chambre, dont il ferma soigneusement la porte, et il rejoignit Mr. Fogg.",il,quitta,l'esprit,à huit heures,1872-10-02-20,à huit heures,1872-12-21-08-00,precedent_context,préparé,1872-10-02-20,1872-12-21-08,temps_different
981,4 || 153 || 328 || il || quitta || sa chambre,4,153,328,"À huit heures, Passepartout avait préparé le modeste sac qui contenait sa garde-robe et celle de son maître; puis, l' esprit encore troublé, il quitta sa chambre, dont il ferma soigneusement la porte, et il rejoignit Mr. Fogg.",il,quitta,sa chambre,à huit heures,1872-10-02-20,à huit heures,1872-12-21-08-00,precedent_context,préparé,1872-10-02-20,1872-12-21-08,temps_different
982,4 || 153 || 328 || il || ferma || la porte,4,153,328,"À huit heures, Passepartout avait préparé le modeste sac qui contenait sa garde-robe et celle de son maître; puis, l' esprit encore troublé, il quitta sa chambre, dont il ferma soigneusement la porte, et il rejoignit Mr. Fogg.",il,ferma,la porte,à huit heures,1872-10-02-20,à huit heures,1872-12-21-08-00,precedent_context,préparé,1872-10-02-20,1872-12-21-08,temps_different
983,4 || 153 || 328 || il || rejoignit || mr. fogg,4,153,328,"À huit heures, Passepartout avait préparé le modeste sac qui contenait sa garde-robe et celle de son maître; puis, l' esprit encore troublé, il quitta sa chambre, dont il ferma soigneusement la porte, et il rejoignit Mr. Fogg.",il,rejoignit,Mr. Fogg,à huit heures,1872-10-02-20,à huit heures,1872-12-21-08-00,precedent_context,préparé,1872-10-02-20,1872-12-21-08,temps_different
984,4 || 154 || 330 || il || portait || sous son bras,4,154,330,"Il portait sous son bras le Bradshaw' s continental railway steam transit and general guide, qui devait lui fournir toutes les indications nécessaires à son voyage.",Il,portait,sous son bras,à huit heures,1872-10-02-20,à huit heures,1872-12-21-08-00,precedent_context,préparé,1872-10-02-20,1872-12-21-08,temps_different
985,4 || 154 || 330 || il || portait || le bradshaw's continental railway steam transit and general guide,4,154,330,"Il portait sous son bras le Bradshaw' s continental railway steam transit and general guide, qui devait lui fournir toutes les indications nécessaires à son voyage.",Il,portait,le Bradshaw's continental railway steam transit and general guide,à huit heures,1872-10-02-20,à huit heures,1872-12-21-08-00,precedent_context,préparé,1872-10-02-20,1872-12-21-08,temps_different
986,4 || 154 || 330 || qui || devait || _,4,154,330,"Il portait sous son bras le Bradshaw' s continental railway steam transit and general guide, qui devait lui fournir toutes les indications nécessaires à son voyage.",qui,devait,,à huit heures,1872-10-02-20,à huit heures,1872-12-21-08-00,precedent_context,préparé,1872-10-02-20,1872-12-21-08,temps_different
987,4 || 154 || 330 || qui || fournir || lui,4,154,330,"Il portait sous son bras le Bradshaw' s continental railway steam transit and general guide, qui devait lui fournir toutes les indications nécessaires à son voyage.",qui,fournir,lui,à huit heures,1872-10-02-20,à huit heures,1872-12-21-08-00,precedent_context,préparé,1872-10-02-20,1872-12-21-08,temps_different
988,4 || 154 || 330 || qui || fournir || toutes les indications nécessaires à son voyage,4,154,330,"Il portait sous son bras le Bradshaw' s continental railway steam transit and general guide, qui devait lui fournir toutes les indications nécessaires à son voyage.",qui,fournir,toutes les indications nécessaires à son voyage,à huit heures,1872-10-02-20,à huit heures,1872-12-21-08-00,precedent_context,préparé,1872-10-02-20,1872-12-21-08,temps_different
989,4 || 154 || 331 || il || prit || le sac des mains de passepartout,4,154,331,"Il prit le sac des mains de Passepartout, l' ouvrit et y glissa une forte liasse de ces belles bank - notes qui ont cours dans tous les pays.",Il,prit,le sac des mains de Passepartout,à huit heures,1872-10-02-20,à huit heures,1872-12-21-08-00,precedent_context,préparé,1872-10-02-20,1872-12-21-08,temps_different
990,4 || 154 || 331 || il || ouvrit || l',4,154,331,"Il prit le sac des mains de Passepartout, l' ouvrit et y glissa une forte liasse de ces belles bank - notes qui ont cours dans tous les pays.",Il,ouvrit,l',à huit heures,1872-10-02-20,à huit heures,1872-12-21-08-00,precedent_context,préparé,1872-10-02-20,1872-12-21-08,temps_different
991,4 || 154 || 331 || il || glissa || y,4,154,331,"Il prit le sac des mains de Passepartout, l' ouvrit et y glissa une forte liasse de ces belles bank - notes qui ont cours dans tous les pays.",Il,glissa,y,à huit heures,1872-10-02-20,à huit heures,1872-12-21-08-00,precedent_context,préparé,1872-10-02-20,1872-12-21-08,temps_different
992,4 || 154 || 331 || il || glissa || une forte liasse de ces belles bank-notes,4,154,331,"Il prit le sac des mains de Passepartout, l' ouvrit et y glissa une forte liasse de ces belles bank - notes qui ont cours dans tous les pays.",Il,glissa,une forte liasse de ces belles bank-notes,à huit heures,1872-10-02-20,à huit heures,1872-12-21-08-00,precedent_context,préparé,1872-10-02-20,1872-12-21-08,temps_different
993,4 || 154 || 331 || qui || ont || cours,4,154,331,"Il prit le sac des mains de Passepartout, l' ouvrit et y glissa une forte liasse de ces belles bank - notes qui ont cours dans tous les pays.",qui,ont,cours,à huit heures,1872-10-02-20,à huit heures,1872-12-21-08-00,precedent_context,préparé,1872-10-02-20,1872-12-21-08,temps_different
994,4 || 154 || 331 || qui || ont || dans tous les pays,4,154,331,"Il prit le sac des mains de Passepartout, l' ouvrit et y glissa une forte liasse de ces belles bank - notes qui ont cours dans tous les pays.",qui,ont,dans tous les pays,à huit heures,1872-10-02-20,à huit heures,1872-12-21-08-00,precedent_context,préparé,1872-10-02-20,1872-12-21-08,temps_different
995,4 || 155 || 332 || vous || oublié || _,4,155,332,«Vous n' avez rien oublié? demanda -t -il.,Vous,oublié,,à huit heures,1872-10-02-20,à huit heures,1872-12-21-08-00,precedent_context,préparé,1872-10-02-20,1872-12-21-08,temps_different
996,4 || 155 || 332 || -t || demanda || _,4,155,332,«Vous n' avez rien oublié? demanda -t -il.,-t,demanda,,à huit heures,1872-10-02-20,à huit heures,1872-12-21-08-00,precedent_context,préparé,1872-10-02-20,1872-12-21-08,temps_different
997,4 || 158 || 335 || _ || voici || les,4,158,335,- Les voici.,,voici,Les,à huit heures,1872-10-02-20,à huit heures,1872-12-21-08-00,precedent_context,préparé,1872-10-02-20,1872-12-21-08,temps_different
998,4 || 159 || 336 || _ || prenez || ce sac,4,159,336,"- Bien, prenez ce sac.»",,prenez,ce sac,à huit heures,1872-10-02-20,à huit heures,1872-12-21-08-00,precedent_context,préparé,1872-10-02-20,1872-12-21-08,temps_different
999,4 || 160 || 337 || mr. fogg || remit || le sac,4,160,337,Mr. Fogg remit le sac à Passepartout.,Mr. Fogg,remit,le sac,à huit heures,1872-10-02-20,à huit heures,1872-12-21-08-00,precedent_context,préparé,1872-10-02-20,1872-12-21-08,temps_different
1000,4 || 160 || 337 || mr. fogg || remit || à passepartout,4,160,337,Mr. Fogg remit le sac à Passepartout.,Mr. Fogg,remit,à Passepartout,à huit heures,1872-10-02-20,à huit heures,1872-12-21-08-00,precedent_context,préparé,1872-10-02-20,1872-12-21-08,temps_different
1001,4 || 161 || 338 || _ || ayez || _,4,161,338,"«Et ayez -en soin, ajouta -t -il.",,ayez,,à huit heures,1872-10-02-20,à huit heures,1872-12-21-08-00,precedent_context,préparé,1872-10-02-20,1872-12-21-08,temps_different
1002,4 || 161 || 338 || -t || ajouta || _,4,161,338,"«Et ayez -en soin, ajouta -t -il.",-t,ajouta,,à huit heures,1872-10-02-20,à huit heures,1872-12-21-08-00,precedent_context,préparé,1872-10-02-20,1872-12-21-08,temps_different
1003,4 || 161 || 339 || _ || a || y,4,161,339,Il y a vingt mille livres dedans( 500 000 F).»,,a,y,à huit heures,1872-10-02-20,à huit heures,1872-12-21-08-00,precedent_context,préparé,1872-10-02-20,1872-12-21-08,temps_different
1004,4 || 161 || 339 || _ || a || vingt mille livres dedans,4,161,339,Il y a vingt mille livres dedans( 500 000 F).»,,a,vingt mille livres dedans,à huit heures,1872-10-02-20,à huit heures,1872-12-21-08-00,precedent_context,préparé,1872-10-02-20,1872-12-21-08,temps_different
1005,4 || 161 || 339 || _ || a || 500 000 f,4,161,339,Il y a vingt mille livres dedans( 500 000 F).»,,a,500 000 F,à huit heures,1872-10-02-20,à huit heures,1872-12-21-08-00,precedent_context,préparé,1872-10-02-20,1872-12-21-08,temps_different
1006,4 || 162 || 340 || le sac || faillit || _,4,162,340,"Le sac faillit s' échapper des mains de Passepartout, comme si les vingt mille livres eussent été en or et pesé considérablement.",Le sac,faillit,,à huit heures,1872-10-02-20,à huit heures,1872-12-21-08-00,precedent_context,préparé,1872-10-02-20,1872-12-21-08,temps_different
1007,4 || 162 || 340 || le sac || échapper || s',4,162,340,"Le sac faillit s' échapper des mains de Passepartout, comme si les vingt mille livres eussent été en or et pesé considérablement.",Le sac,échapper,s',à huit heures,1872-10-02-20,à huit heures,1872-12-21-08-00,precedent_context,préparé,1872-10-02-20,1872-12-21-08,temps_different
1008,4 || 162 || 340 || le sac || échapper || des mains de passepartout,4,162,340,"Le sac faillit s' échapper des mains de Passepartout, comme si les vingt mille livres eussent été en or et pesé considérablement.",Le sac,échapper,des mains de Passepartout,à huit heures,1872-10-02-20,à huit heures,1872-12-21-08-00,precedent_context,préparé,1872-10-02-20,1872-12-21-08,temps_different
1009,4 || 162 || 340 || les vingt mille livres || pesé || _,4,162,340,"Le sac faillit s' échapper des mains de Passepartout, comme si les vingt mille livres eussent été en or et pesé considérablement.",les vingt mille livres,pesé,,à huit heures,1872-10-02-20,à huit heures,1872-12-21-08-00,precedent_context,préparé,1872-10-02-20,1872-12-21-08,temps_different
1010,4 || 163 || 341 || le maître et le domestique || descendirent || _,4,163,341,"Le maître et le domestique descendirent alors, et la porte de la rue fut fermée à double tour.",Le maître et le domestique,descendirent,,à huit heures,1872-10-02-20,à huit heures,1872-12-21-08-00,precedent_context,préparé,1872-10-02-20,1872-12-21-08,temps_different
1011,4 || 163 || 341 || la porte de la rue || fermée || à double tour,4,163,341,"Le maître et le domestique descendirent alors, et la porte de la rue fut fermée à double tour.",la porte de la rue,fermée,à double tour,à huit heures,1872-10-02-20,à huit heures,1872-12-21-08-00,precedent_context,préparé,1872-10-02-20,1872-12-21-08,temps_different
1012,4 || 164 || 342 || une station de voitures || trouvait || se,4,164,342,Une station de voitures se trouvait à l' extrémité de Saville - row.,Une station de voitures,trouvait,se,à huit heures,1872-10-02-20,à huit heures,1872-12-21-08-00,precedent_context,préparé,1872-10-02-20,1872-12-21-08,temps_different
1013,4 || 164 || 342 || une station de voitures || trouvait || à l'extrémité de saville-row,4,164,342,Une station de voitures se trouvait à l' extrémité de Saville - row.,Une station de voitures,trouvait,à l'extrémité de Saville-row,à huit heures,1872-10-02-20,à huit heures,1872-12-21-08-00,precedent_context,préparé,1872-10-02-20,1872-12-21-08,temps_different
1014,4 || 164 || 343 || phileas fogg et son domestique || montèrent || dans un cab,4,164,343,"Phileas Fogg et son domestique montèrent dans un cab, qui se dirigea rapidement vers la gare de Charing - Cross, à laquelle aboutit un des embranchements du South - Eastern - railway.",Phileas Fogg et son domestique,montèrent,dans un cab,à huit heures,1872-10-02-20,à huit heures,1872-12-21-08-00,precedent_context,préparé,1872-10-02-20,1872-12-21-08,temps_different
1015,4 || 164 || 343 || qui || dirigea || se,4,164,343,"Phileas Fogg et son domestique montèrent dans un cab, qui se dirigea rapidement vers la gare de Charing - Cross, à laquelle aboutit un des embranchements du South - Eastern - railway.",qui,dirigea,se,à huit heures,1872-10-02-20,à huit heures,1872-12-21-08-00,precedent_context,préparé,1872-10-02-20,1872-12-21-08,temps_different
1016,4 || 164 || 343 || qui || dirigea || vers la gare de charing-cross,4,164,343,"Phileas Fogg et son domestique montèrent dans un cab, qui se dirigea rapidement vers la gare de Charing - Cross, à laquelle aboutit un des embranchements du South - Eastern - railway.",qui,dirigea,vers la gare de Charing-Cross,à huit heures,1872-10-02-20,à huit heures,1872-12-21-08-00,precedent_context,préparé,1872-10-02-20,1872-12-21-08,temps_different
1017,4 || 164 || 343 || un des embranchements du south-eastern-railway || aboutit || _,4,164,343,"Phileas Fogg et son domestique montèrent dans un cab, qui se dirigea rapidement vers la gare de Charing - Cross, à laquelle aboutit un des embranchements du South - Eastern - railway.",un des embranchements du South-Eastern-railway,aboutit,,à huit heures,1872-10-02-20,à huit heures,1872-12-21-08-00,precedent_context,préparé,1872-10-02-20,1872-12-21-08,temps_different
1018,4 || 165 || 344 || le cab || arrêta || à huit heures vingt,4,165,344,"À huit heures vingt, le cab s' arrêta devant la grille de la gare.",le cab,arrêta,À huit heures vingt,à huit heures vingt,1872-10-02-20,à huit heures vingt,1872-12-21-08-20,objet,arrêta,1872-10-02-20,1872-12-21-08-20,temps_different
1019,4 || 165 || 344 || le cab || arrêta || s',4,165,344,"À huit heures vingt, le cab s' arrêta devant la grille de la gare.",le cab,arrêta,s',à huit heures vingt,1872-10-02-20,à huit heures vingt,1872-12-21-08-20,ud_direct,arrêta,1872-10-02-20,1872-12-21-08-20,temps_different
1020,4 || 165 || 344 || le cab || arrêta || devant la grille de la gare,4,165,344,"À huit heures vingt, le cab s' arrêta devant la grille de la gare.",le cab,arrêta,devant la grille de la gare,à huit heures vingt,1872-10-02-20,à huit heures vingt,1872-12-21-08-20,ud_direct,arrêta,1872-10-02-20,1872-12-21-08-20,temps_different
1021,4 || 165 || 345 || passepartout || sauta || à terre,4,165,345,Passepartout sauta à terre.,Passepartout,sauta,à terre,à huit heures vingt,1872-10-02-20,à huit heures vingt,1872-12-21-08-20,precedent_context,arrêta,1872-10-02-20,1872-12-21-08-20,temps_different
1022,4 || 165 || 346 || son maître || suivit || le,4,165,346,Son maître le suivit et paya le cocher.,Son maître,suivit,le,à huit heures vingt,1872-10-02-20,à huit heures vingt,1872-12-21-08-20,precedent_context,arrêta,1872-10-02-20,1872-12-21-08-20,temps_different
1023,4 || 165 || 346 || son maître || paya || le cocher,4,165,346,Son maître le suivit et paya le cocher.,Son maître,paya,le cocher,à huit heures vingt,1872-10-02-20,à huit heures vingt,1872-12-21-08-20,precedent_context,arrêta,1872-10-02-20,1872-12-21-08-20,temps_different
1024,4 || 166 || 347 || _ || tenant || un enfant,4,166,347,"En ce moment, une pauvre mendiante, tenant un enfant à la main, pieds nus dans la boue, coiffée d' un chapeau dépenaillé auquel pendait une plume lamentable, un châle en loques sur ses haillons, s' approcha de Mr. Fogg et lui demanda l' aumône.",,tenant,un enfant,en ce moment,1872-10-02-20,à huit heures vingt,1872-12-21-08-20,precedent_context,arrêta,1872-10-02-20,1872-12-21-08-20,temps_different
1025,4 || 166 || 347 || _ || tenant || à la main,4,166,347,"En ce moment, une pauvre mendiante, tenant un enfant à la main, pieds nus dans la boue, coiffée d' un chapeau dépenaillé auquel pendait une plume lamentable, un châle en loques sur ses haillons, s' approcha de Mr. Fogg et lui demanda l' aumône.",,tenant,à la main,en ce moment,1872-10-02-20,à huit heures vingt,1872-12-21-08-20,precedent_context,arrêta,1872-10-02-20,1872-12-21-08-20,temps_different
1026,4 || 166 || 347 || _ || tenant || pieds nus,4,166,347,"En ce moment, une pauvre mendiante, tenant un enfant à la main, pieds nus dans la boue, coiffée d' un chapeau dépenaillé auquel pendait une plume lamentable, un châle en loques sur ses haillons, s' approcha de Mr. Fogg et lui demanda l' aumône.",,tenant,pieds nus,en ce moment,1872-10-02-20,à huit heures vingt,1872-12-21-08-20,precedent_context,arrêta,1872-10-02-20,1872-12-21-08-20,temps_different
1027,4 || 166 || 347 || _ || tenant || dans la boue,4,166,347,"En ce moment, une pauvre mendiante, tenant un enfant à la main, pieds nus dans la boue, coiffée d' un chapeau dépenaillé auquel pendait une plume lamentable, un châle en loques sur ses haillons, s' approcha de Mr. Fogg et lui demanda l' aumône.",,tenant,dans la boue,en ce moment,1872-10-02-20,à huit heures vingt,1872-12-21-08-20,precedent_context,arrêta,1872-10-02-20,1872-12-21-08-20,temps_different
1028,4 || 166 || 347 || _ || coiffée || d'un chapeau,4,166,347,"En ce moment, une pauvre mendiante, tenant un enfant à la main, pieds nus dans la boue, coiffée d' un chapeau dépenaillé auquel pendait une plume lamentable, un châle en loques sur ses haillons, s' approcha de Mr. Fogg et lui demanda l' aumône.",,coiffée,d'un chapeau,en ce moment,1872-10-02-20,à huit heures vingt,1872-12-21-08-20,precedent_context,arrêta,1872-10-02-20,1872-12-21-08-20,temps_different
1029,4 || 166 || 347 || _ || dépenaillé || _,4,166,347,"En ce moment, une pauvre mendiante, tenant un enfant à la main, pieds nus dans la boue, coiffée d' un chapeau dépenaillé auquel pendait une plume lamentable, un châle en loques sur ses haillons, s' approcha de Mr. Fogg et lui demanda l' aumône.",,dépenaillé,,en ce moment,1872-10-02-20,à huit heures vingt,1872-12-21-08-20,precedent_context,arrêta,1872-10-02-20,1872-12-21-08-20,temps_different
1030,4 || 166 || 347 || une plume lamentable || pendait || _,4,166,347,"En ce moment, une pauvre mendiante, tenant un enfant à la main, pieds nus dans la boue, coiffée d' un chapeau dépenaillé auquel pendait une plume lamentable, un châle en loques sur ses haillons, s' approcha de Mr. Fogg et lui demanda l' aumône.",une plume lamentable,pendait,,en ce moment,1872-10-02-20,à huit heures vingt,1872-12-21-08-20,precedent_context,arrêta,1872-10-02-20,1872-12-21-08-20,temps_different
1031,4 || 166 || 347 || en ce moment une pauvre mendiante un châle en loques sur ses haillons || approcha || s',4,166,347,"En ce moment, une pauvre mendiante, tenant un enfant à la main, pieds nus dans la boue, coiffée d' un chapeau dépenaillé auquel pendait une plume lamentable, un châle en loques sur ses haillons, s' approcha de Mr. Fogg et lui demanda l' aumône.",En ce moment une pauvre mendiante un châle en loques sur ses haillons,approcha,s',en ce moment,1872-10-02-20,en ce moment,1872-12-21-08-20,sujet,mendiante,1872-10-02-20,1872-12-21-08-20,temps_different
1032,4 || 166 || 347 || en ce moment une pauvre mendiante un châle en loques sur ses haillons || approcha || de mr. fogg,4,166,347,"En ce moment, une pauvre mendiante, tenant un enfant à la main, pieds nus dans la boue, coiffée d' un chapeau dépenaillé auquel pendait une plume lamentable, un châle en loques sur ses haillons, s' approcha de Mr. Fogg et lui demanda l' aumône.",En ce moment une pauvre mendiante un châle en loques sur ses haillons,approcha,de Mr. Fogg,en ce moment,1872-10-02-20,en ce moment,1872-12-21-08-20,sujet,mendiante,1872-10-02-20,1872-12-21-08-20,temps_different
1033,4 || 166 || 347 || en ce moment une pauvre mendiante un châle en loques sur ses haillons || demanda || lui,4,166,347,"En ce moment, une pauvre mendiante, tenant un enfant à la main, pieds nus dans la boue, coiffée d' un chapeau dépenaillé auquel pendait une plume lamentable, un châle en loques sur ses haillons, s' approcha de Mr. Fogg et lui demanda l' aumône.",En ce moment une pauvre mendiante un châle en loques sur ses haillons,demanda,lui,en ce moment,1872-10-02-20,en ce moment,1872-12-21-08-20,sujet,mendiante,1872-10-02-20,1872-12-21-08-20,temps_different
1034,4 || 166 || 347 || en ce moment une pauvre mendiante un châle en loques sur ses haillons || demanda || l'aumône,4,166,347,"En ce moment, une pauvre mendiante, tenant un enfant à la main, pieds nus dans la boue, coiffée d' un chapeau dépenaillé auquel pendait une plume lamentable, un châle en loques sur ses haillons, s' approcha de Mr. Fogg et lui demanda l' aumône.",En ce moment une pauvre mendiante un châle en loques sur ses haillons,demanda,l'aumône,en ce moment,1872-10-02-20,en ce moment,1872-12-21-08-20,sujet,mendiante,1872-10-02-20,1872-12-21-08-20,temps_different
1035,4 || 167 || 348 || mr. fogg || tira || de sa poche,4,167,348,"Mr. Fogg tira de sa poche les vingt guinées qu' il venait de gagner au whist, et, les présentant à la mendiante:",Mr. Fogg,tira,de sa poche,en ce moment,1872-10-02-20,à huit heures vingt,1872-12-21-08-20,precedent_context,arrêta,1872-10-02-20,1872-12-21-08-20,temps_different
1036,4 || 167 || 348 || mr. fogg || tira || les vingt guinées,4,167,348,"Mr. Fogg tira de sa poche les vingt guinées qu' il venait de gagner au whist, et, les présentant à la mendiante:",Mr. Fogg,tira,les vingt guinées,en ce moment,1872-10-02-20,à huit heures vingt,1872-12-21-08-20,precedent_context,arrêta,1872-10-02-20,1872-12-21-08-20,temps_different
1037,4 || 167 || 348 || il || venait || _,4,167,348,"Mr. Fogg tira de sa poche les vingt guinées qu' il venait de gagner au whist, et, les présentant à la mendiante:",il,venait,,en ce moment,1872-10-02-20,à huit heures vingt,1872-12-21-08-20,precedent_context,arrêta,1872-10-02-20,1872-12-21-08-20,temps_different
1038,4 || 167 || 348 || il || gagner || au whist,4,167,348,"Mr. Fogg tira de sa poche les vingt guinées qu' il venait de gagner au whist, et, les présentant à la mendiante:",il,gagner,au whist,en ce moment,1872-10-02-20,à huit heures vingt,1872-12-21-08-20,precedent_context,arrêta,1872-10-02-20,1872-12-21-08-20,temps_different
1039,4 || 167 || 348 || mr. fogg || présentant || les,4,167,348,"Mr. Fogg tira de sa poche les vingt guinées qu' il venait de gagner au whist, et, les présentant à la mendiante:",Mr. Fogg,présentant,les,en ce moment,1872-10-02-20,à huit heures vingt,1872-12-21-08-20,precedent_context,arrêta,1872-10-02-20,1872-12-21-08-20,temps_different
1040,4 || 167 || 348 || mr. fogg || présentant || à la mendiante,4,167,348,"Mr. Fogg tira de sa poche les vingt guinées qu' il venait de gagner au whist, et, les présentant à la mendiante:",Mr. Fogg,présentant,à la mendiante,en ce moment,1872-10-02-20,à huit heures vingt,1872-12-21-08-20,precedent_context,arrêta,1872-10-02-20,1872-12-21-08-20,temps_different
1041,4 || 168 || 349 || _ || tenez || _,4,168,349,"«Tenez, ma brave femme, dit -il, je suis content de vous avoir rencontrée!»",,Tenez,,en ce moment,1872-10-02-20,à huit heures vingt,1872-12-21-08-20,precedent_context,arrêta,1872-10-02-20,1872-12-21-08-20,temps_different
1042,4 || 168 || 349 || -il || dit || _,4,168,349,"«Tenez, ma brave femme, dit -il, je suis content de vous avoir rencontrée!»",-il,dit,,en ce moment,1872-10-02-20,à huit heures vingt,1872-12-21-08-20,precedent_context,arrêta,1872-10-02-20,1872-12-21-08-20,temps_different
1043,4 || 168 || 349 || je || rencontrée || vous,4,168,349,"«Tenez, ma brave femme, dit -il, je suis content de vous avoir rencontrée!»",je,rencontrée,vous,en ce moment,1872-10-02-20,à huit heures vingt,1872-12-21-08-20,precedent_context,arrêta,1872-10-02-20,1872-12-21-08-20,temps_different
1044,4 || 169 || 350 || il || passa || _,4,169,350,Puis il passa.,il,passa,,en ce moment,1872-10-02-20,à huit heures vingt,1872-12-21-08-20,precedent_context,arrêta,1872-10-02-20,1872-12-21-08-20,temps_different
1045,4 || 170 || 351 || passepartout || eut || comme une sensation d'humidité,4,170,351,Passepartout eut comme une sensation d' humidité autour de la prunelle.,Passepartout,eut,comme une sensation d'humidité,en ce moment,1872-10-02-20,à huit heures vingt,1872-12-21-08-20,precedent_context,arrêta,1872-10-02-20,1872-12-21-08-20,temps_different
1046,4 || 170 || 352 || son maître || fait || un pas,4,170,352,Son maître avait fait un pas dans son cœur.,Son maître,fait,un pas,en ce moment,1872-10-02-20,à huit heures vingt,1872-12-21-08-20,precedent_context,arrêta,1872-10-02-20,1872-12-21-08-20,temps_different
1047,4 || 170 || 352 || son maître || fait || dans son cœur,4,170,352,Son maître avait fait un pas dans son cœur.,Son maître,fait,dans son cœur,en ce moment,1872-10-02-20,à huit heures vingt,1872-12-21-08-20,precedent_context,arrêta,1872-10-02-20,1872-12-21-08-20,temps_different
1048,4 || 171 || 353 || mr. fogg || entrèrent || lui,4,171,353,Mr. Fogg et lui entrèrent aussitôt dans la grande salle de la gare.,Mr. Fogg,entrèrent,lui,en ce moment,1872-10-02-20,à huit heures vingt,1872-12-21-08-20,precedent_context,arrêta,1872-10-02-20,1872-12-21-08-20,temps_different
1049,4 || 171 || 353 || mr. fogg || entrèrent || dans la grande salle de la gare,4,171,353,Mr. Fogg et lui entrèrent aussitôt dans la grande salle de la gare.,Mr. Fogg,entrèrent,dans la grande salle de la gare,en ce moment,1872-10-02-20,à huit heures vingt,1872-12-21-08-20,precedent_context,arrêta,1872-10-02-20,1872-12-21-08-20,temps_different
1050,4 || 171 || 354 || phileas fogg || donna || à passepartout,4,171,354,"Là, Phileas Fogg donna à Passepartout l' ordre de prendre deux billets de première classe pour Paris.",Phileas Fogg,donna,à Passepartout,en ce moment,1872-10-02-20,à huit heures vingt,1872-12-21-08-20,precedent_context,arrêta,1872-10-02-20,1872-12-21-08-20,temps_different
1051,4 || 171 || 354 || phileas fogg || donna || l'ordre,4,171,354,"Là, Phileas Fogg donna à Passepartout l' ordre de prendre deux billets de première classe pour Paris.",Phileas Fogg,donna,l'ordre,en ce moment,1872-10-02-20,à huit heures vingt,1872-12-21-08-20,precedent_context,arrêta,1872-10-02-20,1872-12-21-08-20,temps_different
1052,4 || 171 || 354 || _ || prendre || deux billets de première classe pour paris,4,171,354,"Là, Phileas Fogg donna à Passepartout l' ordre de prendre deux billets de première classe pour Paris.",,prendre,deux billets de première classe pour Paris,en ce moment,1872-10-02-20,à huit heures vingt,1872-12-21-08-20,precedent_context,arrêta,1872-10-02-20,1872-12-21-08-20,temps_different
1053,4 || 171 || 355 || il || retournant || se,4,171,355,"Puis, se retournant, il aperçut ses cinq collègues du Reform - Club.",il,retournant,se,en ce moment,1872-10-02-20,à huit heures vingt,1872-12-21-08-20,precedent_context,arrêta,1872-10-02-20,1872-12-21-08-20,temps_different
1054,4 || 171 || 355 || il || aperçut || ses cinq collègues du reform-club,4,171,355,"Puis, se retournant, il aperçut ses cinq collègues du Reform - Club.",il,aperçut,ses cinq collègues du Reform-Club,en ce moment,1872-10-02-20,à huit heures vingt,1872-12-21-08-20,precedent_context,arrêta,1872-10-02-20,1872-12-21-08-20,temps_different
1055,4 || 172 || 356 || je || pars || messieurs,4,172,356,"«Messieurs, je pars, dit -il, et les divers visas apposés sur un passeport que j' emporte à cet effet vous permettront, au retour, de contrôler mon itinéraire.",je,pars,Messieurs,en ce moment,1872-10-02-20,à huit heures vingt,1872-12-21-08-20,precedent_context,arrêta,1872-10-02-20,1872-12-21-08-20,temps_different
1056,4 || 172 || 356 || -il || dit || au retour,4,172,356,"«Messieurs, je pars, dit -il, et les divers visas apposés sur un passeport que j' emporte à cet effet vous permettront, au retour, de contrôler mon itinéraire.",-il,dit,au retour,en ce moment,1872-10-02-20,à huit heures vingt,1872-12-21-08-20,precedent_context,arrêta,1872-10-02-20,1872-12-21-08-20,temps_different
1057,4 || 172 || 356 || _ || apposés || sur un passeport,4,172,356,"«Messieurs, je pars, dit -il, et les divers visas apposés sur un passeport que j' emporte à cet effet vous permettront, au retour, de contrôler mon itinéraire.",,apposés,sur un passeport,en ce moment,1872-10-02-20,à huit heures vingt,1872-12-21-08-20,precedent_context,arrêta,1872-10-02-20,1872-12-21-08-20,temps_different
1058,4 || 172 || 356 || j' || emporte || que,4,172,356,"«Messieurs, je pars, dit -il, et les divers visas apposés sur un passeport que j' emporte à cet effet vous permettront, au retour, de contrôler mon itinéraire.",j',emporte,que,en ce moment,1872-10-02-20,à huit heures vingt,1872-12-21-08-20,precedent_context,arrêta,1872-10-02-20,1872-12-21-08-20,temps_different
1059,4 || 172 || 356 || j' || emporte || à cet effet,4,172,356,"«Messieurs, je pars, dit -il, et les divers visas apposés sur un passeport que j' emporte à cet effet vous permettront, au retour, de contrôler mon itinéraire.",j',emporte,à cet effet,en ce moment,1872-10-02-20,à huit heures vingt,1872-12-21-08-20,precedent_context,arrêta,1872-10-02-20,1872-12-21-08-20,temps_different
1060,4 || 172 || 356 || les divers visas || permettront || vous,4,172,356,"«Messieurs, je pars, dit -il, et les divers visas apposés sur un passeport que j' emporte à cet effet vous permettront, au retour, de contrôler mon itinéraire.",les divers visas,permettront,vous,en ce moment,1872-10-02-20,à huit heures vingt,1872-12-21-08-20,precedent_context,arrêta,1872-10-02-20,1872-12-21-08-20,temps_different
1061,4 || 172 || 356 || -il || contrôler || mon itinéraire,4,172,356,"«Messieurs, je pars, dit -il, et les divers visas apposés sur un passeport que j' emporte à cet effet vous permettront, au retour, de contrôler mon itinéraire.",-il,contrôler,mon itinéraire,en ce moment,1872-10-02-20,à huit heures vingt,1872-12-21-08-20,precedent_context,arrêta,1872-10-02-20,1872-12-21-08-20,temps_different
1062,4 || 173 || 357 || gauthier ralph || répondit || _,4,173,357,"- Oh! monsieur Fogg, répondit poliment Gauthier Ralph, c' est inutile.",Gauthier Ralph,répondit,,en ce moment,1872-10-02-20,à huit heures vingt,1872-12-21-08-20,precedent_context,arrêta,1872-10-02-20,1872-12-21-08-20,temps_different
1063,4 || 173 || 358 || nous || rapporterons || nous,4,173,358,Nous nous en rapporterons à votre honneur de gentleman!,Nous,rapporterons,nous,en ce moment,1872-10-02-20,à huit heures vingt,1872-12-21-08-20,precedent_context,arrêta,1872-10-02-20,1872-12-21-08-20,temps_different
1064,4 || 173 || 358 || nous || rapporterons || en,4,173,358,Nous nous en rapporterons à votre honneur de gentleman!,Nous,rapporterons,en,en ce moment,1872-10-02-20,à huit heures vingt,1872-12-21-08-20,precedent_context,arrêta,1872-10-02-20,1872-12-21-08-20,temps_different
1065,4 || 173 || 358 || nous || rapporterons || à votre honneur de gentleman,4,173,358,Nous nous en rapporterons à votre honneur de gentleman!,Nous,rapporterons,à votre honneur de gentleman,en ce moment,1872-10-02-20,à huit heures vingt,1872-12-21-08-20,precedent_context,arrêta,1872-10-02-20,1872-12-21-08-20,temps_different
1066,4 || 174 || 359 || cela || vaut || mieux,4,174,359,"- Cela vaut mieux ainsi, dit Mr. Fogg.",Cela,vaut,mieux,en ce moment,1872-10-02-20,à huit heures vingt,1872-12-21-08-20,precedent_context,arrêta,1872-10-02-20,1872-12-21-08-20,temps_different
1067,4 || 174 || 359 || mr. fogg || dit || _,4,174,359,"- Cela vaut mieux ainsi, dit Mr. Fogg.",Mr. Fogg,dit,,en ce moment,1872-10-02-20,à huit heures vingt,1872-12-21-08-20,precedent_context,arrêta,1872-10-02-20,1872-12-21-08-20,temps_different
1068,4 || 175 || 360 || -vous || oubliez || _,4,175,360,-Vous n' oubliez pas que vous devez être revenu?,-Vous,oubliez,,en ce moment,1872-10-02-20,à huit heures vingt,1872-12-21-08-20,precedent_context,arrêta,1872-10-02-20,1872-12-21-08-20,temps_different
1069,4 || 175 || 360 || vous || devez || _,4,175,360,-Vous n' oubliez pas que vous devez être revenu?,vous,devez,,en ce moment,1872-10-02-20,à huit heures vingt,1872-12-21-08-20,precedent_context,arrêta,1872-10-02-20,1872-12-21-08-20,temps_different
1070,4 || 175 || 360 || vous || revenu || _,4,175,360,-Vous n' oubliez pas que vous devez être revenu?,vous,revenu,,en ce moment,1872-10-02-20,à huit heures vingt,1872-12-21-08-20,precedent_context,arrêta,1872-10-02-20,1872-12-21-08-20,temps_different
1071,4 || 175 || 361 || _ || observer || andrew stuart,4,175,361,… fit observer Andrew Stuart.,,observer,Andrew Stuart,en ce moment,1872-10-02-20,à huit heures vingt,1872-12-21-08-20,precedent_context,arrêta,1872-10-02-20,1872-12-21-08-20,temps_different
1072,4 || 176 || 362 || mr. fogg || répondit || dans quatre-vingts jours,4,176,362,"- Dans quatre-vingts jours, répondit Mr. Fogg, le samedi 21 décembre 1872, à huit heures quarante - cinq minutes du soir.",Mr. Fogg,répondit,Dans quatre-vingts jours,dans quatre-vingts jours,1872-12-21-20,dans quatre-vingts jours,1873-03-11-08-20,objet,répondit,1872-12-21-20,1873-03-11-08-20,temps_different
1073,4 || 176 || 362 || mr. fogg || répondit || le samedi 21 décembre 1872,4,176,362,"- Dans quatre-vingts jours, répondit Mr. Fogg, le samedi 21 décembre 1872, à huit heures quarante - cinq minutes du soir.",Mr. Fogg,répondit,le samedi 21 décembre 1872,le samedi 21 décembre 1872,1872-12-21-20,le samedi 21 décembre 1872,1872-12-21-00-00,objet,répondit,1872-12-21-20,1872-12-21-00,temps_different
1074,4 || 176 || 362 || mr. fogg || répondit || à huit heures quarante-cinq minutes du soir,4,176,362,"- Dans quatre-vingts jours, répondit Mr. Fogg, le samedi 21 décembre 1872, à huit heures quarante - cinq minutes du soir.",Mr. Fogg,répondit,à huit heures quarante-cinq minutes du soir,à huit heures quarante - cinq minutes du soir,1872-12-21-20,à huit heures quarante - cinq minutes du soir,1872-12-21-20-45,objet,répondit,1872-12-21-20,1872-12-21-20-45,temps_different
1075,4 || 177 || 364 || phileas fogg et son domestique || prirent || à huit heures quarante,4,177,364,"À huit heures quarante, Phileas Fogg et son domestique prirent place dans le même compartiment.",Phileas Fogg et son domestique,prirent,À huit heures quarante,à huit heures quarante,1872-10-02-20,à huit heures quarante,1872-12-21-08-40,objet,prirent,1872-10-02-20,1872-12-21-08-40,temps_different
1076,4 || 177 || 364 || phileas fogg et son domestique || prirent || place,4,177,364,"À huit heures quarante, Phileas Fogg et son domestique prirent place dans le même compartiment.",Phileas Fogg et son domestique,prirent,place,à huit heures quarante,1872-10-02-20,à huit heures quarante,1872-12-21-08-40,ud_direct,prirent,1872-10-02-20,1872-12-21-08-40,temps_different
1077,4 || 177 || 364 || phileas fogg et son domestique || prirent || dans le même compartiment,4,177,364,"À huit heures quarante, Phileas Fogg et son domestique prirent place dans le même compartiment.",Phileas Fogg et son domestique,prirent,dans le même compartiment,à huit heures quarante,1872-10-02-20,à huit heures quarante,1872-12-21-08-40,ud_direct,prirent,1872-10-02-20,1872-12-21-08-40,temps_different
1078,4 || 177 || 365 || un coup de sifflet || retentit || à huit heures quarante-cinq,4,177,365,"À huit heures quarante - cinq, un coup de sifflet retentit, et le train se mit en marche.",un coup de sifflet,retentit,À huit heures quarante-cinq,à huit heures quarante - cinq,1872-10-02-20,à huit heures quarante - cinq,1872-12-21-08-45,objet,retentit,1872-10-02-20,1872-12-21-08-45,temps_different
1079,4 || 177 || 365 || le train || mit || en marche,4,177,365,"À huit heures quarante - cinq, un coup de sifflet retentit, et le train se mit en marche.",le train,mit,en marche,à huit heures quarante - cinq,1872-10-02-20,à huit heures quarante - cinq,1872-12-21-08-45,ud_scope_anchor,retentit,1872-10-02-20,1872-12-21-08-45,temps_different
1080,4 || 178 || 367 || il || tombait || une pluie fine,4,178,367,Il tombait une pluie fine.,Il,tombait,une pluie fine,à huit heures quarante - cinq,1872-10-02-20,la nuit,1872-12-21-22-00,precedent_context,noire,1872-10-02-20,1872-12-21-22,temps_different
1081,4 || 178 || 368 || phileas fogg || accoté || dans son coin,4,178,368,"Phileas Fogg, accoté dans son coin, ne parlait pas.",Phileas Fogg,accoté,dans son coin,à huit heures quarante - cinq,1872-10-02-20,la nuit,1872-12-21-22-00,precedent_context,noire,1872-10-02-20,1872-12-21-22,temps_different
1082,4 || 178 || 368 || phileas fogg || parlait || _,4,178,368,"Phileas Fogg, accoté dans son coin, ne parlait pas.",Phileas Fogg,parlait,,à huit heures quarante - cinq,1872-10-02-20,la nuit,1872-12-21-22-00,precedent_context,noire,1872-10-02-20,1872-12-21-22,temps_different
1083,4 || 178 || 369 || passepartout || abasourdi || _,4,178,369,"Passepartout, encore abasourdi, pressait machinalement contre lui le sac aux bank - notes.",Passepartout,abasourdi,,à huit heures quarante - cinq,1872-10-02-20,la nuit,1872-12-21-22-00,precedent_context,noire,1872-10-02-20,1872-12-21-22,temps_different
1084,4 || 178 || 369 || passepartout || pressait || contre lui,4,178,369,"Passepartout, encore abasourdi, pressait machinalement contre lui le sac aux bank - notes.",Passepartout,pressait,contre lui,à huit heures quarante - cinq,1872-10-02-20,la nuit,1872-12-21-22-00,precedent_context,noire,1872-10-02-20,1872-12-21-22,temps_different
1085,4 || 178 || 369 || passepartout || pressait || le sac aux bank-notes,4,178,369,"Passepartout, encore abasourdi, pressait machinalement contre lui le sac aux bank - notes.",Passepartout,pressait,le sac aux bank-notes,à huit heures quarante - cinq,1872-10-02-20,la nuit,1872-12-21-22-00,precedent_context,noire,1872-10-02-20,1872-12-21-22,temps_different
1086,4 || 178 || 369 || passepartout || pressait || bank-notes,4,178,369,"Passepartout, encore abasourdi, pressait machinalement contre lui le sac aux bank - notes.",Passepartout,pressait,bank-notes,à huit heures quarante - cinq,1872-10-02-20,la nuit,1872-12-21-22-00,precedent_context,noire,1872-10-02-20,1872-12-21-22,temps_different
1087,4 || 179 || 370 || le train || dépassé || sydenham,4,179,370,"Mais le train n' avait pas dépassé Sydenham, que Passepartout poussait un véritable cri de désespoir!",le train,dépassé,Sydenham,à huit heures quarante - cinq,1872-10-02-20,la nuit,1872-12-21-22-00,precedent_context,noire,1872-10-02-20,1872-12-21-22,temps_different
1088,4 || 179 || 370 || passepartout || poussait || un véritable cri de désespoir,4,179,370,"Mais le train n' avait pas dépassé Sydenham, que Passepartout poussait un véritable cri de désespoir!",Passepartout,poussait,un véritable cri de désespoir,à huit heures quarante - cinq,1872-10-02-20,la nuit,1872-12-21-22-00,precedent_context,noire,1872-10-02-20,1872-12-21-22,temps_different
1089,4 || 180 || 371 || -vous || avez || _,4,180,371,«Qu' avez -vous? demanda Mr. Fogg.,-vous,avez,,à huit heures quarante - cinq,1872-10-02-20,la nuit,1872-12-21-22-00,precedent_context,noire,1872-10-02-20,1872-12-21-22,temps_different
1090,4 || 180 || 371 || mr. fogg || demanda || _,4,180,371,«Qu' avez -vous? demanda Mr. Fogg.,Mr. Fogg,demanda,,à huit heures quarante - cinq,1872-10-02-20,la nuit,1872-12-21-22-00,precedent_context,noire,1872-10-02-20,1872-12-21-22,temps_different
1091,4 || 181 || 372 || _ || a || y,4,181,372,- Il y a… que… dans ma précipitation… mon trouble… j' ai oublié…,,a,y,à huit heures quarante - cinq,1872-10-02-20,la nuit,1872-12-21-22-00,precedent_context,noire,1872-10-02-20,1872-12-21-22,temps_different
1092,4 || 181 || 372 || j' || oublié || dans ma précipitation mon trouble,4,181,372,- Il y a… que… dans ma précipitation… mon trouble… j' ai oublié…,j',oublié,dans ma précipitation mon trouble,à huit heures quarante - cinq,1872-10-02-20,la nuit,1872-12-21-22-00,precedent_context,noire,1872-10-02-20,1872-12-21-22,temps_different
1093,4 || 183 || 374 || _ || éteindre || le bec de gaz de ma chambre,4,183,374,- D' éteindre le bec de gaz de ma chambre!,,éteindre,le bec de gaz de ma chambre,à huit heures quarante - cinq,1872-10-02-20,la nuit,1872-12-21-22-00,precedent_context,noire,1872-10-02-20,1872-12-21-22,temps_different
1094,4 || 184 || 375 || mr. fogg || répondit || mon garçon,4,184,375,"- Eh bien, mon garçon, répondit froidement Mr. Fogg, il brûle à votre compte!»",Mr. Fogg,répondit,mon garçon,à huit heures quarante - cinq,1872-10-02-20,la nuit,1872-12-21-22-00,precedent_context,noire,1872-10-02-20,1872-12-21-22,temps_different
1095,4 || 184 || 375 || il || brûle || à votre compte,4,184,375,"- Eh bien, mon garçon, répondit froidement Mr. Fogg, il brûle à votre compte!»",il,brûle,à votre compte,à huit heures quarante - cinq,1872-10-02-20,la nuit,1872-12-21-22-00,precedent_context,noire,1872-10-02-20,1872-12-21-22,temps_different
1096,5 || 185 || 376 || phileas fogg || quittant || londres,5,185,376,"Phileas Fogg, en quittant Londres, ne se doutait guère, sans doute, du grand retentissement qu' allait provoquer son départ.",Phileas Fogg,quittant,Londres,à huit heures quarante - cinq,1872-10-02-20,la nuit,1872-12-21-22-00,precedent_context,noire,1872-10-02-20,1872-12-21-22,temps_different
1097,5 || 185 || 376 || phileas fogg || doutait || se,5,185,376,"Phileas Fogg, en quittant Londres, ne se doutait guère, sans doute, du grand retentissement qu' allait provoquer son départ.",Phileas Fogg,doutait,se,à huit heures quarante - cinq,1872-10-02-20,la nuit,1872-12-21-22-00,precedent_context,noire,1872-10-02-20,1872-12-21-22,temps_different
1098,5 || 185 || 376 || phileas fogg || doutait || sans doute,5,185,376,"Phileas Fogg, en quittant Londres, ne se doutait guère, sans doute, du grand retentissement qu' allait provoquer son départ.",Phileas Fogg,doutait,sans doute,à huit heures quarante - cinq,1872-10-02-20,la nuit,1872-12-21-22-00,precedent_context,noire,1872-10-02-20,1872-12-21-22,temps_different
1099,5 || 185 || 376 || phileas fogg || doutait || du grand retentissement,5,185,376,"Phileas Fogg, en quittant Londres, ne se doutait guère, sans doute, du grand retentissement qu' allait provoquer son départ.",Phileas Fogg,doutait,du grand retentissement,à huit heures quarante - cinq,1872-10-02-20,la nuit,1872-12-21-22-00,precedent_context,noire,1872-10-02-20,1872-12-21-22,temps_different
1100,5 || 185 || 376 || son départ || allait || qu',5,185,376,"Phileas Fogg, en quittant Londres, ne se doutait guère, sans doute, du grand retentissement qu' allait provoquer son départ.",son départ,allait,qu',à huit heures quarante - cinq,1872-10-02-20,la nuit,1872-12-21-22-00,precedent_context,noire,1872-10-02-20,1872-12-21-22,temps_different
1101,5 || 185 || 376 || son départ || provoquer || _,5,185,376,"Phileas Fogg, en quittant Londres, ne se doutait guère, sans doute, du grand retentissement qu' allait provoquer son départ.",son départ,provoquer,,à huit heures quarante - cinq,1872-10-02-20,la nuit,1872-12-21-22-00,precedent_context,noire,1872-10-02-20,1872-12-21-22,temps_different
1102,5 || 185 || 377 || la nouvelle du pari || répandit || se,5,185,377,"La nouvelle du pari se répandit d' abord dans le Reform - Club, et produisit une véritable émotion parmi les membres de l' honorable cercle.",La nouvelle du pari,répandit,se,à huit heures quarante - cinq,1872-10-02-20,la nuit,1872-12-21-22-00,precedent_context,noire,1872-10-02-20,1872-12-21-22,temps_different
1103,5 || 185 || 377 || la nouvelle du pari || répandit || dans le reform-club,5,185,377,"La nouvelle du pari se répandit d' abord dans le Reform - Club, et produisit une véritable émotion parmi les membres de l' honorable cercle.",La nouvelle du pari,répandit,dans le Reform-Club,à huit heures quarante - cinq,1872-10-02-20,la nuit,1872-12-21-22-00,precedent_context,noire,1872-10-02-20,1872-12-21-22,temps_different
1104,5 || 185 || 377 || la nouvelle du pari || répandit || reform-club,5,185,377,"La nouvelle du pari se répandit d' abord dans le Reform - Club, et produisit une véritable émotion parmi les membres de l' honorable cercle.",La nouvelle du pari,répandit,Reform-Club,à huit heures quarante - cinq,1872-10-02-20,la nuit,1872-12-21-22-00,precedent_context,noire,1872-10-02-20,1872-12-21-22,temps_different
1105,5 || 185 || 377 || la nouvelle du pari || répandit || reform-club,5,185,377,"La nouvelle du pari se répandit d' abord dans le Reform - Club, et produisit une véritable émotion parmi les membres de l' honorable cercle.",La nouvelle du pari,répandit,Reform-Club,à huit heures quarante - cinq,1872-10-02-20,la nuit,1872-12-21-22-00,precedent_context,noire,1872-10-02-20,1872-12-21-22,temps_different
1106,5 || 185 || 377 || la nouvelle du pari || répandit || reform-club,5,185,377,"La nouvelle du pari se répandit d' abord dans le Reform - Club, et produisit une véritable émotion parmi les membres de l' honorable cercle.",La nouvelle du pari,répandit,Reform-Club,à huit heures quarante - cinq,1872-10-02-20,la nuit,1872-12-21-22-00,precedent_context,noire,1872-10-02-20,1872-12-21-22,temps_different
1107,5 || 185 || 377 || la nouvelle du pari || répandit || reform-club,5,185,377,"La nouvelle du pari se répandit d' abord dans le Reform - Club, et produisit une véritable émotion parmi les membres de l' honorable cercle.",La nouvelle du pari,répandit,Reform-Club,à huit heures quarante - cinq,1872-10-02-20,la nuit,1872-12-21-22-00,precedent_context,noire,1872-10-02-20,1872-12-21-22,temps_different
1108,5 || 185 || 377 || la nouvelle du pari || produisit || une véritable émotion,5,185,377,"La nouvelle du pari se répandit d' abord dans le Reform - Club, et produisit une véritable émotion parmi les membres de l' honorable cercle.",La nouvelle du pari,produisit,une véritable émotion,à huit heures quarante - cinq,1872-10-02-20,la nuit,1872-12-21-22-00,precedent_context,noire,1872-10-02-20,1872-12-21-22,temps_different
1109,5 || 185 || 377 || la nouvelle du pari || produisit || parmi les membres de l'honorable cercle,5,185,377,"La nouvelle du pari se répandit d' abord dans le Reform - Club, et produisit une véritable émotion parmi les membres de l' honorable cercle.",La nouvelle du pari,produisit,parmi les membres de l'honorable cercle,à huit heures quarante - cinq,1872-10-02-20,la nuit,1872-12-21-22-00,precedent_context,noire,1872-10-02-20,1872-12-21-22,temps_different
1110,5 || 185 || 378 || cette émotion || passa || du club,5,185,378,"Puis, du club, cette émotion passa aux journaux par la voie des reporters, et des journaux au public de Londres et de tout le Royaume - Uni.",cette émotion,passa,du club,à huit heures quarante - cinq,1872-10-02-20,la nuit,1872-12-21-22-00,precedent_context,noire,1872-10-02-20,1872-12-21-22,temps_different
1111,5 || 185 || 378 || cette émotion || passa || aux journaux,5,185,378,"Puis, du club, cette émotion passa aux journaux par la voie des reporters, et des journaux au public de Londres et de tout le Royaume - Uni.",cette émotion,passa,aux journaux,à huit heures quarante - cinq,1872-10-02-20,la nuit,1872-12-21-22-00,precedent_context,noire,1872-10-02-20,1872-12-21-22,temps_different
1112,5 || 185 || 378 || cette émotion || passa || par la voie des reporters et des journaux,5,185,378,"Puis, du club, cette émotion passa aux journaux par la voie des reporters, et des journaux au public de Londres et de tout le Royaume - Uni.",cette émotion,passa,par la voie des reporters et des journaux,à huit heures quarante - cinq,1872-10-02-20,la nuit,1872-12-21-22-00,precedent_context,noire,1872-10-02-20,1872-12-21-22,temps_different
1113,5 || 185 || 378 || cette émotion || passa || au public de londres et de tout le royaume-uni,5,185,378,"Puis, du club, cette émotion passa aux journaux par la voie des reporters, et des journaux au public de Londres et de tout le Royaume - Uni.",cette émotion,passa,au public de Londres et de tout le Royaume-Uni,à huit heures quarante - cinq,1872-10-02-20,la nuit,1872-12-21-22-00,precedent_context,noire,1872-10-02-20,1872-12-21-22,temps_different
1114,5 || 186 || 379 || cette question du tour du monde || commentée || avec autant de passion et d'ardeur,5,186,379,"Cette« question du tour du monde» fut commentée, discutée, disséquée, avec autant de passion et d' ardeur que s' il se fût agi d' une nouvelle affaire de l' Alabama.",Cette question du tour du monde,commentée,avec autant de passion et d'ardeur,à huit heures quarante - cinq,1872-10-02-20,la nuit,1872-12-21-22-00,precedent_context,noire,1872-10-02-20,1872-12-21-22,temps_different
1115,5 || 186 || 379 || cette question du tour du monde || discutée || _,5,186,379,"Cette« question du tour du monde» fut commentée, discutée, disséquée, avec autant de passion et d' ardeur que s' il se fût agi d' une nouvelle affaire de l' Alabama.",Cette question du tour du monde,discutée,,à huit heures quarante - cinq,1872-10-02-20,la nuit,1872-12-21-22-00,precedent_context,noire,1872-10-02-20,1872-12-21-22,temps_different
1116,5 || 186 || 379 || cette question du tour du monde || disséquée || _,5,186,379,"Cette« question du tour du monde» fut commentée, discutée, disséquée, avec autant de passion et d' ardeur que s' il se fût agi d' une nouvelle affaire de l' Alabama.",Cette question du tour du monde,disséquée,,à huit heures quarante - cinq,1872-10-02-20,la nuit,1872-12-21-22-00,precedent_context,noire,1872-10-02-20,1872-12-21-22,temps_different
1117,5 || 186 || 379 || cette question du tour du monde || agi || se,5,186,379,"Cette« question du tour du monde» fut commentée, discutée, disséquée, avec autant de passion et d' ardeur que s' il se fût agi d' une nouvelle affaire de l' Alabama.",Cette question du tour du monde,agi,se,à huit heures quarante - cinq,1872-10-02-20,la nuit,1872-12-21-22-00,precedent_context,noire,1872-10-02-20,1872-12-21-22,temps_different
1118,5 || 186 || 379 || cette question du tour du monde || agi || d'une nouvelle affaire de l'alabama,5,186,379,"Cette« question du tour du monde» fut commentée, discutée, disséquée, avec autant de passion et d' ardeur que s' il se fût agi d' une nouvelle affaire de l' Alabama.",Cette question du tour du monde,agi,d'une nouvelle affaire de l'Alabama,à huit heures quarante - cinq,1872-10-02-20,la nuit,1872-12-21-22-00,precedent_context,noire,1872-10-02-20,1872-12-21-22,temps_different
1119,5 || 186 || 380 || les uns || prirent || parti,5,186,380,"Les uns prirent parti pour Phileas Fogg, les autres- et ils formèrent bientôt une majorité considérable- se prononcèrent contre lui.",Les uns,prirent,parti,à huit heures quarante - cinq,1872-10-02-20,la nuit,1872-12-21-22-00,precedent_context,noire,1872-10-02-20,1872-12-21-22,temps_different
1120,5 || 186 || 380 || les uns || prirent || pour phileas fogg,5,186,380,"Les uns prirent parti pour Phileas Fogg, les autres- et ils formèrent bientôt une majorité considérable- se prononcèrent contre lui.",Les uns,prirent,pour Phileas Fogg,à huit heures quarante - cinq,1872-10-02-20,la nuit,1872-12-21-22-00,precedent_context,noire,1872-10-02-20,1872-12-21-22,temps_different
1121,5 || 186 || 380 || les autres || formèrent || une majorité considérable,5,186,380,"Les uns prirent parti pour Phileas Fogg, les autres- et ils formèrent bientôt une majorité considérable- se prononcèrent contre lui.",les autres,formèrent,une majorité considérable,à huit heures quarante - cinq,1872-10-02-20,la nuit,1872-12-21-22-00,precedent_context,noire,1872-10-02-20,1872-12-21-22,temps_different
1122,5 || 186 || 380 || les uns || prononcèrent || considérable-se,5,186,380,"Les uns prirent parti pour Phileas Fogg, les autres- et ils formèrent bientôt une majorité considérable- se prononcèrent contre lui.",Les uns,prononcèrent,considérable-se,à huit heures quarante - cinq,1872-10-02-20,la nuit,1872-12-21-22-00,precedent_context,noire,1872-10-02-20,1872-12-21-22,temps_different
1123,5 || 186 || 380 || les uns || prononcèrent || contre lui,5,186,380,"Les uns prirent parti pour Phileas Fogg, les autres- et ils formèrent bientôt une majorité considérable- se prononcèrent contre lui.",Les uns,prononcèrent,contre lui,à huit heures quarante - cinq,1872-10-02-20,la nuit,1872-12-21-22-00,precedent_context,noire,1872-10-02-20,1872-12-21-22,temps_different
1124,5 || 186 || 381 || _ || accomplir || dans ce minimum de temps,5,186,381,"Ce tour du monde à accomplir, autrement qu' en théorie et sur le papier, dans ce minimum de temps, avec les moyens de communication actuellement en usage, ce n' était pas seulement impossible, c' était insensé!",,accomplir,dans ce minimum de temps,à huit heures quarante - cinq,1872-10-02-20,la nuit,1872-12-21-22-00,precedent_context,noire,1872-10-02-20,1872-12-21-22,temps_different
1125,5 || 186 || 381 || _ || accomplir || avec les moyens de communication actuellement en usage,5,186,381,"Ce tour du monde à accomplir, autrement qu' en théorie et sur le papier, dans ce minimum de temps, avec les moyens de communication actuellement en usage, ce n' était pas seulement impossible, c' était insensé!",,accomplir,avec les moyens de communication actuellement en usage,à huit heures quarante - cinq,1872-10-02-20,la nuit,1872-12-21-22-00,precedent_context,noire,1872-10-02-20,1872-12-21-22,temps_different
1126,5 || 187 || 382 || le times le standard l'evening star le morning chronicle et vingt autres journaux de grande publicité || déclarèrent || se,5,187,382,"Le Times, le Standard, l' Evening Star, le Morning Chronicle, et vingt autres journaux de grande publicité, se déclarèrent contre Mr. Fogg.",Le Times le Standard l'Evening Star le Morning Chronicle et vingt autres journaux de grande publicité,déclarèrent,se,à huit heures quarante - cinq,1872-10-02-20,la nuit,1872-12-21-22-00,precedent_context,noire,1872-10-02-20,1872-12-21-22,temps_different
1127,5 || 187 || 382 || le times le standard l'evening star le morning chronicle et vingt autres journaux de grande publicité || déclarèrent || contre mr. fogg,5,187,382,"Le Times, le Standard, l' Evening Star, le Morning Chronicle, et vingt autres journaux de grande publicité, se déclarèrent contre Mr. Fogg.",Le Times le Standard l'Evening Star le Morning Chronicle et vingt autres journaux de grande publicité,déclarèrent,contre Mr. Fogg,à huit heures quarante - cinq,1872-10-02-20,la nuit,1872-12-21-22-00,precedent_context,noire,1872-10-02-20,1872-12-21-22,temps_different
1128,5 || 187 || 383 || le daily telegraph || soutint || le,5,187,383,"Seul, le Daily Telegraph le soutint dans une certaine mesure.",le Daily Telegraph,soutint,le,à huit heures quarante - cinq,1872-10-02-20,la nuit,1872-12-21-22-00,precedent_context,noire,1872-10-02-20,1872-12-21-22,temps_different
1129,5 || 187 || 383 || le daily telegraph || soutint || dans une certaine mesure,5,187,383,"Seul, le Daily Telegraph le soutint dans une certaine mesure.",le Daily Telegraph,soutint,dans une certaine mesure,à huit heures quarante - cinq,1872-10-02-20,la nuit,1872-12-21-22-00,precedent_context,noire,1872-10-02-20,1872-12-21-22,temps_different
1130,5 || 187 || 384 || phileas fogg || traité || _,5,187,384,"Phileas Fogg fut généralement traité de maniaque, de fou, et ses collègues du Reform - Club furent blâmés d' avoir tenu ce pari, qui accusait un affaiblissement dans les facultés mentales de son auteur.",Phileas Fogg,traité,,à huit heures quarante - cinq,1872-10-02-20,la nuit,1872-12-21-22-00,precedent_context,noire,1872-10-02-20,1872-12-21-22,temps_different
1131,5 || 187 || 384 || ses collègues du reform-club || blâmés || _,5,187,384,"Phileas Fogg fut généralement traité de maniaque, de fou, et ses collègues du Reform - Club furent blâmés d' avoir tenu ce pari, qui accusait un affaiblissement dans les facultés mentales de son auteur.",ses collègues du Reform-Club,blâmés,,à huit heures quarante - cinq,1872-10-02-20,la nuit,1872-12-21-22-00,precedent_context,noire,1872-10-02-20,1872-12-21-22,temps_different
1132,5 || 187 || 384 || ses collègues du reform-club || tenu || ce pari,5,187,384,"Phileas Fogg fut généralement traité de maniaque, de fou, et ses collègues du Reform - Club furent blâmés d' avoir tenu ce pari, qui accusait un affaiblissement dans les facultés mentales de son auteur.",ses collègues du Reform-Club,tenu,ce pari,à huit heures quarante - cinq,1872-10-02-20,la nuit,1872-12-21-22-00,precedent_context,noire,1872-10-02-20,1872-12-21-22,temps_different
1133,5 || 187 || 384 || qui || accusait || un affaiblissement dans les facultés mentales de son auteur,5,187,384,"Phileas Fogg fut généralement traité de maniaque, de fou, et ses collègues du Reform - Club furent blâmés d' avoir tenu ce pari, qui accusait un affaiblissement dans les facultés mentales de son auteur.",qui,accusait,un affaiblissement dans les facultés mentales de son auteur,à huit heures quarante - cinq,1872-10-02-20,la nuit,1872-12-21-22-00,precedent_context,noire,1872-10-02-20,1872-12-21-22,temps_different
1134,5 || 188 || 385 || des articles extrêmement passionnés mais logiques || parurent || sur la question,5,188,385,"Des articles extrêmement passionnés, mais logiques, parurent sur la question.",Des articles extrêmement passionnés mais logiques,parurent,sur la question,à huit heures quarante - cinq,1872-10-02-20,la nuit,1872-12-21-22-00,precedent_context,noire,1872-10-02-20,1872-12-21-22,temps_different
1135,5 || 188 || 386 || on || sait || l'intérêt à tout ce,5,188,386,On sait l' intérêt que l' on porte en Angleterre à tout ce qui touche à la géographie.,On,sait,l'intérêt à tout ce,à huit heures quarante - cinq,1872-10-02-20,la nuit,1872-12-21-22-00,precedent_context,noire,1872-10-02-20,1872-12-21-22,temps_different
1136,5 || 188 || 386 || l' || porte || que,5,188,386,On sait l' intérêt que l' on porte en Angleterre à tout ce qui touche à la géographie.,l',porte,que,à huit heures quarante - cinq,1872-10-02-20,la nuit,1872-12-21-22-00,precedent_context,noire,1872-10-02-20,1872-12-21-22,temps_different
1137,5 || 188 || 386 || l' || porte || en angleterre,5,188,386,On sait l' intérêt que l' on porte en Angleterre à tout ce qui touche à la géographie.,l',porte,en Angleterre,à huit heures quarante - cinq,1872-10-02-20,la nuit,1872-12-21-22-00,precedent_context,noire,1872-10-02-20,1872-12-21-22,temps_different
1138,5 || 188 || 386 || qui || touche || à la géographie,5,188,386,On sait l' intérêt que l' on porte en Angleterre à tout ce qui touche à la géographie.,qui,touche,à la géographie,à huit heures quarante - cinq,1872-10-02-20,la nuit,1872-12-21-22-00,precedent_context,noire,1872-10-02-20,1872-12-21-22,temps_different
1139,5 || 188 || 387 || à quelque classe || appartînt || _,5,188,387,"Aussi n' était -il pas un lecteur, à quelque classe qu' il appartînt, qui ne dévorât les colonnes consacrées au cas de Phileas Fogg.",à quelque classe,appartînt,,à huit heures quarante - cinq,1872-10-02-20,la nuit,1872-12-21-22-00,precedent_context,noire,1872-10-02-20,1872-12-21-22,temps_different
1140,5 || 188 || 387 || qui || dévorât || les colonnes,5,188,387,"Aussi n' était -il pas un lecteur, à quelque classe qu' il appartînt, qui ne dévorât les colonnes consacrées au cas de Phileas Fogg.",qui,dévorât,les colonnes,à huit heures quarante - cinq,1872-10-02-20,la nuit,1872-12-21-22-00,precedent_context,noire,1872-10-02-20,1872-12-21-22,temps_different
1141,5 || 188 || 387 || _ || consacrées || au cas de phileas fogg,5,188,387,"Aussi n' était -il pas un lecteur, à quelque classe qu' il appartînt, qui ne dévorât les colonnes consacrées au cas de Phileas Fogg.",,consacrées,au cas de Phileas Fogg,à huit heures quarante - cinq,1872-10-02-20,la nuit,1872-12-21-22-00,precedent_context,noire,1872-10-02-20,1872-12-21-22,temps_different
1142,5 || 189 || 388 || _ || publié || son portrait,5,189,388,"Pendant les premiers jours, quelques esprits audacieux- les femmes principalement- furent pour lui, surtout quand l' Illustrated London News eut publié son portrait d' après sa photographie déposée aux archives du Reform - Club.",,publié,son portrait,pendant les premiers jours,1872-10-05-00,la nuit,1872-12-21-22-00,precedent_context,noire,1872-10-05-00,1872-12-21-22,temps_different
1143,5 || 189 || 388 || _ || publié || d'après sa photographie,5,189,388,"Pendant les premiers jours, quelques esprits audacieux- les femmes principalement- furent pour lui, surtout quand l' Illustrated London News eut publié son portrait d' après sa photographie déposée aux archives du Reform - Club.",,publié,d'après sa photographie,pendant les premiers jours,1872-10-05-00,la nuit,1872-12-21-22-00,precedent_context,noire,1872-10-05-00,1872-12-21-22,temps_different
1144,5 || 189 || 388 || _ || déposée || aux archives du reform-club,5,189,388,"Pendant les premiers jours, quelques esprits audacieux- les femmes principalement- furent pour lui, surtout quand l' Illustrated London News eut publié son portrait d' après sa photographie déposée aux archives du Reform - Club.",,déposée,aux archives du Reform-Club,pendant les premiers jours,1872-10-05-00,la nuit,1872-12-21-22-00,precedent_context,noire,1872-10-05-00,1872-12-21-22,temps_different
1145,5 || 189 || 389 || certains gentlemen || osaient || hé,5,189,389,"Certains gentlemen osaient dire:« Hé! hé! pourquoi pas, après tout?",Certains gentlemen,osaient,Hé,pendant les premiers jours,1872-10-05-00,la nuit,1872-12-21-22-00,precedent_context,noire,1872-10-05-00,1872-12-21-22,temps_different
1146,5 || 189 || 389 || certains gentlemen || osaient || après tout,5,189,389,"Certains gentlemen osaient dire:« Hé! hé! pourquoi pas, après tout?",Certains gentlemen,osaient,après tout,pendant les premiers jours,1872-10-05-00,la nuit,1872-12-21-22-00,precedent_context,noire,1872-10-05-00,1872-12-21-22,temps_different
1147,5 || 189 || 389 || certains gentlemen || dire || _,5,189,389,"Certains gentlemen osaient dire:« Hé! hé! pourquoi pas, après tout?",Certains gentlemen,dire,,pendant les premiers jours,1872-10-05-00,la nuit,1872-12-21-22-00,precedent_context,noire,1872-10-05-00,1872-12-21-22,temps_different
1148,5 || 189 || 390 || on || vu || des choses plus extraordinaires,5,189,390,On a vu des choses plus extraordinaires!» C' étaient surtout les lecteurs du Daily Telegraph.,On,vu,des choses plus extraordinaires,pendant les premiers jours,1872-10-05-00,la nuit,1872-12-21-22-00,precedent_context,noire,1872-10-05-00,1872-12-21-22,temps_different
1149,5 || 189 || 391 || on || sentit || _,5,189,391,Mais on sentit bientôt que ce journal lui-même commençait à faiblir.,on,sentit,,pendant les premiers jours,1872-10-05-00,la nuit,1872-12-21-22-00,precedent_context,noire,1872-10-05-00,1872-12-21-22,temps_different
1150,5 || 189 || 391 || ce journal lui-même || commençait || _,5,189,391,Mais on sentit bientôt que ce journal lui-même commençait à faiblir.,ce journal lui-même,commençait,,pendant les premiers jours,1872-10-05-00,la nuit,1872-12-21-22-00,precedent_context,noire,1872-10-05-00,1872-12-21-22,temps_different
1151,5 || 189 || 391 || ce journal lui-même || faiblir || _,5,189,391,Mais on sentit bientôt que ce journal lui-même commençait à faiblir.,ce journal lui-même,faiblir,,pendant les premiers jours,1872-10-05-00,la nuit,1872-12-21-22-00,precedent_context,noire,1872-10-05-00,1872-12-21-22,temps_different
1169,5 || 190 || 396 || ils || emploient || trois jours,5,190,396,"À la rigueur, et en Europe, où il s' agit de parcours d' une longueur relativement médiocre, on peut compter sur l' arrivée des trains à heure fixe; mais quand ils emploient trois jours à traverser l' Inde, sept jours à traverser les États-Unis, pouvait -on fonder sur leur exactitude les éléments d' un tel problème?",ils,emploient,trois jours,le 7 octobre,1872-10-07-00,trois jours,,objet,emploient,1872-10-07-00,,seulement_ref
1170,5 || 190 || 396 || ils || emploient || sept jours,5,190,396,"À la rigueur, et en Europe, où il s' agit de parcours d' une longueur relativement médiocre, on peut compter sur l' arrivée des trains à heure fixe; mais quand ils emploient trois jours à traverser l' Inde, sept jours à traverser les États-Unis, pouvait -on fonder sur leur exactitude les éléments d' un tel problème?",ils,emploient,sept jours,le 7 octobre,1872-10-07-00,sept jours,,objet,emploient,1872-10-07-00,,seulement_ref
1176,5 || 190 || 398 || _ || éprouvent || des retards de deux ou trois jours,5,190,398,"Surles paquebots,nesetrouverait-ilpas, pendant l'hiver, à la mercides coups deventoudes brouillards?Est-il doncsirarequeles meilleurs marcheurs des lignes transocéaniennes éprouvent des retards de deux ou trois jours?",,éprouvent,des retards de deux ou trois jours,le 7 octobre,1872-10-07-00,deux ou trois jours,,objet,retards,1872-10-07-00,,seulement_ref
1187,5 || 192 || 403 || qui || suivirent || le départ du gentleman,5,192,403,"Pendant les premiers jours qui suivirent le départ du gentleman, d' importantes affaires s' étaient engagées sur« l' aléa» de son entreprise.",qui,suivirent,le départ du gentleman,le 7 octobre,1872-10-07-00,les premiers jours qui suivirent le départ,,objet,engagées,1872-10-07-00,,seulement_ref
1188,5 || 192 || 403 || d'importantes affaires || engagées || pendant les premiers jours,5,192,403,"Pendant les premiers jours qui suivirent le départ du gentleman, d' importantes affaires s' étaient engagées sur« l' aléa» de son entreprise.",d'importantes affaires,engagées,Pendant les premiers jours,le 7 octobre,1872-10-07-00,les premiers jours qui suivirent le départ,,objet,engagées,1872-10-07-00,,seulement_ref
1189,5 || 192 || 403 || d'importantes affaires || engagées || s',5,192,403,"Pendant les premiers jours qui suivirent le départ du gentleman, d' importantes affaires s' étaient engagées sur« l' aléa» de son entreprise.",d'importantes affaires,engagées,s',le 7 octobre,1872-10-07-00,les premiers jours qui suivirent le départ,,ud_direct,engagées,1872-10-07-00,,seulement_ref
1190,5 || 192 || 403 || d'importantes affaires || engagées || sur l'aléa de son entreprise,5,192,403,"Pendant les premiers jours qui suivirent le départ du gentleman, d' importantes affaires s' étaient engagées sur« l' aléa» de son entreprise.",d'importantes affaires,engagées,sur l'aléa de son entreprise,le 7 octobre,1872-10-07-00,les premiers jours qui suivirent le départ,,ud_direct,engagées,1872-10-07-00,,seulement_ref
1205,5 || 192 || 410 || les offres || commencèrent || cinq jours après son départ,5,192,410,"Mais cinq jours après son départ, après l' article du Bulletin de la Société de géographie, les offres commencèrent à affluer.",les offres,commencèrent,cinq jours après son départ,cinq jours après son départ,1872-10-07-00,cinq jours après son départ,1872-10-12-03-00,objet,commencèrent,1872-10-07-00,1872-10-12-03,temps_different
1206,5 || 192 || 410 || les offres || commencèrent || après l'article du bulletin de la société de géographie,5,192,410,"Mais cinq jours après son départ, après l' article du Bulletin de la Société de géographie, les offres commencèrent à affluer.",les offres,commencèrent,après l'article du Bulletin de la Société de géographie,cinq jours après son départ,1872-10-07-00,cinq jours après son départ,1872-10-12-03-00,ud_direct,commencèrent,1872-10-07-00,1872-10-12-03,temps_different
1207,5 || 192 || 410 || les offres || affluer || _,5,192,410,"Mais cinq jours après son départ, après l' article du Bulletin de la Société de géographie, les offres commencèrent à affluer.",les offres,affluer,,cinq jours après son départ,1872-10-07-00,cinq jours après son départ,1872-10-12-03-00,ud_scope_anchor,commencèrent,1872-10-07-00,1872-10-12-03,temps_different
1208,5 || 192 || 411 || le phileas fogg || baissa || _,5,192,411,Le Phileas Fogg baissa.,Le Phileas Fogg,baissa,,cinq jours après son départ,1872-10-07-00,cinq jours après son départ,1872-10-12-03-00,precedent_context,commencèrent,1872-10-07-00,1872-10-12-03,temps_different
1209,5 || 192 || 412 || on || offrit || l',5,192,412,On l' offrit par paquets.,On,offrit,l',cinq jours après son départ,1872-10-07-00,cinq jours après son départ,1872-10-12-03-00,precedent_context,commencèrent,1872-10-07-00,1872-10-12-03,temps_different
1210,5 || 192 || 412 || on || offrit || par paquets,5,192,412,On l' offrit par paquets.,On,offrit,par paquets,cinq jours après son départ,1872-10-07-00,cinq jours après son départ,1872-10-12-03-00,precedent_context,commencèrent,1872-10-07-00,1872-10-12-03,temps_different
1211,5 || 192 || 413 || on || pris || à cinq puis à dix,5,192,413,"Pris d' abord à cinq, puis à dix, on ne le prit plus qu' à vingt, à cinquante, à cent!",on,Pris,à cinq puis à dix,cinq jours après son départ,1872-10-07-00,cinq jours après son départ,1872-10-12-03-00,precedent_context,commencèrent,1872-10-07-00,1872-10-12-03,temps_different
1212,5 || 192 || 413 || on || prit || le,5,192,413,"Pris d' abord à cinq, puis à dix, on ne le prit plus qu' à vingt, à cinquante, à cent!",on,prit,le,cinq jours après son départ,1872-10-07-00,cinq jours après son départ,1872-10-12-03-00,precedent_context,commencèrent,1872-10-07-00,1872-10-12-03,temps_different
1213,5 || 193 || 414 || un seul partisan || resta || lui,5,193,414,Un seul partisan lui resta.,Un seul partisan,resta,lui,cinq jours après son départ,1872-10-07-00,cinq jours après son départ,1872-10-12-03-00,precedent_context,commencèrent,1872-10-07-00,1872-10-12-03,temps_different
1214,5 || 193 || 416 || _ || cloué || sur son fauteuil,5,193,416,"L' honorable gentleman, cloué sur son fauteuil, eût donné sa fortune pour pouvoir faire le tour du monde, même en dix ans! et il paria cinq mille livres( 100 000 F) en faveur de Phileas Fogg.",,cloué,sur son fauteuil,cinq jours après son départ,1872-10-07-00,cinq jours après son départ,1872-10-12-03-00,precedent_context,commencèrent,1872-10-07-00,1872-10-12-03,temps_different
1215,5 || 193 || 416 || l'honorable gentleman || donné || sa fortune,5,193,416,"L' honorable gentleman, cloué sur son fauteuil, eût donné sa fortune pour pouvoir faire le tour du monde, même en dix ans! et il paria cinq mille livres( 100 000 F) en faveur de Phileas Fogg.",L'honorable gentleman,donné,sa fortune,cinq jours après son départ,1872-10-07-00,cinq jours après son départ,1872-10-12-03-00,precedent_context,commencèrent,1872-10-07-00,1872-10-12-03,temps_different
1216,5 || 193 || 416 || l'honorable gentleman || pouvoir || _,5,193,416,"L' honorable gentleman, cloué sur son fauteuil, eût donné sa fortune pour pouvoir faire le tour du monde, même en dix ans! et il paria cinq mille livres( 100 000 F) en faveur de Phileas Fogg.",L'honorable gentleman,pouvoir,,cinq jours après son départ,1872-10-07-00,cinq jours après son départ,1872-10-12-03-00,precedent_context,commencèrent,1872-10-07-00,1872-10-12-03,temps_different
1217,5 || 193 || 416 || _ || faire || le tour du monde,5,193,416,"L' honorable gentleman, cloué sur son fauteuil, eût donné sa fortune pour pouvoir faire le tour du monde, même en dix ans! et il paria cinq mille livres( 100 000 F) en faveur de Phileas Fogg.",,faire,le tour du monde,cinq jours après son départ,1872-10-07-00,en dix ans,1882-10-12-03-00,ud_direct,faire,1872-10-07-00,1882-10-12-03,temps_different
1218,5 || 193 || 416 || _ || faire || même en dix ans,5,193,416,"L' honorable gentleman, cloué sur son fauteuil, eût donné sa fortune pour pouvoir faire le tour du monde, même en dix ans! et il paria cinq mille livres( 100 000 F) en faveur de Phileas Fogg.",,faire,même en dix ans,cinq jours après son départ,1872-10-07-00,en dix ans,1882-10-12-03-00,objet,faire,1872-10-07-00,1882-10-12-03,temps_different
1219,5 || 193 || 416 || il || paria || cinq mille livres 100 000 f,5,193,416,"L' honorable gentleman, cloué sur son fauteuil, eût donné sa fortune pour pouvoir faire le tour du monde, même en dix ans! et il paria cinq mille livres( 100 000 F) en faveur de Phileas Fogg.",il,paria,cinq mille livres 100 000 F,cinq jours après son départ,1872-10-07-00,cinq jours après son départ,1872-10-12-03-00,precedent_context,commencèrent,1872-10-07-00,1872-10-12-03,temps_different
1220,5 || 193 || 416 || il || paria || en faveur de phileas fogg,5,193,416,"L' honorable gentleman, cloué sur son fauteuil, eût donné sa fortune pour pouvoir faire le tour du monde, même en dix ans! et il paria cinq mille livres( 100 000 F) en faveur de Phileas Fogg.",il,paria,en faveur de Phileas Fogg,cinq jours après son départ,1872-10-07-00,cinq jours après son départ,1872-10-12-03-00,precedent_context,commencèrent,1872-10-07-00,1872-10-12-03,temps_different
1221,5 || 193 || 417 || on || démontrait || en même temps que la sottise du projet,5,193,417,"Et quand, en même temps que la sottise du projet, on lui en démontrait l' inutilité, il se contentait de répondre:« Si la chose est faisable, il est bon que ce soit un Anglais qui le premier l' ait faite!",on,démontrait,en même temps que la sottise du projet,cinq jours après son départ,1872-10-07-00,cinq jours après son départ,1872-10-12-03-00,precedent_context,commencèrent,1872-10-07-00,1872-10-12-03,temps_different
1222,5 || 193 || 417 || on || démontrait || lui en,5,193,417,"Et quand, en même temps que la sottise du projet, on lui en démontrait l' inutilité, il se contentait de répondre:« Si la chose est faisable, il est bon que ce soit un Anglais qui le premier l' ait faite!",on,démontrait,lui en,cinq jours après son départ,1872-10-07-00,cinq jours après son départ,1872-10-12-03-00,precedent_context,commencèrent,1872-10-07-00,1872-10-12-03,temps_different
1223,5 || 193 || 417 || on || démontrait || l'inutilité,5,193,417,"Et quand, en même temps que la sottise du projet, on lui en démontrait l' inutilité, il se contentait de répondre:« Si la chose est faisable, il est bon que ce soit un Anglais qui le premier l' ait faite!",on,démontrait,l'inutilité,cinq jours après son départ,1872-10-07-00,cinq jours après son départ,1872-10-12-03-00,precedent_context,commencèrent,1872-10-07-00,1872-10-12-03,temps_different
1224,5 || 193 || 417 || il || contentait || se,5,193,417,"Et quand, en même temps que la sottise du projet, on lui en démontrait l' inutilité, il se contentait de répondre:« Si la chose est faisable, il est bon que ce soit un Anglais qui le premier l' ait faite!",il,contentait,se,cinq jours après son départ,1872-10-07-00,cinq jours après son départ,1872-10-12-03-00,precedent_context,commencèrent,1872-10-07-00,1872-10-12-03,temps_different
1225,5 || 193 || 417 || il || répondre || _,5,193,417,"Et quand, en même temps que la sottise du projet, on lui en démontrait l' inutilité, il se contentait de répondre:« Si la chose est faisable, il est bon que ce soit un Anglais qui le premier l' ait faite!",il,répondre,,cinq jours après son départ,1872-10-07-00,cinq jours après son départ,1872-10-12-03-00,precedent_context,commencèrent,1872-10-07-00,1872-10-12-03,temps_different
1226,5 || 193 || 417 || qui le premier || faite || l',5,193,417,"Et quand, en même temps que la sottise du projet, on lui en démontrait l' inutilité, il se contentait de répondre:« Si la chose est faisable, il est bon que ce soit un Anglais qui le premier l' ait faite!",qui le premier,faite,l',cinq jours après son départ,1872-10-07-00,cinq jours après son départ,1872-10-12-03-00,precedent_context,commencèrent,1872-10-07-00,1872-10-12-03,temps_different
1227,5 || 194 || 419 || on || était || en,5,194,419,"Or, on en était là, les partisans de Phileas Fogg se raréfiaient de plus en plus; tout le monde, et non sans raison, se mettait contre lui; on ne le prenait plus qu' à cent cinquante, à deux cents contre un, quand, sept jours après son départ, un incident, complètement inattendu, fit qu' on ne le prit plus du tout.",on,était,en,cinq jours après son départ,1872-10-07-00,cinq jours après son départ,1872-10-12-03-00,precedent_context,commencèrent,1872-10-07-00,1872-10-12-03,temps_different
1228,5 || 194 || 419 || on || était || là,5,194,419,"Or, on en était là, les partisans de Phileas Fogg se raréfiaient de plus en plus; tout le monde, et non sans raison, se mettait contre lui; on ne le prenait plus qu' à cent cinquante, à deux cents contre un, quand, sept jours après son départ, un incident, complètement inattendu, fit qu' on ne le prit plus du tout.",on,était,là,cinq jours après son départ,1872-10-07-00,cinq jours après son départ,1872-10-12-03-00,precedent_context,commencèrent,1872-10-07-00,1872-10-12-03,temps_different
1229,5 || 194 || 419 || les partisans de phileas fogg || raréfiaient || se,5,194,419,"Or, on en était là, les partisans de Phileas Fogg se raréfiaient de plus en plus; tout le monde, et non sans raison, se mettait contre lui; on ne le prenait plus qu' à cent cinquante, à deux cents contre un, quand, sept jours après son départ, un incident, complètement inattendu, fit qu' on ne le prit plus du tout.",les partisans de Phileas Fogg,raréfiaient,se,cinq jours après son départ,1872-10-07-00,cinq jours après son départ,1872-10-12-03-00,precedent_context,commencèrent,1872-10-07-00,1872-10-12-03,temps_different
1230,5 || 194 || 419 || _ || mettait || tout le monde et non sans raison,5,194,419,"Or, on en était là, les partisans de Phileas Fogg se raréfiaient de plus en plus; tout le monde, et non sans raison, se mettait contre lui; on ne le prenait plus qu' à cent cinquante, à deux cents contre un, quand, sept jours après son départ, un incident, complètement inattendu, fit qu' on ne le prit plus du tout.",,mettait,tout le monde et non sans raison,cinq jours après son départ,1872-10-07-00,cinq jours après son départ,1872-10-12-03-00,precedent_context,commencèrent,1872-10-07-00,1872-10-12-03,temps_different
1231,5 || 194 || 419 || _ || mettait || se,5,194,419,"Or, on en était là, les partisans de Phileas Fogg se raréfiaient de plus en plus; tout le monde, et non sans raison, se mettait contre lui; on ne le prenait plus qu' à cent cinquante, à deux cents contre un, quand, sept jours après son départ, un incident, complètement inattendu, fit qu' on ne le prit plus du tout.",,mettait,se,cinq jours après son départ,1872-10-07-00,cinq jours après son départ,1872-10-12-03-00,precedent_context,commencèrent,1872-10-07-00,1872-10-12-03,temps_different
1232,5 || 194 || 419 || _ || mettait || contre lui,5,194,419,"Or, on en était là, les partisans de Phileas Fogg se raréfiaient de plus en plus; tout le monde, et non sans raison, se mettait contre lui; on ne le prenait plus qu' à cent cinquante, à deux cents contre un, quand, sept jours après son départ, un incident, complètement inattendu, fit qu' on ne le prit plus du tout.",,mettait,contre lui,cinq jours après son départ,1872-10-07-00,cinq jours après son départ,1872-10-12-03-00,precedent_context,commencèrent,1872-10-07-00,1872-10-12-03,temps_different
1233,5 || 194 || 419 || on || prenait || le,5,194,419,"Or, on en était là, les partisans de Phileas Fogg se raréfiaient de plus en plus; tout le monde, et non sans raison, se mettait contre lui; on ne le prenait plus qu' à cent cinquante, à deux cents contre un, quand, sept jours après son départ, un incident, complètement inattendu, fit qu' on ne le prit plus du tout.",on,prenait,le,cinq jours après son départ,1872-10-07-00,cinq jours après son départ,1872-10-12-03-00,precedent_context,commencèrent,1872-10-07-00,1872-10-12-03,temps_different
1234,5 || 194 || 419 || on || prenait || qu'à cent cinquante,5,194,419,"Or, on en était là, les partisans de Phileas Fogg se raréfiaient de plus en plus; tout le monde, et non sans raison, se mettait contre lui; on ne le prenait plus qu' à cent cinquante, à deux cents contre un, quand, sept jours après son départ, un incident, complètement inattendu, fit qu' on ne le prit plus du tout.",on,prenait,qu'à cent cinquante,cinq jours après son départ,1872-10-07-00,cinq jours après son départ,1872-10-12-03-00,precedent_context,commencèrent,1872-10-07-00,1872-10-12-03,temps_different
1235,5 || 194 || 419 || on || prenait || à deux cents contre un,5,194,419,"Or, on en était là, les partisans de Phileas Fogg se raréfiaient de plus en plus; tout le monde, et non sans raison, se mettait contre lui; on ne le prenait plus qu' à cent cinquante, à deux cents contre un, quand, sept jours après son départ, un incident, complètement inattendu, fit qu' on ne le prit plus du tout.",on,prenait,à deux cents contre un,cinq jours après son départ,1872-10-07-00,cinq jours après son départ,1872-10-12-03-00,precedent_context,commencèrent,1872-10-07-00,1872-10-12-03,temps_different
1236,5 || 194 || 419 || un incident complètement inattendu || fit || sept jours après son départ,5,194,419,"Or, on en était là, les partisans de Phileas Fogg se raréfiaient de plus en plus; tout le monde, et non sans raison, se mettait contre lui; on ne le prenait plus qu' à cent cinquante, à deux cents contre un, quand, sept jours après son départ, un incident, complètement inattendu, fit qu' on ne le prit plus du tout.",un incident complètement inattendu,fit,sept jours après son départ,cinq jours après son départ,1872-10-07-00,sept jours après,1872-10-19-03-00,objet,départ,1872-10-07-00,1872-10-19-03,temps_different
1237,5 || 194 || 419 || on || prit || le,5,194,419,"Or, on en était là, les partisans de Phileas Fogg se raréfiaient de plus en plus; tout le monde, et non sans raison, se mettait contre lui; on ne le prenait plus qu' à cent cinquante, à deux cents contre un, quand, sept jours après son départ, un incident, complètement inattendu, fit qu' on ne le prit plus du tout.",on,prit,le,cinq jours après son départ,1872-10-07-00,cinq jours après son départ,1872-10-12-03-00,precedent_context,commencèrent,1872-10-07-00,1872-10-12-03,temps_different
1238,5 || 194 || 419 || on || prit || du tout,5,194,419,"Or, on en était là, les partisans de Phileas Fogg se raréfiaient de plus en plus; tout le monde, et non sans raison, se mettait contre lui; on ne le prenait plus qu' à cent cinquante, à deux cents contre un, quand, sept jours après son départ, un incident, complètement inattendu, fit qu' on ne le prit plus du tout.",on,prit,du tout,cinq jours après son départ,1872-10-07-00,cinq jours après son départ,1872-10-12-03-00,precedent_context,commencèrent,1872-10-07-00,1872-10-12-03,temps_different
1239,5 || 195 || 420 || le directeur de la police métropolitaine || reçu || en effet,5,195,420,"En effet, pendant cette journée, à neuf heures du soir, le directeur de la police métropolitaine avait reçu une dépêche télégraphique ainsi conçue:",le directeur de la police métropolitaine,reçu,En effet,pendant cette journée,1872-10-09-21,à neuf heures du soir,1872-10-19-21-00,ud_direct,reçu,1872-10-09-21,1872-10-19-21,temps_different
1240,5 || 195 || 420 || le directeur de la police métropolitaine || reçu || pendant cette journée,5,195,420,"En effet, pendant cette journée, à neuf heures du soir, le directeur de la police métropolitaine avait reçu une dépêche télégraphique ainsi conçue:",le directeur de la police métropolitaine,reçu,pendant cette journée,pendant cette journée,1872-10-09-21,pendant cette journée,1872-10-19-03-00,objet,reçu,1872-10-09-21,1872-10-19-03,temps_different
1241,5 || 195 || 420 || le directeur de la police métropolitaine || reçu || à neuf heures du soir,5,195,420,"En effet, pendant cette journée, à neuf heures du soir, le directeur de la police métropolitaine avait reçu une dépêche télégraphique ainsi conçue:",le directeur de la police métropolitaine,reçu,à neuf heures du soir,à neuf heures du soir,1872-10-09-21,à neuf heures du soir,1872-10-19-21-00,objet,reçu,1872-10-09-21,1872-10-19-21,temps_different
1242,5 || 195 || 420 || le directeur de la police métropolitaine || reçu || une dépêche télégraphique,5,195,420,"En effet, pendant cette journée, à neuf heures du soir, le directeur de la police métropolitaine avait reçu une dépêche télégraphique ainsi conçue:",le directeur de la police métropolitaine,reçu,une dépêche télégraphique,pendant cette journée,1872-10-09-21,à neuf heures du soir,1872-10-19-21-00,ud_direct,reçu,1872-10-09-21,1872-10-19-21,temps_different
1243,5 || 195 || 420 || _ || conçue || _,5,195,420,"En effet, pendant cette journée, à neuf heures du soir, le directeur de la police métropolitaine avait reçu une dépêche télégraphique ainsi conçue:",,conçue,,pendant cette journée,1872-10-09-21,à neuf heures du soir,1872-10-19-21-00,ud_scope_anchor,reçu,1872-10-09-21,1872-10-19-21,temps_different
1244,5 || 198 || 423 || je || file || voleur de banque,5,198,423,"«Je file voleur de Banque, Phileas Fogg.",Je,file,voleur de Banque,pendant cette journée,1872-10-09-21,à neuf heures du soir,1872-10-19-21-00,precedent_context,reçu,1872-10-09-21,1872-10-19-21,temps_different
1245,5 || 198 || 423 || je || file || phileas fogg,5,198,423,"«Je file voleur de Banque, Phileas Fogg.",Je,file,Phileas Fogg,pendant cette journée,1872-10-09-21,à neuf heures du soir,1872-10-19-21-00,precedent_context,reçu,1872-10-09-21,1872-10-19-21,temps_different
1246,5 || 198 || 424 || _ || envoyez || sans retard,5,198,424,Envoyez sans retard mandat d' arrestation à Bombay( Inde anglaise).,,Envoyez,sans retard,pendant cette journée,1872-10-09-21,à neuf heures du soir,1872-10-19-21-00,precedent_context,reçu,1872-10-09-21,1872-10-19-21,temps_different
1247,5 || 198 || 424 || _ || envoyez || mandat d'arrestation,5,198,424,Envoyez sans retard mandat d' arrestation à Bombay( Inde anglaise).,,Envoyez,mandat d'arrestation,pendant cette journée,1872-10-09-21,à neuf heures du soir,1872-10-19-21-00,precedent_context,reçu,1872-10-09-21,1872-10-19-21,temps_different
1248,5 || 198 || 424 || _ || envoyez || à bombay inde anglaise,5,198,424,Envoyez sans retard mandat d' arrestation à Bombay( Inde anglaise).,,Envoyez,à Bombay Inde anglaise,pendant cette journée,1872-10-09-21,à neuf heures du soir,1872-10-19-21-00,precedent_context,reçu,1872-10-09-21,1872-10-19-21,temps_different
1249,5 || 200 || 427 || l'honorable gentleman || disparut || _,5,200,427,L' honorable gentleman disparut pour faire place au voleur de bank - notes.,L'honorable gentleman,disparut,,pendant cette journée,1872-10-09-21,à neuf heures du soir,1872-10-19-21-00,precedent_context,reçu,1872-10-09-21,1872-10-19-21,temps_different
1250,5 || 200 || 427 || l'honorable gentleman || faire || place,5,200,427,L' honorable gentleman disparut pour faire place au voleur de bank - notes.,L'honorable gentleman,faire,place,pendant cette journée,1872-10-09-21,à neuf heures du soir,1872-10-19-21-00,precedent_context,reçu,1872-10-09-21,1872-10-19-21,temps_different
1251,5 || 200 || 427 || l'honorable gentleman || faire || au voleur de bank-notes,5,200,427,L' honorable gentleman disparut pour faire place au voleur de bank - notes.,L'honorable gentleman,faire,au voleur de bank-notes,pendant cette journée,1872-10-09-21,à neuf heures du soir,1872-10-19-21-00,precedent_context,reçu,1872-10-09-21,1872-10-19-21,temps_different
1252,5 || 200 || 428 || _ || déposée || au reform-club,5,200,428,"Sa photographie, déposée au Reform - Club avec celles de tous ses collègues, fut examinée.",,déposée,au Reform-Club,pendant cette journée,1872-10-09-21,à neuf heures du soir,1872-10-19-21-00,precedent_context,reçu,1872-10-09-21,1872-10-19-21,temps_different
1253,5 || 200 || 428 || _ || déposée || reform-club,5,200,428,"Sa photographie, déposée au Reform - Club avec celles de tous ses collègues, fut examinée.",,déposée,Reform-Club,pendant cette journée,1872-10-09-21,à neuf heures du soir,1872-10-19-21-00,precedent_context,reçu,1872-10-09-21,1872-10-19-21,temps_different
1254,5 || 200 || 428 || _ || déposée || avec celles de tous ses collègues,5,200,428,"Sa photographie, déposée au Reform - Club avec celles de tous ses collègues, fut examinée.",,déposée,avec celles de tous ses collègues,pendant cette journée,1872-10-09-21,à neuf heures du soir,1872-10-19-21-00,precedent_context,reçu,1872-10-09-21,1872-10-19-21,temps_different
1255,5 || 200 || 428 || sa photographie || examinée || _,5,200,428,"Sa photographie, déposée au Reform - Club avec celles de tous ses collègues, fut examinée.",Sa photographie,examinée,,pendant cette journée,1872-10-09-21,à neuf heures du soir,1872-10-19-21-00,precedent_context,reçu,1872-10-09-21,1872-10-19-21,temps_different
1256,5 || 200 || 429 || elle || reproduisait || trait pour trait,5,200,429,Elle reproduisait trait pour trait l' homme dont le signalement avait été fourni par l' enquête.,Elle,reproduisait,trait pour trait,pendant cette journée,1872-10-09-21,à neuf heures du soir,1872-10-19-21-00,precedent_context,reçu,1872-10-09-21,1872-10-19-21,temps_different
1257,5 || 200 || 429 || elle || reproduisait || l'homme,5,200,429,Elle reproduisait trait pour trait l' homme dont le signalement avait été fourni par l' enquête.,Elle,reproduisait,l'homme,pendant cette journée,1872-10-09-21,à neuf heures du soir,1872-10-19-21-00,precedent_context,reçu,1872-10-09-21,1872-10-19-21,temps_different
1258,5 || 200 || 429 || dont le signalement || fourni || par l'enquête,5,200,429,Elle reproduisait trait pour trait l' homme dont le signalement avait été fourni par l' enquête.,dont le signalement,fourni,par l'enquête,pendant cette journée,1872-10-09-21,à neuf heures du soir,1872-10-19-21-00,precedent_context,reçu,1872-10-09-21,1872-10-19-21,temps_different
1259,5 || 200 || 430 || on || rappela || ce,5,200,430,"On rappela ce que l' existence de Phileas Fogg avait de mystérieux, son isolement, son départ subit, et il parut évident que ce personnage, prétextant un voyage autour du monde et l' appuyant sur un pari insensé, n' avait eu d' autre but que de dépister les agents de la police anglaise.",On,rappela,ce,pendant cette journée,1872-10-09-21,à neuf heures du soir,1872-10-19-21-00,precedent_context,reçu,1872-10-09-21,1872-10-19-21,temps_different
1260,5 || 200 || 430 || on || rappela || son isolement son départ,5,200,430,"On rappela ce que l' existence de Phileas Fogg avait de mystérieux, son isolement, son départ subit, et il parut évident que ce personnage, prétextant un voyage autour du monde et l' appuyant sur un pari insensé, n' avait eu d' autre but que de dépister les agents de la police anglaise.",On,rappela,son isolement son départ,pendant cette journée,1872-10-09-21,à neuf heures du soir,1872-10-19-21-00,precedent_context,reçu,1872-10-09-21,1872-10-19-21,temps_different
1261,5 || 200 || 430 || l'existence de phileas fogg || avait || que,5,200,430,"On rappela ce que l' existence de Phileas Fogg avait de mystérieux, son isolement, son départ subit, et il parut évident que ce personnage, prétextant un voyage autour du monde et l' appuyant sur un pari insensé, n' avait eu d' autre but que de dépister les agents de la police anglaise.",l'existence de Phileas Fogg,avait,que,pendant cette journée,1872-10-09-21,à neuf heures du soir,1872-10-19-21-00,precedent_context,reçu,1872-10-09-21,1872-10-19-21,temps_different
1262,5 || 200 || 430 || _ || subit || _,5,200,430,"On rappela ce que l' existence de Phileas Fogg avait de mystérieux, son isolement, son départ subit, et il parut évident que ce personnage, prétextant un voyage autour du monde et l' appuyant sur un pari insensé, n' avait eu d' autre but que de dépister les agents de la police anglaise.",,subit,,pendant cette journée,1872-10-09-21,à neuf heures du soir,1872-10-19-21-00,precedent_context,reçu,1872-10-09-21,1872-10-19-21,temps_different
1263,5 || 200 || 430 || on || parut || _,5,200,430,"On rappela ce que l' existence de Phileas Fogg avait de mystérieux, son isolement, son départ subit, et il parut évident que ce personnage, prétextant un voyage autour du monde et l' appuyant sur un pari insensé, n' avait eu d' autre but que de dépister les agents de la police anglaise.",On,parut,,pendant cette journée,1872-10-09-21,à neuf heures du soir,1872-10-19-21-00,precedent_context,reçu,1872-10-09-21,1872-10-19-21,temps_different
1264,5 || 200 || 430 || _ || prétextant || un voyage,5,200,430,"On rappela ce que l' existence de Phileas Fogg avait de mystérieux, son isolement, son départ subit, et il parut évident que ce personnage, prétextant un voyage autour du monde et l' appuyant sur un pari insensé, n' avait eu d' autre but que de dépister les agents de la police anglaise.",,prétextant,un voyage,pendant cette journée,1872-10-09-21,à neuf heures du soir,1872-10-19-21-00,precedent_context,reçu,1872-10-09-21,1872-10-19-21,temps_different
1265,5 || 200 || 430 || _ || appuyant || l',5,200,430,"On rappela ce que l' existence de Phileas Fogg avait de mystérieux, son isolement, son départ subit, et il parut évident que ce personnage, prétextant un voyage autour du monde et l' appuyant sur un pari insensé, n' avait eu d' autre but que de dépister les agents de la police anglaise.",,appuyant,l',pendant cette journée,1872-10-09-21,à neuf heures du soir,1872-10-19-21-00,precedent_context,reçu,1872-10-09-21,1872-10-19-21,temps_different
1266,5 || 200 || 430 || _ || appuyant || sur un pari insensé,5,200,430,"On rappela ce que l' existence de Phileas Fogg avait de mystérieux, son isolement, son départ subit, et il parut évident que ce personnage, prétextant un voyage autour du monde et l' appuyant sur un pari insensé, n' avait eu d' autre but que de dépister les agents de la police anglaise.",,appuyant,sur un pari insensé,pendant cette journée,1872-10-09-21,à neuf heures du soir,1872-10-19-21-00,precedent_context,reçu,1872-10-09-21,1872-10-19-21,temps_different
1267,5 || 200 || 430 || ce personnage || eu || d'autre but,5,200,430,"On rappela ce que l' existence de Phileas Fogg avait de mystérieux, son isolement, son départ subit, et il parut évident que ce personnage, prétextant un voyage autour du monde et l' appuyant sur un pari insensé, n' avait eu d' autre but que de dépister les agents de la police anglaise.",ce personnage,eu,d'autre but,pendant cette journée,1872-10-09-21,à neuf heures du soir,1872-10-19-21-00,precedent_context,reçu,1872-10-09-21,1872-10-19-21,temps_different
1268,5 || 200 || 430 || _ || dépister || les agents de la police anglaise,5,200,430,"On rappela ce que l' existence de Phileas Fogg avait de mystérieux, son isolement, son départ subit, et il parut évident que ce personnage, prétextant un voyage autour du monde et l' appuyant sur un pari insensé, n' avait eu d' autre but que de dépister les agents de la police anglaise.",,dépister,les agents de la police anglaise,pendant cette journée,1872-10-09-21,à neuf heures du soir,1872-10-19-21-00,precedent_context,reçu,1872-10-09-21,1872-10-19-21,temps_different
